The following modules were not unloaded:
  (Use "module --force purge" to unload all):

  1) ModuleLabel/label   2) lumi-tools/26.05   3) init-lumi/0.2

The following sticky modules could not be reloaded:

  1) lumi-tools
2026-06-07 18:11:58,967 INFO experiment.runner | [MBPB__baseline__25__s0] starting on host=nid005043 pid=67471
2026-06-07 18:12:02,508 INFO data.expansionrx | ExpansionRx loaded: train=5326, test=2282
[18:12:02] DEPRECATION WARNING: please use MorganGenerator
[18:12:02] DEPRECATION WARNING: please use MorganGenerator
[18:12:02] DEPRECATION WARNING: please use MorganGenerator
[18:12:02] DEPRECATION WARNING: please use MorganGenerator
[18:12:02] DEPRECATION WARNING: please use MorganGenerator
[18:12:02] DEPRECATION WARNING: please use MorganGenerator
[18:12:02] DEPRECATION WARNING: please use MorganGenerator
[18:12:02] DEPRECATION WARNING: please use MorganGenerator
[18:12:02] DEPRECATION WARNING: please use MorganGenerator
[18:12:02] DEPRECATION WARNING: please use MorganGenerator
[18:12:02] DEPRECATION WARNING: please use MorganGenerator
[18:12:02] DEPRECATION WARNING: please use MorganGenerator
[18:12:02] DEPRECATION WARNING: please use MorganGenerator
[18:12:02] DEPRECATION WARNING: please use MorganGenerator
[18:12:02] DEPRECATION WARNING: please use MorganGenerator
[18:12:02] DEPRECATION WARNING: please use MorganGenerator
[18:12:02] DEPRECATION WARNING: please use MorganGenerator
[18:12:02] DEPRECATION WARNING: please use MorganGenerator
[18:12:02] DEPRECATION WARNING: please use MorganGenerator
[18:12:02] DEPRECATION WARNING: please use MorganGenerator
[18:12:02] DEPRECATION WARNING: please use MorganGenerator
[18:12:02] DEPRECATION WARNING: please use MorganGenerator
[18:12:02] DEPRECATION WARNING: please use MorganGenerator
[18:12:02] DEPRECATION WARNING: please use MorganGenerator
[18:12:02] DEPRECATION WARNING: please use MorganGenerator
[18:12:03] DEPRECATION WARNING: please use MorganGenerator
[18:12:03] DEPRECATION WARNING: please use MorganGenerator
[18:12:03] DEPRECATION WARNING: please use MorganGenerator
[18:12:03] DEPRECATION WARNING: please use MorganGenerator
[18:12:03] DEPRECATION WARNING: please use MorganGenerator
[18:12:03] DEPRECATION WARNING: please use MorganGenerator
[18:12:03] DEPRECATION WARNING: please use MorganGenerator
[18:12:03] DEPRECATION WARNING: please use MorganGenerator
[18:12:03] DEPRECATION WARNING: please use MorganGenerator
[18:12:03] DEPRECATION WARNING: please use MorganGenerator
[18:12:03] DEPRECATION WARNING: please use MorganGenerator
[18:12:03] DEPRECATION WARNING: please use MorganGenerator
[18:12:03] DEPRECATION WARNING: please use MorganGenerator
[18:12:03] DEPRECATION WARNING: please use MorganGenerator
[18:12:03] DEPRECATION WARNING: please use MorganGenerator
[18:12:03] DEPRECATION WARNING: please use MorganGenerator
[18:12:03] DEPRECATION WARNING: please use MorganGenerator
[18:12:03] DEPRECATION WARNING: please use MorganGenerator
[18:12:03] DEPRECATION WARNING: please use MorganGenerator
[18:12:03] DEPRECATION WARNING: please use MorganGenerator
[18:12:03] DEPRECATION WARNING: please use MorganGenerator
[18:12:03] DEPRECATION WARNING: please use MorganGenerator
[18:12:03] DEPRECATION WARNING: please use MorganGenerator
[18:12:03] DEPRECATION WARNING: please use MorganGenerator
[18:12:03] DEPRECATION WARNING: please use MorganGenerator
[18:12:03] DEPRECATION WARNING: please use MorganGenerator
[18:12:03] DEPRECATION WARNING: please use MorganGenerator
[18:12:03] DEPRECATION WARNING: please use MorganGenerator
[18:12:03] DEPRECATION WARNING: please use MorganGenerator
[18:12:03] DEPRECATION WARNING: please use MorganGenerator
[18:12:03] DEPRECATION WARNING: please use MorganGenerator
[18:12:03] DEPRECATION WARNING: please use MorganGenerator
[18:12:03] DEPRECATION WARNING: please use MorganGenerator
[18:12:03] DEPRECATION WARNING: please use MorganGenerator
[18:12:03] DEPRECATION WARNING: please use MorganGenerator
[18:12:03] DEPRECATION WARNING: please use MorganGenerator
[18:12:03] DEPRECATION WARNING: please use MorganGenerator
[18:12:03] DEPRECATION WARNING: please use MorganGenerator
[18:12:03] DEPRECATION WARNING: please use MorganGenerator
[18:12:03] DEPRECATION WARNING: please use MorganGenerator
[18:12:03] DEPRECATION WARNING: please use MorganGenerator
[18:12:03] DEPRECATION WARNING: please use MorganGenerator
[18:12:03] DEPRECATION WARNING: please use MorganGenerator
[18:12:03] DEPRECATION WARNING: please use MorganGenerator
[18:12:03] DEPRECATION WARNING: please use MorganGenerator
[18:12:03] DEPRECATION WARNING: please use MorganGenerator
[18:12:03] DEPRECATION WARNING: please use MorganGenerator
[18:12:03] DEPRECATION WARNING: please use MorganGenerator
[18:12:03] DEPRECATION WARNING: please use MorganGenerator
[18:12:03] DEPRECATION WARNING: please use MorganGenerator
[18:12:03] DEPRECATION WARNING: please use MorganGenerator
[18:12:03] DEPRECATION WARNING: please use MorganGenerator
[18:12:03] DEPRECATION WARNING: please use MorganGenerator
[18:12:03] DEPRECATION WARNING: please use MorganGenerator
[18:12:03] DEPRECATION WARNING: please use MorganGenerator
[18:12:03] DEPRECATION WARNING: please use MorganGenerator
[18:12:03] DEPRECATION WARNING: please use MorganGenerator
[18:12:03] DEPRECATION WARNING: please use MorganGenerator
[18:12:03] DEPRECATION WARNING: please use MorganGenerator
[18:12:03] DEPRECATION WARNING: please use MorganGenerator
[18:12:03] DEPRECATION WARNING: please use MorganGenerator
[18:12:03] DEPRECATION WARNING: please use MorganGenerator
[18:12:03] DEPRECATION WARNING: please use MorganGenerator
[18:12:03] DEPRECATION WARNING: please use MorganGenerator
[18:12:03] DEPRECATION WARNING: please use MorganGenerator
[18:12:03] DEPRECATION WARNING: please use MorganGenerator
[18:12:03] DEPRECATION WARNING: please use MorganGenerator
[18:12:03] DEPRECATION WARNING: please use MorganGenerator
[18:12:03] DEPRECATION WARNING: please use MorganGenerator
[18:12:03] DEPRECATION WARNING: please use MorganGenerator
[18:12:03] DEPRECATION WARNING: please use MorganGenerator
[18:12:03] DEPRECATION WARNING: please use MorganGenerator
[18:12:03] DEPRECATION WARNING: please use MorganGenerator
[18:12:03] DEPRECATION WARNING: please use MorganGenerator
[18:12:03] DEPRECATION WARNING: please use MorganGenerator
[18:12:03] DEPRECATION WARNING: please use MorganGenerator
[18:12:03] DEPRECATION WARNING: please use MorganGenerator
[18:12:03] DEPRECATION WARNING: please use MorganGenerator
[18:12:03] DEPRECATION WARNING: please use MorganGenerator
[18:12:03] DEPRECATION WARNING: please use MorganGenerator
[18:12:03] DEPRECATION WARNING: please use MorganGenerator
[18:12:03] DEPRECATION WARNING: please use MorganGenerator
[18:12:03] DEPRECATION WARNING: please use MorganGenerator
[18:12:03] DEPRECATION WARNING: please use MorganGenerator
[18:12:03] DEPRECATION WARNING: please use MorganGenerator
[18:12:03] DEPRECATION WARNING: please use MorganGenerator
[18:12:03] DEPRECATION WARNING: please use MorganGenerator
[18:12:03] DEPRECATION WARNING: please use MorganGenerator
[18:12:03] DEPRECATION WARNING: please use MorganGenerator
[18:12:03] DEPRECATION WARNING: please use MorganGenerator
[18:12:03] DEPRECATION WARNING: please use MorganGenerator
[18:12:03] DEPRECATION WARNING: please use MorganGenerator
[18:12:03] DEPRECATION WARNING: please use MorganGenerator
[18:12:03] DEPRECATION WARNING: please use MorganGenerator
[18:12:03] DEPRECATION WARNING: please use MorganGenerator
[18:12:03] DEPRECATION WARNING: please use MorganGenerator
[18:12:03] DEPRECATION WARNING: please use MorganGenerator
[18:12:03] DEPRECATION WARNING: please use MorganGenerator
[18:12:03] DEPRECATION WARNING: please use MorganGenerator
[18:12:03] DEPRECATION WARNING: please use MorganGenerator
[18:12:03] DEPRECATION WARNING: please use MorganGenerator
[18:12:03] DEPRECATION WARNING: please use MorganGenerator
[18:12:03] DEPRECATION WARNING: please use MorganGenerator
[18:12:03] DEPRECATION WARNING: please use MorganGenerator
[18:12:03] DEPRECATION WARNING: please use MorganGenerator
[18:12:03] DEPRECATION WARNING: please use MorganGenerator
[18:12:03] DEPRECATION WARNING: please use MorganGenerator
[18:12:03] DEPRECATION WARNING: please use MorganGenerator
[18:12:03] DEPRECATION WARNING: please use MorganGenerator
[18:12:03] DEPRECATION WARNING: please use MorganGenerator
[18:12:03] DEPRECATION WARNING: please use MorganGenerator
[18:12:03] DEPRECATION WARNING: please use MorganGenerator
[18:12:03] DEPRECATION WARNING: please use MorganGenerator
[18:12:03] DEPRECATION WARNING: please use MorganGenerator
[18:12:03] DEPRECATION WARNING: please use MorganGenerator
[18:12:03] DEPRECATION WARNING: please use MorganGenerator
[18:12:03] DEPRECATION WARNING: please use MorganGenerator
[18:12:03] DEPRECATION WARNING: please use MorganGenerator
[18:12:03] DEPRECATION WARNING: please use MorganGenerator
[18:12:03] DEPRECATION WARNING: please use MorganGenerator
[18:12:03] DEPRECATION WARNING: please use MorganGenerator
[18:12:03] DEPRECATION WARNING: please use MorganGenerator
[18:12:03] DEPRECATION WARNING: please use MorganGenerator
[18:12:03] DEPRECATION WARNING: please use MorganGenerator
[18:12:03] DEPRECATION WARNING: please use MorganGenerator
[18:12:03] DEPRECATION WARNING: please use MorganGenerator
[18:12:03] DEPRECATION WARNING: please use MorganGenerator
[18:12:03] DEPRECATION WARNING: please use MorganGenerator
[18:12:03] DEPRECATION WARNING: please use MorganGenerator
[18:12:03] DEPRECATION WARNING: please use MorganGenerator
[18:12:03] DEPRECATION WARNING: please use MorganGenerator
[18:12:03] DEPRECATION WARNING: please use MorganGenerator
[18:12:03] DEPRECATION WARNING: please use MorganGenerator
[18:12:03] DEPRECATION WARNING: please use MorganGenerator
[18:12:03] DEPRECATION WARNING: please use MorganGenerator
[18:12:03] DEPRECATION WARNING: please use MorganGenerator
[18:12:03] DEPRECATION WARNING: please use MorganGenerator
[18:12:03] DEPRECATION WARNING: please use MorganGenerator
[18:12:03] DEPRECATION WARNING: please use MorganGenerator
[18:12:03] DEPRECATION WARNING: please use MorganGenerator
[18:12:03] DEPRECATION WARNING: please use MorganGenerator
[18:12:03] DEPRECATION WARNING: please use MorganGenerator
[18:12:03] DEPRECATION WARNING: please use MorganGenerator
[18:12:03] DEPRECATION WARNING: please use MorganGenerator
[18:12:03] DEPRECATION WARNING: please use MorganGenerator
[18:12:03] DEPRECATION WARNING: please use MorganGenerator
[18:12:03] DEPRECATION WARNING: please use MorganGenerator
[18:12:03] DEPRECATION WARNING: please use MorganGenerator
[18:12:03] DEPRECATION WARNING: please use MorganGenerator
[18:12:03] DEPRECATION WARNING: please use MorganGenerator
[18:12:03] DEPRECATION WARNING: please use MorganGenerator
[18:12:03] DEPRECATION WARNING: please use MorganGenerator
[18:12:03] DEPRECATION WARNING: please use MorganGenerator
[18:12:03] DEPRECATION WARNING: please use MorganGenerator
[18:12:03] DEPRECATION WARNING: please use MorganGenerator
[18:12:03] DEPRECATION WARNING: please use MorganGenerator
[18:12:03] DEPRECATION WARNING: please use MorganGenerator
[18:12:03] DEPRECATION WARNING: please use MorganGenerator
[18:12:03] DEPRECATION WARNING: please use MorganGenerator
[18:12:03] DEPRECATION WARNING: please use MorganGenerator
[18:12:03] DEPRECATION WARNING: please use MorganGenerator
[18:12:03] DEPRECATION WARNING: please use MorganGenerator
[18:12:03] DEPRECATION WARNING: please use MorganGenerator
[18:12:03] DEPRECATION WARNING: please use MorganGenerator
[18:12:03] DEPRECATION WARNING: please use MorganGenerator
[18:12:03] DEPRECATION WARNING: please use MorganGenerator
[18:12:03] DEPRECATION WARNING: please use MorganGenerator
[18:12:03] DEPRECATION WARNING: please use MorganGenerator
[18:12:03] DEPRECATION WARNING: please use MorganGenerator
[18:12:03] DEPRECATION WARNING: please use MorganGenerator
[18:12:03] DEPRECATION WARNING: please use MorganGenerator
[18:12:03] DEPRECATION WARNING: please use MorganGenerator
[18:12:03] DEPRECATION WARNING: please use MorganGenerator
[18:12:03] DEPRECATION WARNING: please use MorganGenerator
[18:12:03] DEPRECATION WARNING: please use MorganGenerator
[18:12:03] DEPRECATION WARNING: please use MorganGenerator
[18:12:03] DEPRECATION WARNING: please use MorganGenerator
[18:12:03] DEPRECATION WARNING: please use MorganGenerator
[18:12:03] DEPRECATION WARNING: please use MorganGenerator
[18:12:03] DEPRECATION WARNING: please use MorganGenerator
[18:12:03] DEPRECATION WARNING: please use MorganGenerator
[18:12:03] DEPRECATION WARNING: please use MorganGenerator
[18:12:03] DEPRECATION WARNING: please use MorganGenerator
[18:12:03] DEPRECATION WARNING: please use MorganGenerator
[18:12:03] DEPRECATION WARNING: please use MorganGenerator
[18:12:03] DEPRECATION WARNING: please use MorganGenerator
[18:12:03] DEPRECATION WARNING: please use MorganGenerator
[18:12:03] DEPRECATION WARNING: please use MorganGenerator
[18:12:03] DEPRECATION WARNING: please use MorganGenerator
[18:12:03] DEPRECATION WARNING: please use MorganGenerator
[18:12:03] DEPRECATION WARNING: please use MorganGenerator
[18:12:03] DEPRECATION WARNING: please use MorganGenerator
[18:12:03] DEPRECATION WARNING: please use MorganGenerator
[18:12:03] DEPRECATION WARNING: please use MorganGenerator
[18:12:03] DEPRECATION WARNING: please use MorganGenerator
[18:12:03] DEPRECATION WARNING: please use MorganGenerator
[18:12:03] DEPRECATION WARNING: please use MorganGenerator
[18:12:03] DEPRECATION WARNING: please use MorganGenerator
[18:12:03] DEPRECATION WARNING: please use MorganGenerator
[18:12:03] DEPRECATION WARNING: please use MorganGenerator
[18:12:03] DEPRECATION WARNING: please use MorganGenerator
[18:12:03] DEPRECATION WARNING: please use MorganGenerator
[18:12:03] DEPRECATION WARNING: please use MorganGenerator
[18:12:03] DEPRECATION WARNING: please use MorganGenerator
[18:12:03] DEPRECATION WARNING: please use MorganGenerator
[18:12:03] DEPRECATION WARNING: please use MorganGenerator
[18:12:03] DEPRECATION WARNING: please use MorganGenerator
[18:12:03] DEPRECATION WARNING: please use MorganGenerator
[18:12:03] DEPRECATION WARNING: please use MorganGenerator
[18:12:03] DEPRECATION WARNING: please use MorganGenerator
[18:12:03] DEPRECATION WARNING: please use MorganGenerator
[18:12:03] DEPRECATION WARNING: please use MorganGenerator
[18:12:03] DEPRECATION WARNING: please use MorganGenerator
[18:12:03] DEPRECATION WARNING: please use MorganGenerator
[18:12:03] DEPRECATION WARNING: please use MorganGenerator
[18:12:03] DEPRECATION WARNING: please use MorganGenerator
[18:12:03] DEPRECATION WARNING: please use MorganGenerator
[18:12:03] DEPRECATION WARNING: please use MorganGenerator
[18:12:03] DEPRECATION WARNING: please use MorganGenerator
[18:12:03] DEPRECATION WARNING: please use MorganGenerator
[18:12:03] DEPRECATION WARNING: please use MorganGenerator
[18:12:03] DEPRECATION WARNING: please use MorganGenerator
[18:12:03] DEPRECATION WARNING: please use MorganGenerator
[18:12:03] DEPRECATION WARNING: please use MorganGenerator
[18:12:03] DEPRECATION WARNING: please use MorganGenerator
[18:12:03] DEPRECATION WARNING: please use MorganGenerator
[18:12:03] DEPRECATION WARNING: please use MorganGenerator
[18:12:03] DEPRECATION WARNING: please use MorganGenerator
[18:12:03] DEPRECATION WARNING: please use MorganGenerator
[18:12:03] DEPRECATION WARNING: please use MorganGenerator
[18:12:03] DEPRECATION WARNING: please use MorganGenerator
[18:12:03] DEPRECATION WARNING: please use MorganGenerator
[18:12:03] DEPRECATION WARNING: please use MorganGenerator
[18:12:03] DEPRECATION WARNING: please use MorganGenerator
[18:12:03] DEPRECATION WARNING: please use MorganGenerator
[18:12:03] DEPRECATION WARNING: please use MorganGenerator
[18:12:03] DEPRECATION WARNING: please use MorganGenerator
[18:12:03] DEPRECATION WARNING: please use MorganGenerator
[18:12:03] DEPRECATION WARNING: please use MorganGenerator
[18:12:03] DEPRECATION WARNING: please use MorganGenerator
[18:12:03] DEPRECATION WARNING: please use MorganGenerator
[18:12:03] DEPRECATION WARNING: please use MorganGenerator
[18:12:03] DEPRECATION WARNING: please use MorganGenerator
[18:12:03] DEPRECATION WARNING: please use MorganGenerator
[18:12:03] DEPRECATION WARNING: please use MorganGenerator
[18:12:03] DEPRECATION WARNING: please use MorganGenerator
[18:12:03] DEPRECATION WARNING: please use MorganGenerator
[18:12:03] DEPRECATION WARNING: please use MorganGenerator
[18:12:03] DEPRECATION WARNING: please use MorganGenerator
[18:12:03] DEPRECATION WARNING: please use MorganGenerator
[18:12:03] DEPRECATION WARNING: please use MorganGenerator
[18:12:03] DEPRECATION WARNING: please use MorganGenerator
[18:12:03] DEPRECATION WARNING: please use MorganGenerator
[18:12:03] DEPRECATION WARNING: please use MorganGenerator
[18:12:03] DEPRECATION WARNING: please use MorganGenerator
[18:12:03] DEPRECATION WARNING: please use MorganGenerator
[18:12:03] DEPRECATION WARNING: please use MorganGenerator
[18:12:03] DEPRECATION WARNING: please use MorganGenerator
[18:12:03] DEPRECATION WARNING: please use MorganGenerator
[18:12:03] DEPRECATION WARNING: please use MorganGenerator
[18:12:03] DEPRECATION WARNING: please use MorganGenerator
[18:12:03] DEPRECATION WARNING: please use MorganGenerator
[18:12:03] DEPRECATION WARNING: please use MorganGenerator
[18:12:03] DEPRECATION WARNING: please use MorganGenerator
[18:12:03] DEPRECATION WARNING: please use MorganGenerator
[18:12:03] DEPRECATION WARNING: please use MorganGenerator
[18:12:03] DEPRECATION WARNING: please use MorganGenerator
[18:12:03] DEPRECATION WARNING: please use MorganGenerator
[18:12:03] DEPRECATION WARNING: please use MorganGenerator
[18:12:03] DEPRECATION WARNING: please use MorganGenerator
[18:12:03] DEPRECATION WARNING: please use MorganGenerator
[18:12:03] DEPRECATION WARNING: please use MorganGenerator
[18:12:03] DEPRECATION WARNING: please use MorganGenerator
[18:12:03] DEPRECATION WARNING: please use MorganGenerator
[18:12:03] DEPRECATION WARNING: please use MorganGenerator
[18:12:03] DEPRECATION WARNING: please use MorganGenerator
[18:12:03] DEPRECATION WARNING: please use MorganGenerator
[18:12:03] DEPRECATION WARNING: please use MorganGenerator
[18:12:03] DEPRECATION WARNING: please use MorganGenerator
[18:12:03] DEPRECATION WARNING: please use MorganGenerator
[18:12:03] DEPRECATION WARNING: please use MorganGenerator
[18:12:03] DEPRECATION WARNING: please use MorganGenerator
[18:12:03] DEPRECATION WARNING: please use MorganGenerator
[18:12:03] DEPRECATION WARNING: please use MorganGenerator
[18:12:03] DEPRECATION WARNING: please use MorganGenerator
[18:12:03] DEPRECATION WARNING: please use MorganGenerator
[18:12:03] DEPRECATION WARNING: please use MorganGenerator
[18:12:03] DEPRECATION WARNING: please use MorganGenerator
[18:12:03] DEPRECATION WARNING: please use MorganGenerator
[18:12:03] DEPRECATION WARNING: please use MorganGenerator
[18:12:03] DEPRECATION WARNING: please use MorganGenerator
[18:12:03] DEPRECATION WARNING: please use MorganGenerator
[18:12:03] DEPRECATION WARNING: please use MorganGenerator
[18:12:03] DEPRECATION WARNING: please use MorganGenerator
[18:12:03] DEPRECATION WARNING: please use MorganGenerator
[18:12:03] DEPRECATION WARNING: please use MorganGenerator
[18:12:03] DEPRECATION WARNING: please use MorganGenerator
[18:12:03] DEPRECATION WARNING: please use MorganGenerator
[18:12:03] DEPRECATION WARNING: please use MorganGenerator
[18:12:03] DEPRECATION WARNING: please use MorganGenerator
[18:12:03] DEPRECATION WARNING: please use MorganGenerator
[18:12:03] DEPRECATION WARNING: please use MorganGenerator
[18:12:03] DEPRECATION WARNING: please use MorganGenerator
[18:12:03] DEPRECATION WARNING: please use MorganGenerator
[18:12:03] DEPRECATION WARNING: please use MorganGenerator
[18:12:03] DEPRECATION WARNING: please use MorganGenerator
[18:12:03] DEPRECATION WARNING: please use MorganGenerator
[18:12:03] DEPRECATION WARNING: please use MorganGenerator
[18:12:03] DEPRECATION WARNING: please use MorganGenerator
[18:12:03] DEPRECATION WARNING: please use MorganGenerator
[18:12:03] DEPRECATION WARNING: please use MorganGenerator
[18:12:03] DEPRECATION WARNING: please use MorganGenerator
[18:12:03] DEPRECATION WARNING: please use MorganGenerator
[18:12:03] DEPRECATION WARNING: please use MorganGenerator
[18:12:03] DEPRECATION WARNING: please use MorganGenerator
[18:12:03] DEPRECATION WARNING: please use MorganGenerator
[18:12:03] DEPRECATION WARNING: please use MorganGenerator
[18:12:03] DEPRECATION WARNING: please use MorganGenerator
[18:12:03] DEPRECATION WARNING: please use MorganGenerator
[18:12:03] DEPRECATION WARNING: please use MorganGenerator
[18:12:03] DEPRECATION WARNING: please use MorganGenerator
[18:12:03] DEPRECATION WARNING: please use MorganGenerator
[18:12:03] DEPRECATION WARNING: please use MorganGenerator
[18:12:03] DEPRECATION WARNING: please use MorganGenerator
[18:12:03] DEPRECATION WARNING: please use MorganGenerator
[18:12:03] DEPRECATION WARNING: please use MorganGenerator
[18:12:03] DEPRECATION WARNING: please use MorganGenerator
[18:12:03] DEPRECATION WARNING: please use MorganGenerator
[18:12:03] DEPRECATION WARNING: please use MorganGenerator
[18:12:03] DEPRECATION WARNING: please use MorganGenerator
[18:12:03] DEPRECATION WARNING: please use MorganGenerator
[18:12:03] DEPRECATION WARNING: please use MorganGenerator
[18:12:03] DEPRECATION WARNING: please use MorganGenerator
[18:12:03] DEPRECATION WARNING: please use MorganGenerator
[18:12:03] DEPRECATION WARNING: please use MorganGenerator
[18:12:03] DEPRECATION WARNING: please use MorganGenerator
[18:12:03] DEPRECATION WARNING: please use MorganGenerator
[18:12:03] DEPRECATION WARNING: please use MorganGenerator
[18:12:03] DEPRECATION WARNING: please use MorganGenerator
[18:12:03] DEPRECATION WARNING: please use MorganGenerator
[18:12:03] DEPRECATION WARNING: please use MorganGenerator
[18:12:03] DEPRECATION WARNING: please use MorganGenerator
[18:12:03] DEPRECATION WARNING: please use MorganGenerator
[18:12:03] DEPRECATION WARNING: please use MorganGenerator
[18:12:03] DEPRECATION WARNING: please use MorganGenerator
[18:12:03] DEPRECATION WARNING: please use MorganGenerator
[18:12:03] DEPRECATION WARNING: please use MorganGenerator
[18:12:03] DEPRECATION WARNING: please use MorganGenerator
[18:12:03] DEPRECATION WARNING: please use MorganGenerator
[18:12:03] DEPRECATION WARNING: please use MorganGenerator
[18:12:03] DEPRECATION WARNING: please use MorganGenerator
[18:12:03] DEPRECATION WARNING: please use MorganGenerator
[18:12:03] DEPRECATION WARNING: please use MorganGenerator
[18:12:03] DEPRECATION WARNING: please use MorganGenerator
[18:12:03] DEPRECATION WARNING: please use MorganGenerator
[18:12:03] DEPRECATION WARNING: please use MorganGenerator
[18:12:03] DEPRECATION WARNING: please use MorganGenerator
[18:12:03] DEPRECATION WARNING: please use MorganGenerator
[18:12:03] DEPRECATION WARNING: please use MorganGenerator
[18:12:03] DEPRECATION WARNING: please use MorganGenerator
[18:12:03] DEPRECATION WARNING: please use MorganGenerator
[18:12:03] DEPRECATION WARNING: please use MorganGenerator
[18:12:03] DEPRECATION WARNING: please use MorganGenerator
[18:12:03] DEPRECATION WARNING: please use MorganGenerator
[18:12:03] DEPRECATION WARNING: please use MorganGenerator
[18:12:03] DEPRECATION WARNING: please use MorganGenerator
[18:12:03] DEPRECATION WARNING: please use MorganGenerator
[18:12:03] DEPRECATION WARNING: please use MorganGenerator
[18:12:03] DEPRECATION WARNING: please use MorganGenerator
[18:12:03] DEPRECATION WARNING: please use MorganGenerator
[18:12:03] DEPRECATION WARNING: please use MorganGenerator
[18:12:03] DEPRECATION WARNING: please use MorganGenerator
[18:12:03] DEPRECATION WARNING: please use MorganGenerator
[18:12:03] DEPRECATION WARNING: please use MorganGenerator
[18:12:03] DEPRECATION WARNING: please use MorganGenerator
[18:12:03] DEPRECATION WARNING: please use MorganGenerator
[18:12:03] DEPRECATION WARNING: please use MorganGenerator
[18:12:03] DEPRECATION WARNING: please use MorganGenerator
[18:12:03] DEPRECATION WARNING: please use MorganGenerator
[18:12:03] DEPRECATION WARNING: please use MorganGenerator
[18:12:03] DEPRECATION WARNING: please use MorganGenerator
[18:12:03] DEPRECATION WARNING: please use MorganGenerator
[18:12:03] DEPRECATION WARNING: please use MorganGenerator
[18:12:03] DEPRECATION WARNING: please use MorganGenerator
[18:12:03] DEPRECATION WARNING: please use MorganGenerator
[18:12:03] DEPRECATION WARNING: please use MorganGenerator
[18:12:03] DEPRECATION WARNING: please use MorganGenerator
[18:12:03] DEPRECATION WARNING: please use MorganGenerator
[18:12:03] DEPRECATION WARNING: please use MorganGenerator
[18:12:03] DEPRECATION WARNING: please use MorganGenerator
[18:12:03] DEPRECATION WARNING: please use MorganGenerator
[18:12:03] DEPRECATION WARNING: please use MorganGenerator
[18:12:03] DEPRECATION WARNING: please use MorganGenerator
[18:12:03] DEPRECATION WARNING: please use MorganGenerator
[18:12:03] DEPRECATION WARNING: please use MorganGenerator
[18:12:03] DEPRECATION WARNING: please use MorganGenerator
[18:12:03] DEPRECATION WARNING: please use MorganGenerator
[18:12:03] DEPRECATION WARNING: please use MorganGenerator
[18:12:03] DEPRECATION WARNING: please use MorganGenerator
[18:12:03] DEPRECATION WARNING: please use MorganGenerator
[18:12:03] DEPRECATION WARNING: please use MorganGenerator
[18:12:03] DEPRECATION WARNING: please use MorganGenerator
[18:12:03] DEPRECATION WARNING: please use MorganGenerator
[18:12:03] DEPRECATION WARNING: please use MorganGenerator
[18:12:03] DEPRECATION WARNING: please use MorganGenerator
[18:12:03] DEPRECATION WARNING: please use MorganGenerator
[18:12:03] DEPRECATION WARNING: please use MorganGenerator
[18:12:03] DEPRECATION WARNING: please use MorganGenerator
[18:12:03] DEPRECATION WARNING: please use MorganGenerator
[18:12:03] DEPRECATION WARNING: please use MorganGenerator
[18:12:03] DEPRECATION WARNING: please use MorganGenerator
[18:12:03] DEPRECATION WARNING: please use MorganGenerator
[18:12:03] DEPRECATION WARNING: please use MorganGenerator
[18:12:03] DEPRECATION WARNING: please use MorganGenerator
[18:12:03] DEPRECATION WARNING: please use MorganGenerator
[18:12:03] DEPRECATION WARNING: please use MorganGenerator
[18:12:03] DEPRECATION WARNING: please use MorganGenerator
[18:12:03] DEPRECATION WARNING: please use MorganGenerator
[18:12:03] DEPRECATION WARNING: please use MorganGenerator
[18:12:03] DEPRECATION WARNING: please use MorganGenerator
[18:12:03] DEPRECATION WARNING: please use MorganGenerator
[18:12:03] DEPRECATION WARNING: please use MorganGenerator
[18:12:03] DEPRECATION WARNING: please use MorganGenerator
[18:12:03] DEPRECATION WARNING: please use MorganGenerator
[18:12:03] DEPRECATION WARNING: please use MorganGenerator
[18:12:03] DEPRECATION WARNING: please use MorganGenerator
[18:12:03] DEPRECATION WARNING: please use MorganGenerator
[18:12:03] DEPRECATION WARNING: please use MorganGenerator
[18:12:03] DEPRECATION WARNING: please use MorganGenerator
[18:12:03] DEPRECATION WARNING: please use MorganGenerator
[18:12:03] DEPRECATION WARNING: please use MorganGenerator
[18:12:03] DEPRECATION WARNING: please use MorganGenerator
[18:12:03] DEPRECATION WARNING: please use MorganGenerator
[18:12:03] DEPRECATION WARNING: please use MorganGenerator
[18:12:03] DEPRECATION WARNING: please use MorganGenerator
[18:12:03] DEPRECATION WARNING: please use MorganGenerator
[18:12:03] DEPRECATION WARNING: please use MorganGenerator
[18:12:03] DEPRECATION WARNING: please use MorganGenerator
[18:12:03] DEPRECATION WARNING: please use MorganGenerator
[18:12:03] DEPRECATION WARNING: please use MorganGenerator
[18:12:03] DEPRECATION WARNING: please use MorganGenerator
[18:12:03] DEPRECATION WARNING: please use MorganGenerator
[18:12:03] DEPRECATION WARNING: please use MorganGenerator
[18:12:03] DEPRECATION WARNING: please use MorganGenerator
[18:12:03] DEPRECATION WARNING: please use MorganGenerator
[18:12:03] DEPRECATION WARNING: please use MorganGenerator
[18:12:03] DEPRECATION WARNING: please use MorganGenerator
[18:12:03] DEPRECATION WARNING: please use MorganGenerator
[18:12:03] DEPRECATION WARNING: please use MorganGenerator
[18:12:03] DEPRECATION WARNING: please use MorganGenerator
[18:12:03] DEPRECATION WARNING: please use MorganGenerator
[18:12:03] DEPRECATION WARNING: please use MorganGenerator
[18:12:03] DEPRECATION WARNING: please use MorganGenerator
[18:12:03] DEPRECATION WARNING: please use MorganGenerator
[18:12:03] DEPRECATION WARNING: please use MorganGenerator
[18:12:03] DEPRECATION WARNING: please use MorganGenerator
[18:12:03] DEPRECATION WARNING: please use MorganGenerator
[18:12:03] DEPRECATION WARNING: please use MorganGenerator
[18:12:03] DEPRECATION WARNING: please use MorganGenerator
[18:12:03] DEPRECATION WARNING: please use MorganGenerator
[18:12:03] DEPRECATION WARNING: please use MorganGenerator
[18:12:03] DEPRECATION WARNING: please use MorganGenerator
[18:12:03] DEPRECATION WARNING: please use MorganGenerator
[18:12:03] DEPRECATION WARNING: please use MorganGenerator
[18:12:03] DEPRECATION WARNING: please use MorganGenerator
[18:12:03] DEPRECATION WARNING: please use MorganGenerator
[18:12:03] DEPRECATION WARNING: please use MorganGenerator
[18:12:03] DEPRECATION WARNING: please use MorganGenerator
[18:12:03] DEPRECATION WARNING: please use MorganGenerator
[18:12:03] DEPRECATION WARNING: please use MorganGenerator
[18:12:03] DEPRECATION WARNING: please use MorganGenerator
[18:12:03] DEPRECATION WARNING: please use MorganGenerator
[18:12:03] DEPRECATION WARNING: please use MorganGenerator
[18:12:03] DEPRECATION WARNING: please use MorganGenerator
[18:12:03] DEPRECATION WARNING: please use MorganGenerator
[18:12:03] DEPRECATION WARNING: please use MorganGenerator
[18:12:03] DEPRECATION WARNING: please use MorganGenerator
[18:12:03] DEPRECATION WARNING: please use MorganGenerator
[18:12:03] DEPRECATION WARNING: please use MorganGenerator
[18:12:03] DEPRECATION WARNING: please use MorganGenerator
[18:12:03] DEPRECATION WARNING: please use MorganGenerator
[18:12:03] DEPRECATION WARNING: please use MorganGenerator
[18:12:03] DEPRECATION WARNING: please use MorganGenerator
[18:12:03] DEPRECATION WARNING: please use MorganGenerator
[18:12:03] DEPRECATION WARNING: please use MorganGenerator
[18:12:03] DEPRECATION WARNING: please use MorganGenerator
[18:12:03] DEPRECATION WARNING: please use MorganGenerator
[18:12:03] DEPRECATION WARNING: please use MorganGenerator
[18:12:03] DEPRECATION WARNING: please use MorganGenerator
[18:12:03] DEPRECATION WARNING: please use MorganGenerator
[18:12:03] DEPRECATION WARNING: please use MorganGenerator
[18:12:03] DEPRECATION WARNING: please use MorganGenerator
[18:12:03] DEPRECATION WARNING: please use MorganGenerator
[18:12:03] DEPRECATION WARNING: please use MorganGenerator
[18:12:03] DEPRECATION WARNING: please use MorganGenerator
[18:12:03] DEPRECATION WARNING: please use MorganGenerator
[18:12:03] DEPRECATION WARNING: please use MorganGenerator
[18:12:03] DEPRECATION WARNING: please use MorganGenerator
[18:12:03] DEPRECATION WARNING: please use MorganGenerator
[18:12:03] DEPRECATION WARNING: please use MorganGenerator
[18:12:03] DEPRECATION WARNING: please use MorganGenerator
[18:12:03] DEPRECATION WARNING: please use MorganGenerator
[18:12:03] DEPRECATION WARNING: please use MorganGenerator
[18:12:03] DEPRECATION WARNING: please use MorganGenerator
[18:12:03] DEPRECATION WARNING: please use MorganGenerator
[18:12:03] DEPRECATION WARNING: please use MorganGenerator
[18:12:03] DEPRECATION WARNING: please use MorganGenerator
[18:12:03] DEPRECATION WARNING: please use MorganGenerator
[18:12:03] DEPRECATION WARNING: please use MorganGenerator
[18:12:03] DEPRECATION WARNING: please use MorganGenerator
[18:12:03] DEPRECATION WARNING: please use MorganGenerator
[18:12:03] DEPRECATION WARNING: please use MorganGenerator
[18:12:03] DEPRECATION WARNING: please use MorganGenerator
[18:12:03] DEPRECATION WARNING: please use MorganGenerator
[18:12:03] DEPRECATION WARNING: please use MorganGenerator
[18:12:03] DEPRECATION WARNING: please use MorganGenerator
[18:12:03] DEPRECATION WARNING: please use MorganGenerator
[18:12:03] DEPRECATION WARNING: please use MorganGenerator
[18:12:03] DEPRECATION WARNING: please use MorganGenerator
[18:12:03] DEPRECATION WARNING: please use MorganGenerator
[18:12:03] DEPRECATION WARNING: please use MorganGenerator
[18:12:03] DEPRECATION WARNING: please use MorganGenerator
[18:12:03] DEPRECATION WARNING: please use MorganGenerator
[18:12:03] DEPRECATION WARNING: please use MorganGenerator
[18:12:03] DEPRECATION WARNING: please use MorganGenerator
[18:12:03] DEPRECATION WARNING: please use MorganGenerator
[18:12:03] DEPRECATION WARNING: please use MorganGenerator
[18:12:03] DEPRECATION WARNING: please use MorganGenerator
[18:12:03] DEPRECATION WARNING: please use MorganGenerator
[18:12:03] DEPRECATION WARNING: please use MorganGenerator
[18:12:03] DEPRECATION WARNING: please use MorganGenerator
[18:12:03] DEPRECATION WARNING: please use MorganGenerator
[18:12:03] DEPRECATION WARNING: please use MorganGenerator
[18:12:03] DEPRECATION WARNING: please use MorganGenerator
[18:12:03] DEPRECATION WARNING: please use MorganGenerator
[18:12:03] DEPRECATION WARNING: please use MorganGenerator
[18:12:03] DEPRECATION WARNING: please use MorganGenerator
[18:12:03] DEPRECATION WARNING: please use MorganGenerator
[18:12:03] DEPRECATION WARNING: please use MorganGenerator
[18:12:03] DEPRECATION WARNING: please use MorganGenerator
[18:12:03] DEPRECATION WARNING: please use MorganGenerator
[18:12:03] DEPRECATION WARNING: please use MorganGenerator
[18:12:03] DEPRECATION WARNING: please use MorganGenerator
[18:12:03] DEPRECATION WARNING: please use MorganGenerator
[18:12:03] DEPRECATION WARNING: please use MorganGenerator
[18:12:03] DEPRECATION WARNING: please use MorganGenerator
[18:12:03] DEPRECATION WARNING: please use MorganGenerator
[18:12:03] DEPRECATION WARNING: please use MorganGenerator
[18:12:03] DEPRECATION WARNING: please use MorganGenerator
[18:12:03] DEPRECATION WARNING: please use MorganGenerator
[18:12:03] DEPRECATION WARNING: please use MorganGenerator
[18:12:03] DEPRECATION WARNING: please use MorganGenerator
[18:12:03] DEPRECATION WARNING: please use MorganGenerator
[18:12:03] DEPRECATION WARNING: please use MorganGenerator
[18:12:03] DEPRECATION WARNING: please use MorganGenerator
[18:12:03] DEPRECATION WARNING: please use MorganGenerator
[18:12:03] DEPRECATION WARNING: please use MorganGenerator
[18:12:03] DEPRECATION WARNING: please use MorganGenerator
[18:12:03] DEPRECATION WARNING: please use MorganGenerator
[18:12:03] DEPRECATION WARNING: please use MorganGenerator
[18:12:03] DEPRECATION WARNING: please use MorganGenerator
[18:12:03] DEPRECATION WARNING: please use MorganGenerator
[18:12:03] DEPRECATION WARNING: please use MorganGenerator
[18:12:03] DEPRECATION WARNING: please use MorganGenerator
[18:12:03] DEPRECATION WARNING: please use MorganGenerator
[18:12:03] DEPRECATION WARNING: please use MorganGenerator
[18:12:03] DEPRECATION WARNING: please use MorganGenerator
[18:12:03] DEPRECATION WARNING: please use MorganGenerator
[18:12:03] DEPRECATION WARNING: please use MorganGenerator
[18:12:03] DEPRECATION WARNING: please use MorganGenerator
[18:12:03] DEPRECATION WARNING: please use MorganGenerator
[18:12:03] DEPRECATION WARNING: please use MorganGenerator
[18:12:03] DEPRECATION WARNING: please use MorganGenerator
[18:12:03] DEPRECATION WARNING: please use MorganGenerator
[18:12:03] DEPRECATION WARNING: please use MorganGenerator
[18:12:03] DEPRECATION WARNING: please use MorganGenerator
[18:12:03] DEPRECATION WARNING: please use MorganGenerator
[18:12:03] DEPRECATION WARNING: please use MorganGenerator
[18:12:03] DEPRECATION WARNING: please use MorganGenerator
[18:12:03] DEPRECATION WARNING: please use MorganGenerator
[18:12:03] DEPRECATION WARNING: please use MorganGenerator
[18:12:03] DEPRECATION WARNING: please use MorganGenerator
[18:12:03] DEPRECATION WARNING: please use MorganGenerator
[18:12:03] DEPRECATION WARNING: please use MorganGenerator
[18:12:03] DEPRECATION WARNING: please use MorganGenerator
[18:12:03] DEPRECATION WARNING: please use MorganGenerator
[18:12:03] DEPRECATION WARNING: please use MorganGenerator
[18:12:03] DEPRECATION WARNING: please use MorganGenerator
[18:12:03] DEPRECATION WARNING: please use MorganGenerator
[18:12:03] DEPRECATION WARNING: please use MorganGenerator
[18:12:03] DEPRECATION WARNING: please use MorganGenerator
[18:12:03] DEPRECATION WARNING: please use MorganGenerator
[18:12:03] DEPRECATION WARNING: please use MorganGenerator
[18:12:03] DEPRECATION WARNING: please use MorganGenerator
[18:12:03] DEPRECATION WARNING: please use MorganGenerator
[18:12:03] DEPRECATION WARNING: please use MorganGenerator
[18:12:03] DEPRECATION WARNING: please use MorganGenerator
[18:12:03] DEPRECATION WARNING: please use MorganGenerator
[18:12:03] DEPRECATION WARNING: please use MorganGenerator
[18:12:03] DEPRECATION WARNING: please use MorganGenerator
[18:12:03] DEPRECATION WARNING: please use MorganGenerator
[18:12:03] DEPRECATION WARNING: please use MorganGenerator
[18:12:03] DEPRECATION WARNING: please use MorganGenerator
[18:12:03] DEPRECATION WARNING: please use MorganGenerator
[18:12:03] DEPRECATION WARNING: please use MorganGenerator
[18:12:03] DEPRECATION WARNING: please use MorganGenerator
[18:12:03] DEPRECATION WARNING: please use MorganGenerator
[18:12:03] DEPRECATION WARNING: please use MorganGenerator
[18:12:03] DEPRECATION WARNING: please use MorganGenerator
[18:12:03] DEPRECATION WARNING: please use MorganGenerator
[18:12:03] DEPRECATION WARNING: please use MorganGenerator
[18:12:03] DEPRECATION WARNING: please use MorganGenerator
[18:12:03] DEPRECATION WARNING: please use MorganGenerator
[18:12:03] DEPRECATION WARNING: please use MorganGenerator
[18:12:03] DEPRECATION WARNING: please use MorganGenerator
[18:12:03] DEPRECATION WARNING: please use MorganGenerator
[18:12:03] DEPRECATION WARNING: please use MorganGenerator
[18:12:03] DEPRECATION WARNING: please use MorganGenerator
[18:12:03] DEPRECATION WARNING: please use MorganGenerator
[18:12:03] DEPRECATION WARNING: please use MorganGenerator
[18:12:03] DEPRECATION WARNING: please use MorganGenerator
[18:12:03] DEPRECATION WARNING: please use MorganGenerator
[18:12:03] DEPRECATION WARNING: please use MorganGenerator
[18:12:03] DEPRECATION WARNING: please use MorganGenerator
[18:12:03] DEPRECATION WARNING: please use MorganGenerator
[18:12:03] DEPRECATION WARNING: please use MorganGenerator
[18:12:03] DEPRECATION WARNING: please use MorganGenerator
[18:12:03] DEPRECATION WARNING: please use MorganGenerator
[18:12:03] DEPRECATION WARNING: please use MorganGenerator
[18:12:03] DEPRECATION WARNING: please use MorganGenerator
[18:12:03] DEPRECATION WARNING: please use MorganGenerator
[18:12:03] DEPRECATION WARNING: please use MorganGenerator
[18:12:03] DEPRECATION WARNING: please use MorganGenerator
[18:12:03] DEPRECATION WARNING: please use MorganGenerator
[18:12:03] DEPRECATION WARNING: please use MorganGenerator
[18:12:03] DEPRECATION WARNING: please use MorganGenerator
[18:12:03] DEPRECATION WARNING: please use MorganGenerator
[18:12:03] DEPRECATION WARNING: please use MorganGenerator
[18:12:03] DEPRECATION WARNING: please use MorganGenerator
[18:12:03] DEPRECATION WARNING: please use MorganGenerator
[18:12:03] DEPRECATION WARNING: please use MorganGenerator
[18:12:03] DEPRECATION WARNING: please use MorganGenerator
[18:12:03] DEPRECATION WARNING: please use MorganGenerator
[18:12:03] DEPRECATION WARNING: please use MorganGenerator
[18:12:03] DEPRECATION WARNING: please use MorganGenerator
[18:12:03] DEPRECATION WARNING: please use MorganGenerator
[18:12:03] DEPRECATION WARNING: please use MorganGenerator
[18:12:03] DEPRECATION WARNING: please use MorganGenerator
[18:12:03] DEPRECATION WARNING: please use MorganGenerator
[18:12:03] DEPRECATION WARNING: please use MorganGenerator
[18:12:03] DEPRECATION WARNING: please use MorganGenerator
[18:12:03] DEPRECATION WARNING: please use MorganGenerator
[18:12:03] DEPRECATION WARNING: please use MorganGenerator
[18:12:03] DEPRECATION WARNING: please use MorganGenerator
[18:12:03] DEPRECATION WARNING: please use MorganGenerator
[18:12:03] DEPRECATION WARNING: please use MorganGenerator
[18:12:03] DEPRECATION WARNING: please use MorganGenerator
[18:12:03] DEPRECATION WARNING: please use MorganGenerator
[18:12:03] DEPRECATION WARNING: please use MorganGenerator
[18:12:03] DEPRECATION WARNING: please use MorganGenerator
[18:12:03] DEPRECATION WARNING: please use MorganGenerator
[18:12:03] DEPRECATION WARNING: please use MorganGenerator
[18:12:03] DEPRECATION WARNING: please use MorganGenerator
[18:12:03] DEPRECATION WARNING: please use MorganGenerator
[18:12:03] DEPRECATION WARNING: please use MorganGenerator
[18:12:03] DEPRECATION WARNING: please use MorganGenerator
[18:12:03] DEPRECATION WARNING: please use MorganGenerator
[18:12:03] DEPRECATION WARNING: please use MorganGenerator
[18:12:03] DEPRECATION WARNING: please use MorganGenerator
[18:12:03] DEPRECATION WARNING: please use MorganGenerator
[18:12:03] DEPRECATION WARNING: please use MorganGenerator
[18:12:03] DEPRECATION WARNING: please use MorganGenerator
[18:12:03] DEPRECATION WARNING: please use MorganGenerator
[18:12:03] DEPRECATION WARNING: please use MorganGenerator
[18:12:03] DEPRECATION WARNING: please use MorganGenerator
[18:12:03] DEPRECATION WARNING: please use MorganGenerator
[18:12:03] DEPRECATION WARNING: please use MorganGenerator
[18:12:03] DEPRECATION WARNING: please use MorganGenerator
[18:12:03] DEPRECATION WARNING: please use MorganGenerator
[18:12:03] DEPRECATION WARNING: please use MorganGenerator
[18:12:03] DEPRECATION WARNING: please use MorganGenerator
[18:12:03] DEPRECATION WARNING: please use MorganGenerator
[18:12:03] DEPRECATION WARNING: please use MorganGenerator
[18:12:03] DEPRECATION WARNING: please use MorganGenerator
[18:12:03] DEPRECATION WARNING: please use MorganGenerator
[18:12:03] DEPRECATION WARNING: please use MorganGenerator
[18:12:03] DEPRECATION WARNING: please use MorganGenerator
[18:12:03] DEPRECATION WARNING: please use MorganGenerator
[18:12:03] DEPRECATION WARNING: please use MorganGenerator
[18:12:03] DEPRECATION WARNING: please use MorganGenerator
[18:12:03] DEPRECATION WARNING: please use MorganGenerator
[18:12:03] DEPRECATION WARNING: please use MorganGenerator
[18:12:03] DEPRECATION WARNING: please use MorganGenerator
[18:12:03] DEPRECATION WARNING: please use MorganGenerator
[18:12:03] DEPRECATION WARNING: please use MorganGenerator
[18:12:03] DEPRECATION WARNING: please use MorganGenerator
[18:12:03] DEPRECATION WARNING: please use MorganGenerator
[18:12:03] DEPRECATION WARNING: please use MorganGenerator
[18:12:03] DEPRECATION WARNING: please use MorganGenerator
[18:12:03] DEPRECATION WARNING: please use MorganGenerator
[18:12:03] DEPRECATION WARNING: please use MorganGenerator
[18:12:03] DEPRECATION WARNING: please use MorganGenerator
[18:12:03] DEPRECATION WARNING: please use MorganGenerator
[18:12:03] DEPRECATION WARNING: please use MorganGenerator
[18:12:03] DEPRECATION WARNING: please use MorganGenerator
[18:12:03] DEPRECATION WARNING: please use MorganGenerator
[18:12:03] DEPRECATION WARNING: please use MorganGenerator
[18:12:03] DEPRECATION WARNING: please use MorganGenerator
[18:12:03] DEPRECATION WARNING: please use MorganGenerator
[18:12:03] DEPRECATION WARNING: please use MorganGenerator
[18:12:03] DEPRECATION WARNING: please use MorganGenerator
[18:12:03] DEPRECATION WARNING: please use MorganGenerator
[18:12:03] DEPRECATION WARNING: please use MorganGenerator
[18:12:03] DEPRECATION WARNING: please use MorganGenerator
[18:12:03] DEPRECATION WARNING: please use MorganGenerator
[18:12:03] DEPRECATION WARNING: please use MorganGenerator
[18:12:03] DEPRECATION WARNING: please use MorganGenerator
[18:12:03] DEPRECATION WARNING: please use MorganGenerator
[18:12:03] DEPRECATION WARNING: please use MorganGenerator
[18:12:03] DEPRECATION WARNING: please use MorganGenerator
[18:12:03] DEPRECATION WARNING: please use MorganGenerator
[18:12:03] DEPRECATION WARNING: please use MorganGenerator
[18:12:03] DEPRECATION WARNING: please use MorganGenerator
[18:12:03] DEPRECATION WARNING: please use MorganGenerator
[18:12:03] DEPRECATION WARNING: please use MorganGenerator
[18:12:03] DEPRECATION WARNING: please use MorganGenerator
[18:12:03] DEPRECATION WARNING: please use MorganGenerator
[18:12:03] DEPRECATION WARNING: please use MorganGenerator
[18:12:03] DEPRECATION WARNING: please use MorganGenerator
[18:12:03] DEPRECATION WARNING: please use MorganGenerator
[18:12:03] DEPRECATION WARNING: please use MorganGenerator
[18:12:03] DEPRECATION WARNING: please use MorganGenerator
[18:12:03] DEPRECATION WARNING: please use MorganGenerator
[18:12:03] DEPRECATION WARNING: please use MorganGenerator
[18:12:03] DEPRECATION WARNING: please use MorganGenerator
[18:12:03] DEPRECATION WARNING: please use MorganGenerator
[18:12:03] DEPRECATION WARNING: please use MorganGenerator
[18:12:03] DEPRECATION WARNING: please use MorganGenerator
[18:12:03] DEPRECATION WARNING: please use MorganGenerator
[18:12:03] DEPRECATION WARNING: please use MorganGenerator
[18:12:03] DEPRECATION WARNING: please use MorganGenerator
[18:12:03] DEPRECATION WARNING: please use MorganGenerator
[18:12:03] DEPRECATION WARNING: please use MorganGenerator
[18:12:03] DEPRECATION WARNING: please use MorganGenerator
[18:12:03] DEPRECATION WARNING: please use MorganGenerator
[18:12:03] DEPRECATION WARNING: please use MorganGenerator
[18:12:03] DEPRECATION WARNING: please use MorganGenerator
[18:12:03] DEPRECATION WARNING: please use MorganGenerator
[18:12:03] DEPRECATION WARNING: please use MorganGenerator
[18:12:03] DEPRECATION WARNING: please use MorganGenerator
[18:12:03] DEPRECATION WARNING: please use MorganGenerator
[18:12:03] DEPRECATION WARNING: please use MorganGenerator
[18:12:03] DEPRECATION WARNING: please use MorganGenerator
[18:12:03] DEPRECATION WARNING: please use MorganGenerator
[18:12:03] DEPRECATION WARNING: please use MorganGenerator
[18:12:03] DEPRECATION WARNING: please use MorganGenerator
[18:12:03] DEPRECATION WARNING: please use MorganGenerator
[18:12:03] DEPRECATION WARNING: please use MorganGenerator
[18:12:03] DEPRECATION WARNING: please use MorganGenerator
[18:12:03] DEPRECATION WARNING: please use MorganGenerator
[18:12:03] DEPRECATION WARNING: please use MorganGenerator
[18:12:03] DEPRECATION WARNING: please use MorganGenerator
[18:12:03] DEPRECATION WARNING: please use MorganGenerator
[18:12:03] DEPRECATION WARNING: please use MorganGenerator
[18:12:03] DEPRECATION WARNING: please use MorganGenerator
[18:12:03] DEPRECATION WARNING: please use MorganGenerator
[18:12:03] DEPRECATION WARNING: please use MorganGenerator
[18:12:03] DEPRECATION WARNING: please use MorganGenerator
[18:12:03] DEPRECATION WARNING: please use MorganGenerator
[18:12:03] DEPRECATION WARNING: please use MorganGenerator
[18:12:03] DEPRECATION WARNING: please use MorganGenerator
[18:12:03] DEPRECATION WARNING: please use MorganGenerator
[18:12:03] DEPRECATION WARNING: please use MorganGenerator
[18:12:03] DEPRECATION WARNING: please use MorganGenerator
[18:12:03] DEPRECATION WARNING: please use MorganGenerator
[18:12:03] DEPRECATION WARNING: please use MorganGenerator
[18:12:03] DEPRECATION WARNING: please use MorganGenerator
[18:12:03] DEPRECATION WARNING: please use MorganGenerator
[18:12:03] DEPRECATION WARNING: please use MorganGenerator
[18:12:03] DEPRECATION WARNING: please use MorganGenerator
[18:12:03] DEPRECATION WARNING: please use MorganGenerator
[18:12:03] DEPRECATION WARNING: please use MorganGenerator
[18:12:03] DEPRECATION WARNING: please use MorganGenerator
[18:12:03] DEPRECATION WARNING: please use MorganGenerator
[18:12:03] DEPRECATION WARNING: please use MorganGenerator
[18:12:03] DEPRECATION WARNING: please use MorganGenerator
[18:12:03] DEPRECATION WARNING: please use MorganGenerator
[18:12:03] DEPRECATION WARNING: please use MorganGenerator
[18:12:03] DEPRECATION WARNING: please use MorganGenerator
[18:12:03] DEPRECATION WARNING: please use MorganGenerator
[18:12:03] DEPRECATION WARNING: please use MorganGenerator
[18:12:03] DEPRECATION WARNING: please use MorganGenerator
[18:12:03] DEPRECATION WARNING: please use MorganGenerator
[18:12:03] DEPRECATION WARNING: please use MorganGenerator
[18:12:03] DEPRECATION WARNING: please use MorganGenerator
[18:12:03] DEPRECATION WARNING: please use MorganGenerator
[18:12:03] DEPRECATION WARNING: please use MorganGenerator
[18:12:03] DEPRECATION WARNING: please use MorganGenerator
[18:12:03] DEPRECATION WARNING: please use MorganGenerator
[18:12:03] DEPRECATION WARNING: please use MorganGenerator
[18:12:03] DEPRECATION WARNING: please use MorganGenerator
[18:12:03] DEPRECATION WARNING: please use MorganGenerator
[18:12:03] DEPRECATION WARNING: please use MorganGenerator
[18:12:03] DEPRECATION WARNING: please use MorganGenerator
[18:12:03] DEPRECATION WARNING: please use MorganGenerator
[18:12:03] DEPRECATION WARNING: please use MorganGenerator
[18:12:03] DEPRECATION WARNING: please use MorganGenerator
[18:12:03] DEPRECATION WARNING: please use MorganGenerator
[18:12:03] DEPRECATION WARNING: please use MorganGenerator
[18:12:03] DEPRECATION WARNING: please use MorganGenerator
[18:12:03] DEPRECATION WARNING: please use MorganGenerator
[18:12:03] DEPRECATION WARNING: please use MorganGenerator
[18:12:03] DEPRECATION WARNING: please use MorganGenerator
[18:12:03] DEPRECATION WARNING: please use MorganGenerator
[18:12:03] DEPRECATION WARNING: please use MorganGenerator
[18:12:03] DEPRECATION WARNING: please use MorganGenerator
[18:12:03] DEPRECATION WARNING: please use MorganGenerator
[18:12:03] DEPRECATION WARNING: please use MorganGenerator
[18:12:03] DEPRECATION WARNING: please use MorganGenerator
[18:12:03] DEPRECATION WARNING: please use MorganGenerator
[18:12:03] DEPRECATION WARNING: please use MorganGenerator
[18:12:03] DEPRECATION WARNING: please use MorganGenerator
[18:12:03] DEPRECATION WARNING: please use MorganGenerator
[18:12:03] DEPRECATION WARNING: please use MorganGenerator
[18:12:03] DEPRECATION WARNING: please use MorganGenerator
[18:12:03] DEPRECATION WARNING: please use MorganGenerator
[18:12:03] DEPRECATION WARNING: please use MorganGenerator
[18:12:03] DEPRECATION WARNING: please use MorganGenerator
[18:12:03] DEPRECATION WARNING: please use MorganGenerator
[18:12:03] DEPRECATION WARNING: please use MorganGenerator
[18:12:03] DEPRECATION WARNING: please use MorganGenerator
[18:12:03] DEPRECATION WARNING: please use MorganGenerator
[18:12:03] DEPRECATION WARNING: please use MorganGenerator
[18:12:03] DEPRECATION WARNING: please use MorganGenerator
[18:12:03] DEPRECATION WARNING: please use MorganGenerator
[18:12:03] DEPRECATION WARNING: please use MorganGenerator
[18:12:03] DEPRECATION WARNING: please use MorganGenerator
[18:12:03] DEPRECATION WARNING: please use MorganGenerator
[18:12:03] DEPRECATION WARNING: please use MorganGenerator
[18:12:03] DEPRECATION WARNING: please use MorganGenerator
[18:12:03] DEPRECATION WARNING: please use MorganGenerator
[18:12:03] DEPRECATION WARNING: please use MorganGenerator
[18:12:03] DEPRECATION WARNING: please use MorganGenerator
[18:12:03] DEPRECATION WARNING: please use MorganGenerator
[18:12:03] DEPRECATION WARNING: please use MorganGenerator
[18:12:03] DEPRECATION WARNING: please use MorganGenerator
[18:12:03] DEPRECATION WARNING: please use MorganGenerator
[18:12:03] DEPRECATION WARNING: please use MorganGenerator
[18:12:03] DEPRECATION WARNING: please use MorganGenerator
[18:12:03] DEPRECATION WARNING: please use MorganGenerator
[18:12:03] DEPRECATION WARNING: please use MorganGenerator
[18:12:03] DEPRECATION WARNING: please use MorganGenerator
[18:12:03] DEPRECATION WARNING: please use MorganGenerator
[18:12:03] DEPRECATION WARNING: please use MorganGenerator
[18:12:03] DEPRECATION WARNING: please use MorganGenerator
[18:12:03] DEPRECATION WARNING: please use MorganGenerator
[18:12:03] DEPRECATION WARNING: please use MorganGenerator
[18:12:03] DEPRECATION WARNING: please use MorganGenerator
[18:12:03] DEPRECATION WARNING: please use MorganGenerator
[18:12:03] DEPRECATION WARNING: please use MorganGenerator
[18:12:03] DEPRECATION WARNING: please use MorganGenerator
[18:12:03] DEPRECATION WARNING: please use MorganGenerator
[18:12:03] DEPRECATION WARNING: please use MorganGenerator
[18:12:03] DEPRECATION WARNING: please use MorganGenerator
[18:12:03] DEPRECATION WARNING: please use MorganGenerator
[18:12:03] DEPRECATION WARNING: please use MorganGenerator
[18:12:03] DEPRECATION WARNING: please use MorganGenerator
[18:12:03] DEPRECATION WARNING: please use MorganGenerator
[18:12:03] DEPRECATION WARNING: please use MorganGenerator
[18:12:03] DEPRECATION WARNING: please use MorganGenerator
[18:12:03] DEPRECATION WARNING: please use MorganGenerator
[18:12:03] DEPRECATION WARNING: please use MorganGenerator
[18:12:03] DEPRECATION WARNING: please use MorganGenerator
[18:12:03] DEPRECATION WARNING: please use MorganGenerator
[18:12:03] DEPRECATION WARNING: please use MorganGenerator
[18:12:03] DEPRECATION WARNING: please use MorganGenerator
[18:12:03] DEPRECATION WARNING: please use MorganGenerator
[18:12:03] DEPRECATION WARNING: please use MorganGenerator
[18:12:03] DEPRECATION WARNING: please use MorganGenerator
[18:12:03] DEPRECATION WARNING: please use MorganGenerator
[18:12:03] DEPRECATION WARNING: please use MorganGenerator
[18:12:03] DEPRECATION WARNING: please use MorganGenerator
[18:12:03] DEPRECATION WARNING: please use MorganGenerator
[18:12:03] DEPRECATION WARNING: please use MorganGenerator
[18:12:03] DEPRECATION WARNING: please use MorganGenerator
[18:12:03] DEPRECATION WARNING: please use MorganGenerator
[18:12:03] DEPRECATION WARNING: please use MorganGenerator
[18:12:03] DEPRECATION WARNING: please use MorganGenerator
[18:12:03] DEPRECATION WARNING: please use MorganGenerator
[18:12:03] DEPRECATION WARNING: please use MorganGenerator
[18:12:03] DEPRECATION WARNING: please use MorganGenerator
[18:12:03] DEPRECATION WARNING: please use MorganGenerator
[18:12:03] DEPRECATION WARNING: please use MorganGenerator
[18:12:03] DEPRECATION WARNING: please use MorganGenerator
[18:12:03] DEPRECATION WARNING: please use MorganGenerator
[18:12:03] DEPRECATION WARNING: please use MorganGenerator
[18:12:03] DEPRECATION WARNING: please use MorganGenerator
[18:12:03] DEPRECATION WARNING: please use MorganGenerator
[18:12:03] DEPRECATION WARNING: please use MorganGenerator
[18:12:03] DEPRECATION WARNING: please use MorganGenerator
[18:12:03] DEPRECATION WARNING: please use MorganGenerator
[18:12:03] DEPRECATION WARNING: please use MorganGenerator
[18:12:03] DEPRECATION WARNING: please use MorganGenerator
[18:12:03] DEPRECATION WARNING: please use MorganGenerator
[18:12:03] DEPRECATION WARNING: please use MorganGenerator
[18:12:03] DEPRECATION WARNING: please use MorganGenerator
[18:12:03] DEPRECATION WARNING: please use MorganGenerator
[18:12:03] DEPRECATION WARNING: please use MorganGenerator
[18:12:03] DEPRECATION WARNING: please use MorganGenerator
[18:12:03] DEPRECATION WARNING: please use MorganGenerator
[18:12:03] DEPRECATION WARNING: please use MorganGenerator
[18:12:03] DEPRECATION WARNING: please use MorganGenerator
[18:12:03] DEPRECATION WARNING: please use MorganGenerator
[18:12:03] DEPRECATION WARNING: please use MorganGenerator
[18:12:03] DEPRECATION WARNING: please use MorganGenerator
[18:12:03] DEPRECATION WARNING: please use MorganGenerator
[18:12:03] DEPRECATION WARNING: please use MorganGenerator
[18:12:03] DEPRECATION WARNING: please use MorganGenerator
[18:12:03] DEPRECATION WARNING: please use MorganGenerator
[18:12:03] DEPRECATION WARNING: please use MorganGenerator
[18:12:03] DEPRECATION WARNING: please use MorganGenerator
[18:12:03] DEPRECATION WARNING: please use MorganGenerator
[18:12:03] DEPRECATION WARNING: please use MorganGenerator
[18:12:03] DEPRECATION WARNING: please use MorganGenerator
[18:12:03] DEPRECATION WARNING: please use MorganGenerator
[18:12:03] DEPRECATION WARNING: please use MorganGenerator
[18:12:03] DEPRECATION WARNING: please use MorganGenerator
[18:12:03] DEPRECATION WARNING: please use MorganGenerator
[18:12:03] DEPRECATION WARNING: please use MorganGenerator
[18:12:03] DEPRECATION WARNING: please use MorganGenerator
[18:12:03] DEPRECATION WARNING: please use MorganGenerator
[18:12:03] DEPRECATION WARNING: please use MorganGenerator
[18:12:03] DEPRECATION WARNING: please use MorganGenerator
[18:12:03] DEPRECATION WARNING: please use MorganGenerator
[18:12:03] DEPRECATION WARNING: please use MorganGenerator
[18:12:03] DEPRECATION WARNING: please use MorganGenerator
[18:12:03] DEPRECATION WARNING: please use MorganGenerator
[18:12:03] DEPRECATION WARNING: please use MorganGenerator
[18:12:03] DEPRECATION WARNING: please use MorganGenerator
[18:12:03] DEPRECATION WARNING: please use MorganGenerator
[18:12:03] DEPRECATION WARNING: please use MorganGenerator
[18:12:03] DEPRECATION WARNING: please use MorganGenerator
[18:12:03] DEPRECATION WARNING: please use MorganGenerator
[18:12:03] DEPRECATION WARNING: please use MorganGenerator
[18:12:03] DEPRECATION WARNING: please use MorganGenerator
[18:12:03] DEPRECATION WARNING: please use MorganGenerator
[18:12:03] DEPRECATION WARNING: please use MorganGenerator
[18:12:03] DEPRECATION WARNING: please use MorganGenerator
[18:12:03] DEPRECATION WARNING: please use MorganGenerator
[18:12:03] DEPRECATION WARNING: please use MorganGenerator
[18:12:03] DEPRECATION WARNING: please use MorganGenerator
[18:12:03] DEPRECATION WARNING: please use MorganGenerator
[18:12:03] DEPRECATION WARNING: please use MorganGenerator
[18:12:03] DEPRECATION WARNING: please use MorganGenerator
[18:12:03] DEPRECATION WARNING: please use MorganGenerator
[18:12:03] DEPRECATION WARNING: please use MorganGenerator
[18:12:03] DEPRECATION WARNING: please use MorganGenerator
[18:12:03] DEPRECATION WARNING: please use MorganGenerator
[18:12:03] DEPRECATION WARNING: please use MorganGenerator
[18:12:03] DEPRECATION WARNING: please use MorganGenerator
[18:12:03] DEPRECATION WARNING: please use MorganGenerator
[18:12:03] DEPRECATION WARNING: please use MorganGenerator
[18:12:03] DEPRECATION WARNING: please use MorganGenerator
[18:12:03] DEPRECATION WARNING: please use MorganGenerator
[18:12:03] DEPRECATION WARNING: please use MorganGenerator
[18:12:03] DEPRECATION WARNING: please use MorganGenerator
[18:12:03] DEPRECATION WARNING: please use MorganGenerator
[18:12:03] DEPRECATION WARNING: please use MorganGenerator
[18:12:03] DEPRECATION WARNING: please use MorganGenerator
[18:12:03] DEPRECATION WARNING: please use MorganGenerator
[18:12:03] DEPRECATION WARNING: please use MorganGenerator
[18:12:03] DEPRECATION WARNING: please use MorganGenerator
[18:12:03] DEPRECATION WARNING: please use MorganGenerator
[18:12:03] DEPRECATION WARNING: please use MorganGenerator
[18:12:03] DEPRECATION WARNING: please use MorganGenerator
[18:12:03] DEPRECATION WARNING: please use MorganGenerator
[18:12:03] DEPRECATION WARNING: please use MorganGenerator
[18:12:03] DEPRECATION WARNING: please use MorganGenerator
[18:12:03] DEPRECATION WARNING: please use MorganGenerator
[18:12:03] DEPRECATION WARNING: please use MorganGenerator
[18:12:03] DEPRECATION WARNING: please use MorganGenerator
[18:12:03] DEPRECATION WARNING: please use MorganGenerator
[18:12:03] DEPRECATION WARNING: please use MorganGenerator
[18:12:03] DEPRECATION WARNING: please use MorganGenerator
[18:12:03] DEPRECATION WARNING: please use MorganGenerator
[18:12:03] DEPRECATION WARNING: please use MorganGenerator
[18:12:03] DEPRECATION WARNING: please use MorganGenerator
[18:12:03] DEPRECATION WARNING: please use MorganGenerator
[18:12:03] DEPRECATION WARNING: please use MorganGenerator
[18:12:03] DEPRECATION WARNING: please use MorganGenerator
[18:12:03] DEPRECATION WARNING: please use MorganGenerator
[18:12:03] DEPRECATION WARNING: please use MorganGenerator
[18:12:03] DEPRECATION WARNING: please use MorganGenerator
[18:12:03] DEPRECATION WARNING: please use MorganGenerator
[18:12:03] DEPRECATION WARNING: please use MorganGenerator
[18:12:03] DEPRECATION WARNING: please use MorganGenerator
[18:12:03] DEPRECATION WARNING: please use MorganGenerator
[18:12:03] DEPRECATION WARNING: please use MorganGenerator
[18:12:03] DEPRECATION WARNING: please use MorganGenerator
[18:12:03] DEPRECATION WARNING: please use MorganGenerator
[18:12:03] DEPRECATION WARNING: please use MorganGenerator
[18:12:03] DEPRECATION WARNING: please use MorganGenerator
[18:12:03] DEPRECATION WARNING: please use MorganGenerator
[18:12:03] DEPRECATION WARNING: please use MorganGenerator
[18:12:03] DEPRECATION WARNING: please use MorganGenerator
[18:12:03] DEPRECATION WARNING: please use MorganGenerator
[18:12:03] DEPRECATION WARNING: please use MorganGenerator
[18:12:03] DEPRECATION WARNING: please use MorganGenerator
[18:12:03] DEPRECATION WARNING: please use MorganGenerator
[18:12:03] DEPRECATION WARNING: please use MorganGenerator
[18:12:03] DEPRECATION WARNING: please use MorganGenerator
[18:12:03] DEPRECATION WARNING: please use MorganGenerator
[18:12:03] DEPRECATION WARNING: please use MorganGenerator
[18:12:03] DEPRECATION WARNING: please use MorganGenerator
[18:12:03] DEPRECATION WARNING: please use MorganGenerator
[18:12:03] DEPRECATION WARNING: please use MorganGenerator
[18:12:03] DEPRECATION WARNING: please use MorganGenerator
[18:12:03] DEPRECATION WARNING: please use MorganGenerator
[18:12:03] DEPRECATION WARNING: please use MorganGenerator
[18:12:03] DEPRECATION WARNING: please use MorganGenerator
[18:12:03] DEPRECATION WARNING: please use MorganGenerator
[18:12:03] DEPRECATION WARNING: please use MorganGenerator
[18:12:03] DEPRECATION WARNING: please use MorganGenerator
[18:12:03] DEPRECATION WARNING: please use MorganGenerator
[18:12:03] DEPRECATION WARNING: please use MorganGenerator
[18:12:03] DEPRECATION WARNING: please use MorganGenerator
[18:12:03] DEPRECATION WARNING: please use MorganGenerator
[18:12:03] DEPRECATION WARNING: please use MorganGenerator
[18:12:03] DEPRECATION WARNING: please use MorganGenerator
[18:12:03] DEPRECATION WARNING: please use MorganGenerator
[18:12:03] DEPRECATION WARNING: please use MorganGenerator
[18:12:03] DEPRECATION WARNING: please use MorganGenerator
[18:12:03] DEPRECATION WARNING: please use MorganGenerator
[18:12:03] DEPRECATION WARNING: please use MorganGenerator
[18:12:03] DEPRECATION WARNING: please use MorganGenerator
[18:12:03] DEPRECATION WARNING: please use MorganGenerator
[18:12:03] DEPRECATION WARNING: please use MorganGenerator
[18:12:03] DEPRECATION WARNING: please use MorganGenerator
[18:12:03] DEPRECATION WARNING: please use MorganGenerator
[18:12:03] DEPRECATION WARNING: please use MorganGenerator
[18:12:03] DEPRECATION WARNING: please use MorganGenerator
[18:12:03] DEPRECATION WARNING: please use MorganGenerator
[18:12:03] DEPRECATION WARNING: please use MorganGenerator
[18:12:03] DEPRECATION WARNING: please use MorganGenerator
[18:12:03] DEPRECATION WARNING: please use MorganGenerator
[18:12:03] DEPRECATION WARNING: please use MorganGenerator
[18:12:03] DEPRECATION WARNING: please use MorganGenerator
[18:12:03] DEPRECATION WARNING: please use MorganGenerator
[18:12:03] DEPRECATION WARNING: please use MorganGenerator
[18:12:03] DEPRECATION WARNING: please use MorganGenerator
[18:12:03] DEPRECATION WARNING: please use MorganGenerator
[18:12:03] DEPRECATION WARNING: please use MorganGenerator
[18:12:03] DEPRECATION WARNING: please use MorganGenerator
[18:12:03] DEPRECATION WARNING: please use MorganGenerator
[18:12:03] DEPRECATION WARNING: please use MorganGenerator
[18:12:03] DEPRECATION WARNING: please use MorganGenerator
[18:12:03] DEPRECATION WARNING: please use MorganGenerator
[18:12:03] DEPRECATION WARNING: please use MorganGenerator
[18:12:03] DEPRECATION WARNING: please use MorganGenerator
[18:12:03] DEPRECATION WARNING: please use MorganGenerator
[18:12:03] DEPRECATION WARNING: please use MorganGenerator
[18:12:03] DEPRECATION WARNING: please use MorganGenerator
[18:12:03] DEPRECATION WARNING: please use MorganGenerator
[18:12:03] DEPRECATION WARNING: please use MorganGenerator
[18:12:03] DEPRECATION WARNING: please use MorganGenerator
[18:12:03] DEPRECATION WARNING: please use MorganGenerator
[18:12:03] DEPRECATION WARNING: please use MorganGenerator
[18:12:03] DEPRECATION WARNING: please use MorganGenerator
[18:12:03] DEPRECATION WARNING: please use MorganGenerator
[18:12:03] DEPRECATION WARNING: please use MorganGenerator
[18:12:03] DEPRECATION WARNING: please use MorganGenerator
[18:12:03] DEPRECATION WARNING: please use MorganGenerator
[18:12:03] DEPRECATION WARNING: please use MorganGenerator
[18:12:03] DEPRECATION WARNING: please use MorganGenerator
[18:12:03] DEPRECATION WARNING: please use MorganGenerator
[18:12:03] DEPRECATION WARNING: please use MorganGenerator
[18:12:03] DEPRECATION WARNING: please use MorganGenerator
[18:12:03] DEPRECATION WARNING: please use MorganGenerator
[18:12:03] DEPRECATION WARNING: please use MorganGenerator
[18:12:03] DEPRECATION WARNING: please use MorganGenerator
[18:12:03] DEPRECATION WARNING: please use MorganGenerator
[18:12:03] DEPRECATION WARNING: please use MorganGenerator
[18:12:03] DEPRECATION WARNING: please use MorganGenerator
[18:12:03] DEPRECATION WARNING: please use MorganGenerator
[18:12:03] DEPRECATION WARNING: please use MorganGenerator
[18:12:03] DEPRECATION WARNING: please use MorganGenerator
[18:12:03] DEPRECATION WARNING: please use MorganGenerator
[18:12:03] DEPRECATION WARNING: please use MorganGenerator
[18:12:03] DEPRECATION WARNING: please use MorganGenerator
[18:12:03] DEPRECATION WARNING: please use MorganGenerator
[18:12:03] DEPRECATION WARNING: please use MorganGenerator
[18:12:03] DEPRECATION WARNING: please use MorganGenerator
[18:12:03] DEPRECATION WARNING: please use MorganGenerator
[18:12:03] DEPRECATION WARNING: please use MorganGenerator
[18:12:03] DEPRECATION WARNING: please use MorganGenerator
[18:12:03] DEPRECATION WARNING: please use MorganGenerator
[18:12:03] DEPRECATION WARNING: please use MorganGenerator
[18:12:03] DEPRECATION WARNING: please use MorganGenerator
[18:12:03] DEPRECATION WARNING: please use MorganGenerator
[18:12:03] DEPRECATION WARNING: please use MorganGenerator
[18:12:03] DEPRECATION WARNING: please use MorganGenerator
[18:12:03] DEPRECATION WARNING: please use MorganGenerator
[18:12:03] DEPRECATION WARNING: please use MorganGenerator
[18:12:03] DEPRECATION WARNING: please use MorganGenerator
[18:12:03] DEPRECATION WARNING: please use MorganGenerator
[18:12:03] DEPRECATION WARNING: please use MorganGenerator
[18:12:03] DEPRECATION WARNING: please use MorganGenerator
[18:12:03] DEPRECATION WARNING: please use MorganGenerator
[18:12:03] DEPRECATION WARNING: please use MorganGenerator
[18:12:03] DEPRECATION WARNING: please use MorganGenerator
[18:12:03] DEPRECATION WARNING: please use MorganGenerator
[18:12:03] DEPRECATION WARNING: please use MorganGenerator
[18:12:03] DEPRECATION WARNING: please use MorganGenerator
[18:12:03] DEPRECATION WARNING: please use MorganGenerator
[18:12:03] DEPRECATION WARNING: please use MorganGenerator
[18:12:03] DEPRECATION WARNING: please use MorganGenerator
[18:12:03] DEPRECATION WARNING: please use MorganGenerator
[18:12:03] DEPRECATION WARNING: please use MorganGenerator
[18:12:03] DEPRECATION WARNING: please use MorganGenerator
[18:12:03] DEPRECATION WARNING: please use MorganGenerator
[18:12:03] DEPRECATION WARNING: please use MorganGenerator
[18:12:03] DEPRECATION WARNING: please use MorganGenerator
[18:12:03] DEPRECATION WARNING: please use MorganGenerator
[18:12:03] DEPRECATION WARNING: please use MorganGenerator
[18:12:03] DEPRECATION WARNING: please use MorganGenerator
[18:12:03] DEPRECATION WARNING: please use MorganGenerator
[18:12:03] DEPRECATION WARNING: please use MorganGenerator
[18:12:03] DEPRECATION WARNING: please use MorganGenerator
[18:12:03] DEPRECATION WARNING: please use MorganGenerator
[18:12:03] DEPRECATION WARNING: please use MorganGenerator
[18:12:03] DEPRECATION WARNING: please use MorganGenerator
[18:12:03] DEPRECATION WARNING: please use MorganGenerator
[18:12:03] DEPRECATION WARNING: please use MorganGenerator
[18:12:03] DEPRECATION WARNING: please use MorganGenerator
[18:12:03] DEPRECATION WARNING: please use MorganGenerator
[18:12:03] DEPRECATION WARNING: please use MorganGenerator
[18:12:03] DEPRECATION WARNING: please use MorganGenerator
[18:12:03] DEPRECATION WARNING: please use MorganGenerator
[18:12:03] DEPRECATION WARNING: please use MorganGenerator
[18:12:03] DEPRECATION WARNING: please use MorganGenerator
[18:12:03] DEPRECATION WARNING: please use MorganGenerator
[18:12:03] DEPRECATION WARNING: please use MorganGenerator
[18:12:03] DEPRECATION WARNING: please use MorganGenerator
[18:12:03] DEPRECATION WARNING: please use MorganGenerator
[18:12:03] DEPRECATION WARNING: please use MorganGenerator
[18:12:03] DEPRECATION WARNING: please use MorganGenerator
[18:12:03] DEPRECATION WARNING: please use MorganGenerator
[18:12:03] DEPRECATION WARNING: please use MorganGenerator
[18:12:03] DEPRECATION WARNING: please use MorganGenerator
[18:12:03] DEPRECATION WARNING: please use MorganGenerator
[18:12:03] DEPRECATION WARNING: please use MorganGenerator
[18:12:03] DEPRECATION WARNING: please use MorganGenerator
[18:12:03] DEPRECATION WARNING: please use MorganGenerator
[18:12:03] DEPRECATION WARNING: please use MorganGenerator
[18:12:03] DEPRECATION WARNING: please use MorganGenerator
[18:12:03] DEPRECATION WARNING: please use MorganGenerator
[18:12:03] DEPRECATION WARNING: please use MorganGenerator
[18:12:03] DEPRECATION WARNING: please use MorganGenerator
[18:12:03] DEPRECATION WARNING: please use MorganGenerator
[18:12:03] DEPRECATION WARNING: please use MorganGenerator
[18:12:03] DEPRECATION WARNING: please use MorganGenerator
[18:12:03] DEPRECATION WARNING: please use MorganGenerator
[18:12:03] DEPRECATION WARNING: please use MorganGenerator
[18:12:03] DEPRECATION WARNING: please use MorganGenerator
[18:12:03] DEPRECATION WARNING: please use MorganGenerator
[18:12:03] DEPRECATION WARNING: please use MorganGenerator
[18:12:03] DEPRECATION WARNING: please use MorganGenerator
[18:12:03] DEPRECATION WARNING: please use MorganGenerator
[18:12:03] DEPRECATION WARNING: please use MorganGenerator
[18:12:03] DEPRECATION WARNING: please use MorganGenerator
[18:12:03] DEPRECATION WARNING: please use MorganGenerator
[18:12:03] DEPRECATION WARNING: please use MorganGenerator
[18:12:03] DEPRECATION WARNING: please use MorganGenerator
[18:12:03] DEPRECATION WARNING: please use MorganGenerator
[18:12:03] DEPRECATION WARNING: please use MorganGenerator
[18:12:03] DEPRECATION WARNING: please use MorganGenerator
[18:12:03] DEPRECATION WARNING: please use MorganGenerator
[18:12:03] DEPRECATION WARNING: please use MorganGenerator
[18:12:03] DEPRECATION WARNING: please use MorganGenerator
[18:12:03] DEPRECATION WARNING: please use MorganGenerator
[18:12:03] DEPRECATION WARNING: please use MorganGenerator
[18:12:03] DEPRECATION WARNING: please use MorganGenerator
[18:12:03] DEPRECATION WARNING: please use MorganGenerator
[18:12:03] DEPRECATION WARNING: please use MorganGenerator
[18:12:03] DEPRECATION WARNING: please use MorganGenerator
[18:12:03] DEPRECATION WARNING: please use MorganGenerator
[18:12:03] DEPRECATION WARNING: please use MorganGenerator
[18:12:03] DEPRECATION WARNING: please use MorganGenerator
[18:12:03] DEPRECATION WARNING: please use MorganGenerator
[18:12:03] DEPRECATION WARNING: please use MorganGenerator
[18:12:03] DEPRECATION WARNING: please use MorganGenerator
[18:12:03] DEPRECATION WARNING: please use MorganGenerator
[18:12:03] DEPRECATION WARNING: please use MorganGenerator
[18:12:03] DEPRECATION WARNING: please use MorganGenerator
[18:12:03] DEPRECATION WARNING: please use MorganGenerator
[18:12:03] DEPRECATION WARNING: please use MorganGenerator
[18:12:03] DEPRECATION WARNING: please use MorganGenerator
[18:12:03] DEPRECATION WARNING: please use MorganGenerator
[18:12:03] DEPRECATION WARNING: please use MorganGenerator
[18:12:03] DEPRECATION WARNING: please use MorganGenerator
[18:12:03] DEPRECATION WARNING: please use MorganGenerator
[18:12:03] DEPRECATION WARNING: please use MorganGenerator
[18:12:03] DEPRECATION WARNING: please use MorganGenerator
[18:12:03] DEPRECATION WARNING: please use MorganGenerator
[18:12:03] DEPRECATION WARNING: please use MorganGenerator
[18:12:03] DEPRECATION WARNING: please use MorganGenerator
[18:12:03] DEPRECATION WARNING: please use MorganGenerator
[18:12:03] DEPRECATION WARNING: please use MorganGenerator
[18:12:03] DEPRECATION WARNING: please use MorganGenerator
[18:12:03] DEPRECATION WARNING: please use MorganGenerator
[18:12:03] DEPRECATION WARNING: please use MorganGenerator
[18:12:03] DEPRECATION WARNING: please use MorganGenerator
[18:12:03] DEPRECATION WARNING: please use MorganGenerator
[18:12:03] DEPRECATION WARNING: please use MorganGenerator
[18:12:03] DEPRECATION WARNING: please use MorganGenerator
[18:12:03] DEPRECATION WARNING: please use MorganGenerator
[18:12:03] DEPRECATION WARNING: please use MorganGenerator
[18:12:03] DEPRECATION WARNING: please use MorganGenerator
[18:12:03] DEPRECATION WARNING: please use MorganGenerator
[18:12:03] DEPRECATION WARNING: please use MorganGenerator
[18:12:03] DEPRECATION WARNING: please use MorganGenerator
[18:12:03] DEPRECATION WARNING: please use MorganGenerator
[18:12:03] DEPRECATION WARNING: please use MorganGenerator
[18:12:03] DEPRECATION WARNING: please use MorganGenerator
[18:12:03] DEPRECATION WARNING: please use MorganGenerator
[18:12:03] DEPRECATION WARNING: please use MorganGenerator
[18:12:03] DEPRECATION WARNING: please use MorganGenerator
[18:12:03] DEPRECATION WARNING: please use MorganGenerator
[18:12:03] DEPRECATION WARNING: please use MorganGenerator
[18:12:03] DEPRECATION WARNING: please use MorganGenerator
[18:12:03] DEPRECATION WARNING: please use MorganGenerator
[18:12:03] DEPRECATION WARNING: please use MorganGenerator
[18:12:03] DEPRECATION WARNING: please use MorganGenerator
[18:12:03] DEPRECATION WARNING: please use MorganGenerator
[18:12:03] DEPRECATION WARNING: please use MorganGenerator
[18:12:03] DEPRECATION WARNING: please use MorganGenerator
[18:12:03] DEPRECATION WARNING: please use MorganGenerator
[18:12:03] DEPRECATION WARNING: please use MorganGenerator
[18:12:03] DEPRECATION WARNING: please use MorganGenerator
[18:12:03] DEPRECATION WARNING: please use MorganGenerator
[18:12:03] DEPRECATION WARNING: please use MorganGenerator
[18:12:03] DEPRECATION WARNING: please use MorganGenerator
[18:12:03] DEPRECATION WARNING: please use MorganGenerator
[18:12:03] DEPRECATION WARNING: please use MorganGenerator
[18:12:03] DEPRECATION WARNING: please use MorganGenerator
[18:12:03] DEPRECATION WARNING: please use MorganGenerator
[18:12:03] DEPRECATION WARNING: please use MorganGenerator
[18:12:03] DEPRECATION WARNING: please use MorganGenerator
[18:12:03] DEPRECATION WARNING: please use MorganGenerator
[18:12:03] DEPRECATION WARNING: please use MorganGenerator
[18:12:03] DEPRECATION WARNING: please use MorganGenerator
[18:12:03] DEPRECATION WARNING: please use MorganGenerator
[18:12:03] DEPRECATION WARNING: please use MorganGenerator
[18:12:03] DEPRECATION WARNING: please use MorganGenerator
[18:12:03] DEPRECATION WARNING: please use MorganGenerator
[18:12:03] DEPRECATION WARNING: please use MorganGenerator
[18:12:03] DEPRECATION WARNING: please use MorganGenerator
[18:12:03] DEPRECATION WARNING: please use MorganGenerator
[18:12:03] DEPRECATION WARNING: please use MorganGenerator
[18:12:03] DEPRECATION WARNING: please use MorganGenerator
[18:12:03] DEPRECATION WARNING: please use MorganGenerator
[18:12:03] DEPRECATION WARNING: please use MorganGenerator
[18:12:03] DEPRECATION WARNING: please use MorganGenerator
[18:12:03] DEPRECATION WARNING: please use MorganGenerator
[18:12:03] DEPRECATION WARNING: please use MorganGenerator
[18:12:03] DEPRECATION WARNING: please use MorganGenerator
[18:12:03] DEPRECATION WARNING: please use MorganGenerator
[18:12:03] DEPRECATION WARNING: please use MorganGenerator
[18:12:03] DEPRECATION WARNING: please use MorganGenerator
[18:12:03] DEPRECATION WARNING: please use MorganGenerator
[18:12:03] DEPRECATION WARNING: please use MorganGenerator
[18:12:03] DEPRECATION WARNING: please use MorganGenerator
[18:12:03] DEPRECATION WARNING: please use MorganGenerator
[18:12:03] DEPRECATION WARNING: please use MorganGenerator
[18:12:03] DEPRECATION WARNING: please use MorganGenerator
[18:12:03] DEPRECATION WARNING: please use MorganGenerator
[18:12:03] DEPRECATION WARNING: please use MorganGenerator
[18:12:03] DEPRECATION WARNING: please use MorganGenerator
[18:12:03] DEPRECATION WARNING: please use MorganGenerator
[18:12:03] DEPRECATION WARNING: please use MorganGenerator
[18:12:03] DEPRECATION WARNING: please use MorganGenerator
[18:12:03] DEPRECATION WARNING: please use MorganGenerator
[18:12:03] DEPRECATION WARNING: please use MorganGenerator
[18:12:03] DEPRECATION WARNING: please use MorganGenerator
[18:12:03] DEPRECATION WARNING: please use MorganGenerator
[18:12:03] DEPRECATION WARNING: please use MorganGenerator
[18:12:03] DEPRECATION WARNING: please use MorganGenerator
[18:12:03] DEPRECATION WARNING: please use MorganGenerator
[18:12:03] DEPRECATION WARNING: please use MorganGenerator
[18:12:03] DEPRECATION WARNING: please use MorganGenerator
[18:12:03] DEPRECATION WARNING: please use MorganGenerator
[18:12:03] DEPRECATION WARNING: please use MorganGenerator
[18:12:03] DEPRECATION WARNING: please use MorganGenerator
[18:12:03] DEPRECATION WARNING: please use MorganGenerator
[18:12:03] DEPRECATION WARNING: please use MorganGenerator
[18:12:03] DEPRECATION WARNING: please use MorganGenerator
[18:12:03] DEPRECATION WARNING: please use MorganGenerator
[18:12:03] DEPRECATION WARNING: please use MorganGenerator
[18:12:03] DEPRECATION WARNING: please use MorganGenerator
[18:12:03] DEPRECATION WARNING: please use MorganGenerator
[18:12:03] DEPRECATION WARNING: please use MorganGenerator
[18:12:03] DEPRECATION WARNING: please use MorganGenerator
[18:12:03] DEPRECATION WARNING: please use MorganGenerator
[18:12:03] DEPRECATION WARNING: please use MorganGenerator
[18:12:03] DEPRECATION WARNING: please use MorganGenerator
[18:12:03] DEPRECATION WARNING: please use MorganGenerator
[18:12:03] DEPRECATION WARNING: please use MorganGenerator
[18:12:03] DEPRECATION WARNING: please use MorganGenerator
[18:12:03] DEPRECATION WARNING: please use MorganGenerator
[18:12:03] DEPRECATION WARNING: please use MorganGenerator
[18:12:03] DEPRECATION WARNING: please use MorganGenerator
[18:12:03] DEPRECATION WARNING: please use MorganGenerator
[18:12:03] DEPRECATION WARNING: please use MorganGenerator
[18:12:03] DEPRECATION WARNING: please use MorganGenerator
[18:12:03] DEPRECATION WARNING: please use MorganGenerator
[18:12:03] DEPRECATION WARNING: please use MorganGenerator
[18:12:03] DEPRECATION WARNING: please use MorganGenerator
[18:12:03] DEPRECATION WARNING: please use MorganGenerator
[18:12:03] DEPRECATION WARNING: please use MorganGenerator
[18:12:03] DEPRECATION WARNING: please use MorganGenerator
[18:12:03] DEPRECATION WARNING: please use MorganGenerator
[18:12:03] DEPRECATION WARNING: please use MorganGenerator
[18:12:03] DEPRECATION WARNING: please use MorganGenerator
[18:12:03] DEPRECATION WARNING: please use MorganGenerator
[18:12:03] DEPRECATION WARNING: please use MorganGenerator
[18:12:03] DEPRECATION WARNING: please use MorganGenerator
[18:12:03] DEPRECATION WARNING: please use MorganGenerator
[18:12:03] DEPRECATION WARNING: please use MorganGenerator
[18:12:03] DEPRECATION WARNING: please use MorganGenerator
[18:12:03] DEPRECATION WARNING: please use MorganGenerator
[18:12:03] DEPRECATION WARNING: please use MorganGenerator
[18:12:03] DEPRECATION WARNING: please use MorganGenerator
[18:12:03] DEPRECATION WARNING: please use MorganGenerator
[18:12:03] DEPRECATION WARNING: please use MorganGenerator
[18:12:03] DEPRECATION WARNING: please use MorganGenerator
[18:12:03] DEPRECATION WARNING: please use MorganGenerator
[18:12:03] DEPRECATION WARNING: please use MorganGenerator
[18:12:03] DEPRECATION WARNING: please use MorganGenerator
[18:12:03] DEPRECATION WARNING: please use MorganGenerator
[18:12:03] DEPRECATION WARNING: please use MorganGenerator
[18:12:03] DEPRECATION WARNING: please use MorganGenerator
[18:12:03] DEPRECATION WARNING: please use MorganGenerator
[18:12:03] DEPRECATION WARNING: please use MorganGenerator
[18:12:03] DEPRECATION WARNING: please use MorganGenerator
[18:12:03] DEPRECATION WARNING: please use MorganGenerator
[18:12:03] DEPRECATION WARNING: please use MorganGenerator
[18:12:03] DEPRECATION WARNING: please use MorganGenerator
[18:12:03] DEPRECATION WARNING: please use MorganGenerator
[18:12:03] DEPRECATION WARNING: please use MorganGenerator
[18:12:03] DEPRECATION WARNING: please use MorganGenerator
[18:12:03] DEPRECATION WARNING: please use MorganGenerator
[18:12:03] DEPRECATION WARNING: please use MorganGenerator
[18:12:03] DEPRECATION WARNING: please use MorganGenerator
[18:12:03] DEPRECATION WARNING: please use MorganGenerator
[18:12:03] DEPRECATION WARNING: please use MorganGenerator
[18:12:03] DEPRECATION WARNING: please use MorganGenerator
[18:12:03] DEPRECATION WARNING: please use MorganGenerator
[18:12:03] DEPRECATION WARNING: please use MorganGenerator
[18:12:03] DEPRECATION WARNING: please use MorganGenerator
[18:12:03] DEPRECATION WARNING: please use MorganGenerator
[18:12:03] DEPRECATION WARNING: please use MorganGenerator
[18:12:03] DEPRECATION WARNING: please use MorganGenerator
[18:12:03] DEPRECATION WARNING: please use MorganGenerator
[18:12:03] DEPRECATION WARNING: please use MorganGenerator
[18:12:03] DEPRECATION WARNING: please use MorganGenerator
[18:12:03] DEPRECATION WARNING: please use MorganGenerator
[18:12:03] DEPRECATION WARNING: please use MorganGenerator
[18:12:03] DEPRECATION WARNING: please use MorganGenerator
[18:12:03] DEPRECATION WARNING: please use MorganGenerator
[18:12:03] DEPRECATION WARNING: please use MorganGenerator
[18:12:03] DEPRECATION WARNING: please use MorganGenerator
[18:12:03] DEPRECATION WARNING: please use MorganGenerator
[18:12:03] DEPRECATION WARNING: please use MorganGenerator
[18:12:03] DEPRECATION WARNING: please use MorganGenerator
[18:12:03] DEPRECATION WARNING: please use MorganGenerator
[18:12:03] DEPRECATION WARNING: please use MorganGenerator
[18:12:03] DEPRECATION WARNING: please use MorganGenerator
[18:12:03] DEPRECATION WARNING: please use MorganGenerator
[18:12:03] DEPRECATION WARNING: please use MorganGenerator
[18:12:03] DEPRECATION WARNING: please use MorganGenerator
[18:12:03] DEPRECATION WARNING: please use MorganGenerator
[18:12:03] DEPRECATION WARNING: please use MorganGenerator
[18:12:03] DEPRECATION WARNING: please use MorganGenerator
[18:12:03] DEPRECATION WARNING: please use MorganGenerator
[18:12:03] DEPRECATION WARNING: please use MorganGenerator
[18:12:03] DEPRECATION WARNING: please use MorganGenerator
[18:12:03] DEPRECATION WARNING: please use MorganGenerator
[18:12:03] DEPRECATION WARNING: please use MorganGenerator
[18:12:03] DEPRECATION WARNING: please use MorganGenerator
[18:12:03] DEPRECATION WARNING: please use MorganGenerator
[18:12:03] DEPRECATION WARNING: please use MorganGenerator
[18:12:03] DEPRECATION WARNING: please use MorganGenerator
[18:12:03] DEPRECATION WARNING: please use MorganGenerator
[18:12:03] DEPRECATION WARNING: please use MorganGenerator
[18:12:03] DEPRECATION WARNING: please use MorganGenerator
[18:12:03] DEPRECATION WARNING: please use MorganGenerator
[18:12:03] DEPRECATION WARNING: please use MorganGenerator
[18:12:03] DEPRECATION WARNING: please use MorganGenerator
[18:12:03] DEPRECATION WARNING: please use MorganGenerator
[18:12:03] DEPRECATION WARNING: please use MorganGenerator
[18:12:03] DEPRECATION WARNING: please use MorganGenerator
[18:12:03] DEPRECATION WARNING: please use MorganGenerator
[18:12:03] DEPRECATION WARNING: please use MorganGenerator
[18:12:03] DEPRECATION WARNING: please use MorganGenerator
[18:12:03] DEPRECATION WARNING: please use MorganGenerator
[18:12:03] DEPRECATION WARNING: please use MorganGenerator
[18:12:03] DEPRECATION WARNING: please use MorganGenerator
[18:12:03] DEPRECATION WARNING: please use MorganGenerator
[18:12:03] DEPRECATION WARNING: please use MorganGenerator
[18:12:03] DEPRECATION WARNING: please use MorganGenerator
[18:12:03] DEPRECATION WARNING: please use MorganGenerator
[18:12:03] DEPRECATION WARNING: please use MorganGenerator
[18:12:03] DEPRECATION WARNING: please use MorganGenerator
[18:12:03] DEPRECATION WARNING: please use MorganGenerator
[18:12:03] DEPRECATION WARNING: please use MorganGenerator
[18:12:03] DEPRECATION WARNING: please use MorganGenerator
[18:12:03] DEPRECATION WARNING: please use MorganGenerator
[18:12:03] DEPRECATION WARNING: please use MorganGenerator
[18:12:03] DEPRECATION WARNING: please use MorganGenerator
[18:12:03] DEPRECATION WARNING: please use MorganGenerator
[18:12:03] DEPRECATION WARNING: please use MorganGenerator
[18:12:03] DEPRECATION WARNING: please use MorganGenerator
[18:12:03] DEPRECATION WARNING: please use MorganGenerator
[18:12:03] DEPRECATION WARNING: please use MorganGenerator
[18:12:03] DEPRECATION WARNING: please use MorganGenerator
[18:12:03] DEPRECATION WARNING: please use MorganGenerator
[18:12:03] DEPRECATION WARNING: please use MorganGenerator
[18:12:03] DEPRECATION WARNING: please use MorganGenerator
[18:12:03] DEPRECATION WARNING: please use MorganGenerator
[18:12:03] DEPRECATION WARNING: please use MorganGenerator
[18:12:03] DEPRECATION WARNING: please use MorganGenerator
[18:12:03] DEPRECATION WARNING: please use MorganGenerator
[18:12:03] DEPRECATION WARNING: please use MorganGenerator
[18:12:03] DEPRECATION WARNING: please use MorganGenerator
[18:12:03] DEPRECATION WARNING: please use MorganGenerator
[18:12:03] DEPRECATION WARNING: please use MorganGenerator
[18:12:03] DEPRECATION WARNING: please use MorganGenerator
[18:12:03] DEPRECATION WARNING: please use MorganGenerator
[18:12:03] DEPRECATION WARNING: please use MorganGenerator
[18:12:03] DEPRECATION WARNING: please use MorganGenerator
[18:12:03] DEPRECATION WARNING: please use MorganGenerator
[18:12:03] DEPRECATION WARNING: please use MorganGenerator
[18:12:03] DEPRECATION WARNING: please use MorganGenerator
[18:12:03] DEPRECATION WARNING: please use MorganGenerator
[18:12:03] DEPRECATION WARNING: please use MorganGenerator
[18:12:03] DEPRECATION WARNING: please use MorganGenerator
[18:12:03] DEPRECATION WARNING: please use MorganGenerator
[18:12:03] DEPRECATION WARNING: please use MorganGenerator
[18:12:03] DEPRECATION WARNING: please use MorganGenerator
[18:12:03] DEPRECATION WARNING: please use MorganGenerator
[18:12:03] DEPRECATION WARNING: please use MorganGenerator
[18:12:03] DEPRECATION WARNING: please use MorganGenerator
[18:12:03] DEPRECATION WARNING: please use MorganGenerator
[18:12:03] DEPRECATION WARNING: please use MorganGenerator
[18:12:03] DEPRECATION WARNING: please use MorganGenerator
[18:12:03] DEPRECATION WARNING: please use MorganGenerator
[18:12:03] DEPRECATION WARNING: please use MorganGenerator
[18:12:03] DEPRECATION WARNING: please use MorganGenerator
[18:12:03] DEPRECATION WARNING: please use MorganGenerator
[18:12:03] DEPRECATION WARNING: please use MorganGenerator
[18:12:03] DEPRECATION WARNING: please use MorganGenerator
[18:12:03] DEPRECATION WARNING: please use MorganGenerator
[18:12:03] DEPRECATION WARNING: please use MorganGenerator
[18:12:03] DEPRECATION WARNING: please use MorganGenerator
[18:12:03] DEPRECATION WARNING: please use MorganGenerator
[18:12:03] DEPRECATION WARNING: please use MorganGenerator
[18:12:03] DEPRECATION WARNING: please use MorganGenerator
[18:12:03] DEPRECATION WARNING: please use MorganGenerator
[18:12:03] DEPRECATION WARNING: please use MorganGenerator
[18:12:03] DEPRECATION WARNING: please use MorganGenerator
[18:12:03] DEPRECATION WARNING: please use MorganGenerator
[18:12:03] DEPRECATION WARNING: please use MorganGenerator
[18:12:03] DEPRECATION WARNING: please use MorganGenerator
[18:12:03] DEPRECATION WARNING: please use MorganGenerator
[18:12:03] DEPRECATION WARNING: please use MorganGenerator
[18:12:03] DEPRECATION WARNING: please use MorganGenerator
[18:12:03] DEPRECATION WARNING: please use MorganGenerator
[18:12:03] DEPRECATION WARNING: please use MorganGenerator
[18:12:03] DEPRECATION WARNING: please use MorganGenerator
[18:12:03] DEPRECATION WARNING: please use MorganGenerator
[18:12:03] DEPRECATION WARNING: please use MorganGenerator
[18:12:03] DEPRECATION WARNING: please use MorganGenerator
[18:12:03] DEPRECATION WARNING: please use MorganGenerator
[18:12:03] DEPRECATION WARNING: please use MorganGenerator
[18:12:03] DEPRECATION WARNING: please use MorganGenerator
[18:12:03] DEPRECATION WARNING: please use MorganGenerator
[18:12:03] DEPRECATION WARNING: please use MorganGenerator
[18:12:03] DEPRECATION WARNING: please use MorganGenerator
[18:12:03] DEPRECATION WARNING: please use MorganGenerator
[18:12:03] DEPRECATION WARNING: please use MorganGenerator
[18:12:03] DEPRECATION WARNING: please use MorganGenerator
[18:12:03] DEPRECATION WARNING: please use MorganGenerator
[18:12:03] DEPRECATION WARNING: please use MorganGenerator
[18:12:03] DEPRECATION WARNING: please use MorganGenerator
[18:12:03] DEPRECATION WARNING: please use MorganGenerator
[18:12:03] DEPRECATION WARNING: please use MorganGenerator
[18:12:03] DEPRECATION WARNING: please use MorganGenerator
[18:12:03] DEPRECATION WARNING: please use MorganGenerator
[18:12:03] DEPRECATION WARNING: please use MorganGenerator
[18:12:03] DEPRECATION WARNING: please use MorganGenerator
[18:12:03] DEPRECATION WARNING: please use MorganGenerator
[18:12:03] DEPRECATION WARNING: please use MorganGenerator
[18:12:03] DEPRECATION WARNING: please use MorganGenerator
[18:12:03] DEPRECATION WARNING: please use MorganGenerator
[18:12:03] DEPRECATION WARNING: please use MorganGenerator
[18:12:03] DEPRECATION WARNING: please use MorganGenerator
[18:12:03] DEPRECATION WARNING: please use MorganGenerator
[18:12:03] DEPRECATION WARNING: please use MorganGenerator
[18:12:03] DEPRECATION WARNING: please use MorganGenerator
[18:12:03] DEPRECATION WARNING: please use MorganGenerator
[18:12:03] DEPRECATION WARNING: please use MorganGenerator
[18:12:03] DEPRECATION WARNING: please use MorganGenerator
[18:12:03] DEPRECATION WARNING: please use MorganGenerator
[18:12:03] DEPRECATION WARNING: please use MorganGenerator
[18:12:03] DEPRECATION WARNING: please use MorganGenerator
[18:12:03] DEPRECATION WARNING: please use MorganGenerator
[18:12:03] DEPRECATION WARNING: please use MorganGenerator
[18:12:03] DEPRECATION WARNING: please use MorganGenerator
[18:12:03] DEPRECATION WARNING: please use MorganGenerator
[18:12:03] DEPRECATION WARNING: please use MorganGenerator
[18:12:03] DEPRECATION WARNING: please use MorganGenerator
[18:12:03] DEPRECATION WARNING: please use MorganGenerator
[18:12:03] DEPRECATION WARNING: please use MorganGenerator
[18:12:03] DEPRECATION WARNING: please use MorganGenerator
[18:12:03] DEPRECATION WARNING: please use MorganGenerator
[18:12:03] DEPRECATION WARNING: please use MorganGenerator
[18:12:03] DEPRECATION WARNING: please use MorganGenerator
[18:12:03] DEPRECATION WARNING: please use MorganGenerator
[18:12:03] DEPRECATION WARNING: please use MorganGenerator
[18:12:03] DEPRECATION WARNING: please use MorganGenerator
[18:12:03] DEPRECATION WARNING: please use MorganGenerator
[18:12:03] DEPRECATION WARNING: please use MorganGenerator
[18:12:03] DEPRECATION WARNING: please use MorganGenerator
[18:12:03] DEPRECATION WARNING: please use MorganGenerator
[18:12:03] DEPRECATION WARNING: please use MorganGenerator
[18:12:03] DEPRECATION WARNING: please use MorganGenerator
[18:12:03] DEPRECATION WARNING: please use MorganGenerator
[18:12:03] DEPRECATION WARNING: please use MorganGenerator
[18:12:03] DEPRECATION WARNING: please use MorganGenerator
[18:12:03] DEPRECATION WARNING: please use MorganGenerator
[18:12:03] DEPRECATION WARNING: please use MorganGenerator
[18:12:03] DEPRECATION WARNING: please use MorganGenerator
[18:12:03] DEPRECATION WARNING: please use MorganGenerator
[18:12:03] DEPRECATION WARNING: please use MorganGenerator
[18:12:03] DEPRECATION WARNING: please use MorganGenerator
[18:12:03] DEPRECATION WARNING: please use MorganGenerator
[18:12:03] DEPRECATION WARNING: please use MorganGenerator
[18:12:03] DEPRECATION WARNING: please use MorganGenerator
[18:12:03] DEPRECATION WARNING: please use MorganGenerator
[18:12:03] DEPRECATION WARNING: please use MorganGenerator
[18:12:03] DEPRECATION WARNING: please use MorganGenerator
[18:12:03] DEPRECATION WARNING: please use MorganGenerator
[18:12:03] DEPRECATION WARNING: please use MorganGenerator
[18:12:03] DEPRECATION WARNING: please use MorganGenerator
[18:12:03] DEPRECATION WARNING: please use MorganGenerator
[18:12:03] DEPRECATION WARNING: please use MorganGenerator
[18:12:03] DEPRECATION WARNING: please use MorganGenerator
[18:12:03] DEPRECATION WARNING: please use MorganGenerator
[18:12:03] DEPRECATION WARNING: please use MorganGenerator
[18:12:03] DEPRECATION WARNING: please use MorganGenerator
[18:12:03] DEPRECATION WARNING: please use MorganGenerator
[18:12:03] DEPRECATION WARNING: please use MorganGenerator
[18:12:03] DEPRECATION WARNING: please use MorganGenerator
[18:12:03] DEPRECATION WARNING: please use MorganGenerator
[18:12:03] DEPRECATION WARNING: please use MorganGenerator
[18:12:03] DEPRECATION WARNING: please use MorganGenerator
[18:12:03] DEPRECATION WARNING: please use MorganGenerator
[18:12:03] DEPRECATION WARNING: please use MorganGenerator
[18:12:03] DEPRECATION WARNING: please use MorganGenerator
[18:12:03] DEPRECATION WARNING: please use MorganGenerator
[18:12:03] DEPRECATION WARNING: please use MorganGenerator
[18:12:03] DEPRECATION WARNING: please use MorganGenerator
[18:12:03] DEPRECATION WARNING: please use MorganGenerator
[18:12:03] DEPRECATION WARNING: please use MorganGenerator
[18:12:03] DEPRECATION WARNING: please use MorganGenerator
[18:12:03] DEPRECATION WARNING: please use MorganGenerator
[18:12:03] DEPRECATION WARNING: please use MorganGenerator
[18:12:03] DEPRECATION WARNING: please use MorganGenerator
[18:12:03] DEPRECATION WARNING: please use MorganGenerator
[18:12:03] DEPRECATION WARNING: please use MorganGenerator
[18:12:03] DEPRECATION WARNING: please use MorganGenerator
[18:12:03] DEPRECATION WARNING: please use MorganGenerator
[18:12:03] DEPRECATION WARNING: please use MorganGenerator
[18:12:03] DEPRECATION WARNING: please use MorganGenerator
[18:12:03] DEPRECATION WARNING: please use MorganGenerator
[18:12:03] DEPRECATION WARNING: please use MorganGenerator
[18:12:03] DEPRECATION WARNING: please use MorganGenerator
[18:12:03] DEPRECATION WARNING: please use MorganGenerator
[18:12:03] DEPRECATION WARNING: please use MorganGenerator
[18:12:03] DEPRECATION WARNING: please use MorganGenerator
[18:12:03] DEPRECATION WARNING: please use MorganGenerator
[18:12:03] DEPRECATION WARNING: please use MorganGenerator
[18:12:03] DEPRECATION WARNING: please use MorganGenerator
[18:12:03] DEPRECATION WARNING: please use MorganGenerator
[18:12:03] DEPRECATION WARNING: please use MorganGenerator
[18:12:03] DEPRECATION WARNING: please use MorganGenerator
[18:12:03] DEPRECATION WARNING: please use MorganGenerator
[18:12:03] DEPRECATION WARNING: please use MorganGenerator
[18:12:03] DEPRECATION WARNING: please use MorganGenerator
[18:12:03] DEPRECATION WARNING: please use MorganGenerator
[18:12:03] DEPRECATION WARNING: please use MorganGenerator
[18:12:03] DEPRECATION WARNING: please use MorganGenerator
[18:12:03] DEPRECATION WARNING: please use MorganGenerator
[18:12:03] DEPRECATION WARNING: please use MorganGenerator
[18:12:03] DEPRECATION WARNING: please use MorganGenerator
[18:12:03] DEPRECATION WARNING: please use MorganGenerator
[18:12:03] DEPRECATION WARNING: please use MorganGenerator
[18:12:03] DEPRECATION WARNING: please use MorganGenerator
[18:12:03] DEPRECATION WARNING: please use MorganGenerator
[18:12:03] DEPRECATION WARNING: please use MorganGenerator
[18:12:03] DEPRECATION WARNING: please use MorganGenerator
[18:12:03] DEPRECATION WARNING: please use MorganGenerator
[18:12:03] DEPRECATION WARNING: please use MorganGenerator
[18:12:03] DEPRECATION WARNING: please use MorganGenerator
[18:12:03] DEPRECATION WARNING: please use MorganGenerator
[18:12:03] DEPRECATION WARNING: please use MorganGenerator
[18:12:03] DEPRECATION WARNING: please use MorganGenerator
[18:12:03] DEPRECATION WARNING: please use MorganGenerator
[18:12:03] DEPRECATION WARNING: please use MorganGenerator
[18:12:03] DEPRECATION WARNING: please use MorganGenerator
[18:12:03] DEPRECATION WARNING: please use MorganGenerator
[18:12:03] DEPRECATION WARNING: please use MorganGenerator
[18:12:03] DEPRECATION WARNING: please use MorganGenerator
[18:12:03] DEPRECATION WARNING: please use MorganGenerator
[18:12:03] DEPRECATION WARNING: please use MorganGenerator
[18:12:03] DEPRECATION WARNING: please use MorganGenerator
[18:12:03] DEPRECATION WARNING: please use MorganGenerator
[18:12:03] DEPRECATION WARNING: please use MorganGenerator
[18:12:03] DEPRECATION WARNING: please use MorganGenerator
[18:12:03] DEPRECATION WARNING: please use MorganGenerator
[18:12:03] DEPRECATION WARNING: please use MorganGenerator
[18:12:03] DEPRECATION WARNING: please use MorganGenerator
[18:12:03] DEPRECATION WARNING: please use MorganGenerator
[18:12:03] DEPRECATION WARNING: please use MorganGenerator
[18:12:03] DEPRECATION WARNING: please use MorganGenerator
[18:12:03] DEPRECATION WARNING: please use MorganGenerator
[18:12:03] DEPRECATION WARNING: please use MorganGenerator
[18:12:03] DEPRECATION WARNING: please use MorganGenerator
[18:12:03] DEPRECATION WARNING: please use MorganGenerator
[18:12:03] DEPRECATION WARNING: please use MorganGenerator
[18:12:03] DEPRECATION WARNING: please use MorganGenerator
[18:12:03] DEPRECATION WARNING: please use MorganGenerator
[18:12:03] DEPRECATION WARNING: please use MorganGenerator
[18:12:03] DEPRECATION WARNING: please use MorganGenerator
[18:12:03] DEPRECATION WARNING: please use MorganGenerator
[18:12:03] DEPRECATION WARNING: please use MorganGenerator
[18:12:03] DEPRECATION WARNING: please use MorganGenerator
[18:12:03] DEPRECATION WARNING: please use MorganGenerator
[18:12:03] DEPRECATION WARNING: please use MorganGenerator
[18:12:03] DEPRECATION WARNING: please use MorganGenerator
[18:12:03] DEPRECATION WARNING: please use MorganGenerator
[18:12:03] DEPRECATION WARNING: please use MorganGenerator
[18:12:03] DEPRECATION WARNING: please use MorganGenerator
[18:12:03] DEPRECATION WARNING: please use MorganGenerator
[18:12:03] DEPRECATION WARNING: please use MorganGenerator
[18:12:03] DEPRECATION WARNING: please use MorganGenerator
[18:12:03] DEPRECATION WARNING: please use MorganGenerator
[18:12:03] DEPRECATION WARNING: please use MorganGenerator
[18:12:03] DEPRECATION WARNING: please use MorganGenerator
[18:12:03] DEPRECATION WARNING: please use MorganGenerator
[18:12:03] DEPRECATION WARNING: please use MorganGenerator
[18:12:03] DEPRECATION WARNING: please use MorganGenerator
[18:12:03] DEPRECATION WARNING: please use MorganGenerator
[18:12:03] DEPRECATION WARNING: please use MorganGenerator
[18:12:03] DEPRECATION WARNING: please use MorganGenerator
[18:12:03] DEPRECATION WARNING: please use MorganGenerator
[18:12:03] DEPRECATION WARNING: please use MorganGenerator
[18:12:03] DEPRECATION WARNING: please use MorganGenerator
[18:12:03] DEPRECATION WARNING: please use MorganGenerator
[18:12:03] DEPRECATION WARNING: please use MorganGenerator
[18:12:03] DEPRECATION WARNING: please use MorganGenerator
[18:12:03] DEPRECATION WARNING: please use MorganGenerator
[18:12:03] DEPRECATION WARNING: please use MorganGenerator
[18:12:03] DEPRECATION WARNING: please use MorganGenerator
[18:12:03] DEPRECATION WARNING: please use MorganGenerator
[18:12:03] DEPRECATION WARNING: please use MorganGenerator
[18:12:03] DEPRECATION WARNING: please use MorganGenerator
[18:12:03] DEPRECATION WARNING: please use MorganGenerator
[18:12:03] DEPRECATION WARNING: please use MorganGenerator
[18:12:03] DEPRECATION WARNING: please use MorganGenerator
[18:12:03] DEPRECATION WARNING: please use MorganGenerator
[18:12:03] DEPRECATION WARNING: please use MorganGenerator
[18:12:03] DEPRECATION WARNING: please use MorganGenerator
[18:12:03] DEPRECATION WARNING: please use MorganGenerator
[18:12:03] DEPRECATION WARNING: please use MorganGenerator
[18:12:03] DEPRECATION WARNING: please use MorganGenerator
[18:12:03] DEPRECATION WARNING: please use MorganGenerator
[18:12:03] DEPRECATION WARNING: please use MorganGenerator
[18:12:03] DEPRECATION WARNING: please use MorganGenerator
[18:12:03] DEPRECATION WARNING: please use MorganGenerator
[18:12:03] DEPRECATION WARNING: please use MorganGenerator
[18:12:03] DEPRECATION WARNING: please use MorganGenerator
[18:12:03] DEPRECATION WARNING: please use MorganGenerator
[18:12:03] DEPRECATION WARNING: please use MorganGenerator
[18:12:03] DEPRECATION WARNING: please use MorganGenerator
[18:12:03] DEPRECATION WARNING: please use MorganGenerator
[18:12:03] DEPRECATION WARNING: please use MorganGenerator
[18:12:03] DEPRECATION WARNING: please use MorganGenerator
[18:12:03] DEPRECATION WARNING: please use MorganGenerator
[18:12:03] DEPRECATION WARNING: please use MorganGenerator
[18:12:03] DEPRECATION WARNING: please use MorganGenerator
[18:12:03] DEPRECATION WARNING: please use MorganGenerator
[18:12:03] DEPRECATION WARNING: please use MorganGenerator
[18:12:03] DEPRECATION WARNING: please use MorganGenerator
[18:12:03] DEPRECATION WARNING: please use MorganGenerator
[18:12:03] DEPRECATION WARNING: please use MorganGenerator
[18:12:03] DEPRECATION WARNING: please use MorganGenerator
[18:12:03] DEPRECATION WARNING: please use MorganGenerator
[18:12:03] DEPRECATION WARNING: please use MorganGenerator
[18:12:03] DEPRECATION WARNING: please use MorganGenerator
[18:12:03] DEPRECATION WARNING: please use MorganGenerator
[18:12:03] DEPRECATION WARNING: please use MorganGenerator
[18:12:03] DEPRECATION WARNING: please use MorganGenerator
[18:12:03] DEPRECATION WARNING: please use MorganGenerator
[18:12:03] DEPRECATION WARNING: please use MorganGenerator
[18:12:03] DEPRECATION WARNING: please use MorganGenerator
[18:12:03] DEPRECATION WARNING: please use MorganGenerator
[18:12:03] DEPRECATION WARNING: please use MorganGenerator
[18:12:03] DEPRECATION WARNING: please use MorganGenerator
[18:12:03] DEPRECATION WARNING: please use MorganGenerator
[18:12:03] DEPRECATION WARNING: please use MorganGenerator
[18:12:03] DEPRECATION WARNING: please use MorganGenerator
[18:12:03] DEPRECATION WARNING: please use MorganGenerator
[18:12:03] DEPRECATION WARNING: please use MorganGenerator
[18:12:03] DEPRECATION WARNING: please use MorganGenerator
[18:12:03] DEPRECATION WARNING: please use MorganGenerator
[18:12:03] DEPRECATION WARNING: please use MorganGenerator
[18:12:03] DEPRECATION WARNING: please use MorganGenerator
[18:12:03] DEPRECATION WARNING: please use MorganGenerator
[18:12:03] DEPRECATION WARNING: please use MorganGenerator
[18:12:03] DEPRECATION WARNING: please use MorganGenerator
[18:12:03] DEPRECATION WARNING: please use MorganGenerator
[18:12:03] DEPRECATION WARNING: please use MorganGenerator
[18:12:03] DEPRECATION WARNING: please use MorganGenerator
[18:12:03] DEPRECATION WARNING: please use MorganGenerator
[18:12:03] DEPRECATION WARNING: please use MorganGenerator
[18:12:03] DEPRECATION WARNING: please use MorganGenerator
[18:12:03] DEPRECATION WARNING: please use MorganGenerator
[18:12:03] DEPRECATION WARNING: please use MorganGenerator
[18:12:03] DEPRECATION WARNING: please use MorganGenerator
[18:12:03] DEPRECATION WARNING: please use MorganGenerator
[18:12:03] DEPRECATION WARNING: please use MorganGenerator
[18:12:03] DEPRECATION WARNING: please use MorganGenerator
[18:12:03] DEPRECATION WARNING: please use MorganGenerator
[18:12:03] DEPRECATION WARNING: please use MorganGenerator
[18:12:03] DEPRECATION WARNING: please use MorganGenerator
[18:12:03] DEPRECATION WARNING: please use MorganGenerator
[18:12:03] DEPRECATION WARNING: please use MorganGenerator
[18:12:03] DEPRECATION WARNING: please use MorganGenerator
[18:12:03] DEPRECATION WARNING: please use MorganGenerator
[18:12:03] DEPRECATION WARNING: please use MorganGenerator
[18:12:03] DEPRECATION WARNING: please use MorganGenerator
[18:12:03] DEPRECATION WARNING: please use MorganGenerator
[18:12:03] DEPRECATION WARNING: please use MorganGenerator
[18:12:03] DEPRECATION WARNING: please use MorganGenerator
[18:12:03] DEPRECATION WARNING: please use MorganGenerator
[18:12:03] DEPRECATION WARNING: please use MorganGenerator
[18:12:03] DEPRECATION WARNING: please use MorganGenerator
[18:12:03] DEPRECATION WARNING: please use MorganGenerator
[18:12:03] DEPRECATION WARNING: please use MorganGenerator
[18:12:03] DEPRECATION WARNING: please use MorganGenerator
[18:12:03] DEPRECATION WARNING: please use MorganGenerator
[18:12:03] DEPRECATION WARNING: please use MorganGenerator
[18:12:03] DEPRECATION WARNING: please use MorganGenerator
[18:12:03] DEPRECATION WARNING: please use MorganGenerator
[18:12:03] DEPRECATION WARNING: please use MorganGenerator
[18:12:03] DEPRECATION WARNING: please use MorganGenerator
[18:12:03] DEPRECATION WARNING: please use MorganGenerator
[18:12:03] DEPRECATION WARNING: please use MorganGenerator
[18:12:03] DEPRECATION WARNING: please use MorganGenerator
[18:12:03] DEPRECATION WARNING: please use MorganGenerator
[18:12:03] DEPRECATION WARNING: please use MorganGenerator
[18:12:03] DEPRECATION WARNING: please use MorganGenerator
[18:12:03] DEPRECATION WARNING: please use MorganGenerator
[18:12:03] DEPRECATION WARNING: please use MorganGenerator
[18:12:03] DEPRECATION WARNING: please use MorganGenerator
[18:12:03] DEPRECATION WARNING: please use MorganGenerator
[18:12:03] DEPRECATION WARNING: please use MorganGenerator
[18:12:03] DEPRECATION WARNING: please use MorganGenerator
[18:12:03] DEPRECATION WARNING: please use MorganGenerator
[18:12:03] DEPRECATION WARNING: please use MorganGenerator
[18:12:03] DEPRECATION WARNING: please use MorganGenerator
[18:12:03] DEPRECATION WARNING: please use MorganGenerator
[18:12:03] DEPRECATION WARNING: please use MorganGenerator
[18:12:03] DEPRECATION WARNING: please use MorganGenerator
[18:12:03] DEPRECATION WARNING: please use MorganGenerator
[18:12:03] DEPRECATION WARNING: please use MorganGenerator
[18:12:03] DEPRECATION WARNING: please use MorganGenerator
[18:12:03] DEPRECATION WARNING: please use MorganGenerator
[18:12:03] DEPRECATION WARNING: please use MorganGenerator
[18:12:03] DEPRECATION WARNING: please use MorganGenerator
[18:12:03] DEPRECATION WARNING: please use MorganGenerator
[18:12:03] DEPRECATION WARNING: please use MorganGenerator
[18:12:03] DEPRECATION WARNING: please use MorganGenerator
[18:12:03] DEPRECATION WARNING: please use MorganGenerator
[18:12:03] DEPRECATION WARNING: please use MorganGenerator
[18:12:03] DEPRECATION WARNING: please use MorganGenerator
[18:12:03] DEPRECATION WARNING: please use MorganGenerator
[18:12:03] DEPRECATION WARNING: please use MorganGenerator
[18:12:03] DEPRECATION WARNING: please use MorganGenerator
[18:12:03] DEPRECATION WARNING: please use MorganGenerator
[18:12:03] DEPRECATION WARNING: please use MorganGenerator
[18:12:03] DEPRECATION WARNING: please use MorganGenerator
[18:12:03] DEPRECATION WARNING: please use MorganGenerator
[18:12:03] DEPRECATION WARNING: please use MorganGenerator
[18:12:03] DEPRECATION WARNING: please use MorganGenerator
[18:12:03] DEPRECATION WARNING: please use MorganGenerator
[18:12:03] DEPRECATION WARNING: please use MorganGenerator
[18:12:03] DEPRECATION WARNING: please use MorganGenerator
[18:12:03] DEPRECATION WARNING: please use MorganGenerator
[18:12:03] DEPRECATION WARNING: please use MorganGenerator
[18:12:03] DEPRECATION WARNING: please use MorganGenerator
[18:12:03] DEPRECATION WARNING: please use MorganGenerator
[18:12:03] DEPRECATION WARNING: please use MorganGenerator
[18:12:03] DEPRECATION WARNING: please use MorganGenerator
[18:12:03] DEPRECATION WARNING: please use MorganGenerator
[18:12:03] DEPRECATION WARNING: please use MorganGenerator
[18:12:03] DEPRECATION WARNING: please use MorganGenerator
[18:12:03] DEPRECATION WARNING: please use MorganGenerator
[18:12:03] DEPRECATION WARNING: please use MorganGenerator
[18:12:03] DEPRECATION WARNING: please use MorganGenerator
[18:12:03] DEPRECATION WARNING: please use MorganGenerator
[18:12:03] DEPRECATION WARNING: please use MorganGenerator
[18:12:03] DEPRECATION WARNING: please use MorganGenerator
[18:12:03] DEPRECATION WARNING: please use MorganGenerator
[18:12:03] DEPRECATION WARNING: please use MorganGenerator
[18:12:03] DEPRECATION WARNING: please use MorganGenerator
[18:12:03] DEPRECATION WARNING: please use MorganGenerator
[18:12:03] DEPRECATION WARNING: please use MorganGenerator
[18:12:03] DEPRECATION WARNING: please use MorganGenerator
[18:12:03] DEPRECATION WARNING: please use MorganGenerator
[18:12:03] DEPRECATION WARNING: please use MorganGenerator
[18:12:03] DEPRECATION WARNING: please use MorganGenerator
[18:12:03] DEPRECATION WARNING: please use MorganGenerator
[18:12:03] DEPRECATION WARNING: please use MorganGenerator
[18:12:03] DEPRECATION WARNING: please use MorganGenerator
[18:12:03] DEPRECATION WARNING: please use MorganGenerator
[18:12:03] DEPRECATION WARNING: please use MorganGenerator
[18:12:03] DEPRECATION WARNING: please use MorganGenerator
[18:12:03] DEPRECATION WARNING: please use MorganGenerator
[18:12:03] DEPRECATION WARNING: please use MorganGenerator
[18:12:03] DEPRECATION WARNING: please use MorganGenerator
[18:12:03] DEPRECATION WARNING: please use MorganGenerator
[18:12:03] DEPRECATION WARNING: please use MorganGenerator
[18:12:03] DEPRECATION WARNING: please use MorganGenerator
[18:12:03] DEPRECATION WARNING: please use MorganGenerator
[18:12:03] DEPRECATION WARNING: please use MorganGenerator
[18:12:03] DEPRECATION WARNING: please use MorganGenerator
[18:12:03] DEPRECATION WARNING: please use MorganGenerator
[18:12:03] DEPRECATION WARNING: please use MorganGenerator
[18:12:03] DEPRECATION WARNING: please use MorganGenerator
[18:12:03] DEPRECATION WARNING: please use MorganGenerator
[18:12:03] DEPRECATION WARNING: please use MorganGenerator
[18:12:03] DEPRECATION WARNING: please use MorganGenerator
[18:12:03] DEPRECATION WARNING: please use MorganGenerator
[18:12:03] DEPRECATION WARNING: please use MorganGenerator
[18:12:03] DEPRECATION WARNING: please use MorganGenerator
[18:12:03] DEPRECATION WARNING: please use MorganGenerator
[18:12:03] DEPRECATION WARNING: please use MorganGenerator
[18:12:03] DEPRECATION WARNING: please use MorganGenerator
[18:12:03] DEPRECATION WARNING: please use MorganGenerator
[18:12:03] DEPRECATION WARNING: please use MorganGenerator
[18:12:03] DEPRECATION WARNING: please use MorganGenerator
[18:12:03] DEPRECATION WARNING: please use MorganGenerator
[18:12:03] DEPRECATION WARNING: please use MorganGenerator
[18:12:03] DEPRECATION WARNING: please use MorganGenerator
[18:12:03] DEPRECATION WARNING: please use MorganGenerator
[18:12:03] DEPRECATION WARNING: please use MorganGenerator
[18:12:03] DEPRECATION WARNING: please use MorganGenerator
[18:12:03] DEPRECATION WARNING: please use MorganGenerator
[18:12:03] DEPRECATION WARNING: please use MorganGenerator
[18:12:03] DEPRECATION WARNING: please use MorganGenerator
[18:12:03] DEPRECATION WARNING: please use MorganGenerator
[18:12:03] DEPRECATION WARNING: please use MorganGenerator
[18:12:03] DEPRECATION WARNING: please use MorganGenerator
[18:12:03] DEPRECATION WARNING: please use MorganGenerator
[18:12:03] DEPRECATION WARNING: please use MorganGenerator
[18:12:03] DEPRECATION WARNING: please use MorganGenerator
[18:12:03] DEPRECATION WARNING: please use MorganGenerator
[18:12:03] DEPRECATION WARNING: please use MorganGenerator
[18:12:03] DEPRECATION WARNING: please use MorganGenerator
[18:12:03] DEPRECATION WARNING: please use MorganGenerator
[18:12:03] DEPRECATION WARNING: please use MorganGenerator
[18:12:03] DEPRECATION WARNING: please use MorganGenerator
[18:12:03] DEPRECATION WARNING: please use MorganGenerator
[18:12:03] DEPRECATION WARNING: please use MorganGenerator
[18:12:03] DEPRECATION WARNING: please use MorganGenerator
[18:12:03] DEPRECATION WARNING: please use MorganGenerator
[18:12:03] DEPRECATION WARNING: please use MorganGenerator
[18:12:03] DEPRECATION WARNING: please use MorganGenerator
[18:12:03] DEPRECATION WARNING: please use MorganGenerator
[18:12:03] DEPRECATION WARNING: please use MorganGenerator
[18:12:03] DEPRECATION WARNING: please use MorganGenerator
[18:12:03] DEPRECATION WARNING: please use MorganGenerator
[18:12:03] DEPRECATION WARNING: please use MorganGenerator
[18:12:03] DEPRECATION WARNING: please use MorganGenerator
[18:12:03] DEPRECATION WARNING: please use MorganGenerator
[18:12:03] DEPRECATION WARNING: please use MorganGenerator
[18:12:03] DEPRECATION WARNING: please use MorganGenerator
[18:12:03] DEPRECATION WARNING: please use MorganGenerator
[18:12:03] DEPRECATION WARNING: please use MorganGenerator
[18:12:03] DEPRECATION WARNING: please use MorganGenerator
[18:12:03] DEPRECATION WARNING: please use MorganGenerator
[18:12:03] DEPRECATION WARNING: please use MorganGenerator
[18:12:03] DEPRECATION WARNING: please use MorganGenerator
[18:12:03] DEPRECATION WARNING: please use MorganGenerator
[18:12:03] DEPRECATION WARNING: please use MorganGenerator
[18:12:03] DEPRECATION WARNING: please use MorganGenerator
[18:12:03] DEPRECATION WARNING: please use MorganGenerator
[18:12:03] DEPRECATION WARNING: please use MorganGenerator
[18:12:03] DEPRECATION WARNING: please use MorganGenerator
[18:12:03] DEPRECATION WARNING: please use MorganGenerator
[18:12:03] DEPRECATION WARNING: please use MorganGenerator
[18:12:03] DEPRECATION WARNING: please use MorganGenerator
[18:12:03] DEPRECATION WARNING: please use MorganGenerator
[18:12:03] DEPRECATION WARNING: please use MorganGenerator
[18:12:03] DEPRECATION WARNING: please use MorganGenerator
[18:12:03] DEPRECATION WARNING: please use MorganGenerator
[18:12:03] DEPRECATION WARNING: please use MorganGenerator
[18:12:03] DEPRECATION WARNING: please use MorganGenerator
[18:12:03] DEPRECATION WARNING: please use MorganGenerator
[18:12:03] DEPRECATION WARNING: please use MorganGenerator
[18:12:03] DEPRECATION WARNING: please use MorganGenerator
[18:12:03] DEPRECATION WARNING: please use MorganGenerator
[18:12:03] DEPRECATION WARNING: please use MorganGenerator
[18:12:03] DEPRECATION WARNING: please use MorganGenerator
[18:12:03] DEPRECATION WARNING: please use MorganGenerator
[18:12:03] DEPRECATION WARNING: please use MorganGenerator
[18:12:03] DEPRECATION WARNING: please use MorganGenerator
[18:12:03] DEPRECATION WARNING: please use MorganGenerator
[18:12:03] DEPRECATION WARNING: please use MorganGenerator
[18:12:03] DEPRECATION WARNING: please use MorganGenerator
[18:12:03] DEPRECATION WARNING: please use MorganGenerator
[18:12:03] DEPRECATION WARNING: please use MorganGenerator
[18:12:03] DEPRECATION WARNING: please use MorganGenerator
[18:12:03] DEPRECATION WARNING: please use MorganGenerator
[18:12:03] DEPRECATION WARNING: please use MorganGenerator
[18:12:03] DEPRECATION WARNING: please use MorganGenerator
[18:12:03] DEPRECATION WARNING: please use MorganGenerator
[18:12:03] DEPRECATION WARNING: please use MorganGenerator
[18:12:03] DEPRECATION WARNING: please use MorganGenerator
[18:12:03] DEPRECATION WARNING: please use MorganGenerator
[18:12:03] DEPRECATION WARNING: please use MorganGenerator
[18:12:03] DEPRECATION WARNING: please use MorganGenerator
[18:12:03] DEPRECATION WARNING: please use MorganGenerator
[18:12:03] DEPRECATION WARNING: please use MorganGenerator
[18:12:03] DEPRECATION WARNING: please use MorganGenerator
[18:12:03] DEPRECATION WARNING: please use MorganGenerator
[18:12:03] DEPRECATION WARNING: please use MorganGenerator
[18:12:03] DEPRECATION WARNING: please use MorganGenerator
[18:12:03] DEPRECATION WARNING: please use MorganGenerator
[18:12:03] DEPRECATION WARNING: please use MorganGenerator
[18:12:03] DEPRECATION WARNING: please use MorganGenerator
[18:12:03] DEPRECATION WARNING: please use MorganGenerator
[18:12:03] DEPRECATION WARNING: please use MorganGenerator
[18:12:03] DEPRECATION WARNING: please use MorganGenerator
[18:12:03] DEPRECATION WARNING: please use MorganGenerator
[18:12:03] DEPRECATION WARNING: please use MorganGenerator
[18:12:03] DEPRECATION WARNING: please use MorganGenerator
[18:12:03] DEPRECATION WARNING: please use MorganGenerator
[18:12:03] DEPRECATION WARNING: please use MorganGenerator
[18:12:03] DEPRECATION WARNING: please use MorganGenerator
[18:12:03] DEPRECATION WARNING: please use MorganGenerator
[18:12:03] DEPRECATION WARNING: please use MorganGenerator
[18:12:03] DEPRECATION WARNING: please use MorganGenerator
[18:12:03] DEPRECATION WARNING: please use MorganGenerator
[18:12:03] DEPRECATION WARNING: please use MorganGenerator
[18:12:03] DEPRECATION WARNING: please use MorganGenerator
[18:12:03] DEPRECATION WARNING: please use MorganGenerator
[18:12:03] DEPRECATION WARNING: please use MorganGenerator
[18:12:03] DEPRECATION WARNING: please use MorganGenerator
[18:12:03] DEPRECATION WARNING: please use MorganGenerator
[18:12:03] DEPRECATION WARNING: please use MorganGenerator
[18:12:03] DEPRECATION WARNING: please use MorganGenerator
[18:12:03] DEPRECATION WARNING: please use MorganGenerator
[18:12:03] DEPRECATION WARNING: please use MorganGenerator
[18:12:03] DEPRECATION WARNING: please use MorganGenerator
[18:12:03] DEPRECATION WARNING: please use MorganGenerator
[18:12:03] DEPRECATION WARNING: please use MorganGenerator
[18:12:03] DEPRECATION WARNING: please use MorganGenerator
[18:12:03] DEPRECATION WARNING: please use MorganGenerator
[18:12:03] DEPRECATION WARNING: please use MorganGenerator
[18:12:03] DEPRECATION WARNING: please use MorganGenerator
[18:12:03] DEPRECATION WARNING: please use MorganGenerator
[18:12:03] DEPRECATION WARNING: please use MorganGenerator
[18:12:03] DEPRECATION WARNING: please use MorganGenerator
[18:12:03] DEPRECATION WARNING: please use MorganGenerator
[18:12:03] DEPRECATION WARNING: please use MorganGenerator
[18:12:03] DEPRECATION WARNING: please use MorganGenerator
[18:12:03] DEPRECATION WARNING: please use MorganGenerator
[18:12:03] DEPRECATION WARNING: please use MorganGenerator
[18:12:03] DEPRECATION WARNING: please use MorganGenerator
[18:12:03] DEPRECATION WARNING: please use MorganGenerator
[18:12:03] DEPRECATION WARNING: please use MorganGenerator
[18:12:03] DEPRECATION WARNING: please use MorganGenerator
[18:12:03] DEPRECATION WARNING: please use MorganGenerator
[18:12:03] DEPRECATION WARNING: please use MorganGenerator
[18:12:03] DEPRECATION WARNING: please use MorganGenerator
[18:12:03] DEPRECATION WARNING: please use MorganGenerator
[18:12:03] DEPRECATION WARNING: please use MorganGenerator
[18:12:03] DEPRECATION WARNING: please use MorganGenerator
[18:12:03] DEPRECATION WARNING: please use MorganGenerator
[18:12:03] DEPRECATION WARNING: please use MorganGenerator
[18:12:03] DEPRECATION WARNING: please use MorganGenerator
[18:12:03] DEPRECATION WARNING: please use MorganGenerator
[18:12:03] DEPRECATION WARNING: please use MorganGenerator
[18:12:03] DEPRECATION WARNING: please use MorganGenerator
[18:12:03] DEPRECATION WARNING: please use MorganGenerator
[18:12:03] DEPRECATION WARNING: please use MorganGenerator
[18:12:03] DEPRECATION WARNING: please use MorganGenerator
[18:12:03] DEPRECATION WARNING: please use MorganGenerator
[18:12:03] DEPRECATION WARNING: please use MorganGenerator
[18:12:03] DEPRECATION WARNING: please use MorganGenerator
[18:12:03] DEPRECATION WARNING: please use MorganGenerator
[18:12:03] DEPRECATION WARNING: please use MorganGenerator
[18:12:03] DEPRECATION WARNING: please use MorganGenerator
[18:12:03] DEPRECATION WARNING: please use MorganGenerator
[18:12:03] DEPRECATION WARNING: please use MorganGenerator
[18:12:03] DEPRECATION WARNING: please use MorganGenerator
[18:12:03] DEPRECATION WARNING: please use MorganGenerator
[18:12:03] DEPRECATION WARNING: please use MorganGenerator
[18:12:03] DEPRECATION WARNING: please use MorganGenerator
[18:12:03] DEPRECATION WARNING: please use MorganGenerator
[18:12:03] DEPRECATION WARNING: please use MorganGenerator
[18:12:03] DEPRECATION WARNING: please use MorganGenerator
[18:12:03] DEPRECATION WARNING: please use MorganGenerator
[18:12:03] DEPRECATION WARNING: please use MorganGenerator
[18:12:03] DEPRECATION WARNING: please use MorganGenerator
[18:12:03] DEPRECATION WARNING: please use MorganGenerator
[18:12:03] DEPRECATION WARNING: please use MorganGenerator
[18:12:03] DEPRECATION WARNING: please use MorganGenerator
[18:12:03] DEPRECATION WARNING: please use MorganGenerator
[18:12:03] DEPRECATION WARNING: please use MorganGenerator
[18:12:03] DEPRECATION WARNING: please use MorganGenerator
[18:12:03] DEPRECATION WARNING: please use MorganGenerator
[18:12:03] DEPRECATION WARNING: please use MorganGenerator
[18:12:03] DEPRECATION WARNING: please use MorganGenerator
[18:12:03] DEPRECATION WARNING: please use MorganGenerator
[18:12:03] DEPRECATION WARNING: please use MorganGenerator
[18:12:03] DEPRECATION WARNING: please use MorganGenerator
[18:12:03] DEPRECATION WARNING: please use MorganGenerator
[18:12:03] DEPRECATION WARNING: please use MorganGenerator
[18:12:03] DEPRECATION WARNING: please use MorganGenerator
[18:12:03] DEPRECATION WARNING: please use MorganGenerator
[18:12:03] DEPRECATION WARNING: please use MorganGenerator
[18:12:03] DEPRECATION WARNING: please use MorganGenerator
[18:12:03] DEPRECATION WARNING: please use MorganGenerator
[18:12:03] DEPRECATION WARNING: please use MorganGenerator
[18:12:03] DEPRECATION WARNING: please use MorganGenerator
[18:12:03] DEPRECATION WARNING: please use MorganGenerator
[18:12:03] DEPRECATION WARNING: please use MorganGenerator
[18:12:03] DEPRECATION WARNING: please use MorganGenerator
[18:12:03] DEPRECATION WARNING: please use MorganGenerator
[18:12:03] DEPRECATION WARNING: please use MorganGenerator
[18:12:03] DEPRECATION WARNING: please use MorganGenerator
[18:12:03] DEPRECATION WARNING: please use MorganGenerator
[18:12:03] DEPRECATION WARNING: please use MorganGenerator
[18:12:03] DEPRECATION WARNING: please use MorganGenerator
[18:12:03] DEPRECATION WARNING: please use MorganGenerator
[18:12:03] DEPRECATION WARNING: please use MorganGenerator
[18:12:03] DEPRECATION WARNING: please use MorganGenerator
[18:12:03] DEPRECATION WARNING: please use MorganGenerator
[18:12:03] DEPRECATION WARNING: please use MorganGenerator
[18:12:03] DEPRECATION WARNING: please use MorganGenerator
[18:12:03] DEPRECATION WARNING: please use MorganGenerator
[18:12:03] DEPRECATION WARNING: please use MorganGenerator
[18:12:03] DEPRECATION WARNING: please use MorganGenerator
[18:12:03] DEPRECATION WARNING: please use MorganGenerator
[18:12:03] DEPRECATION WARNING: please use MorganGenerator
[18:12:03] DEPRECATION WARNING: please use MorganGenerator
[18:12:03] DEPRECATION WARNING: please use MorganGenerator
[18:12:03] DEPRECATION WARNING: please use MorganGenerator
[18:12:03] DEPRECATION WARNING: please use MorganGenerator
[18:12:03] DEPRECATION WARNING: please use MorganGenerator
[18:12:03] DEPRECATION WARNING: please use MorganGenerator
[18:12:03] DEPRECATION WARNING: please use MorganGenerator
[18:12:03] DEPRECATION WARNING: please use MorganGenerator
[18:12:03] DEPRECATION WARNING: please use MorganGenerator
[18:12:03] DEPRECATION WARNING: please use MorganGenerator
[18:12:03] DEPRECATION WARNING: please use MorganGenerator
[18:12:03] DEPRECATION WARNING: please use MorganGenerator
[18:12:03] DEPRECATION WARNING: please use MorganGenerator
[18:12:03] DEPRECATION WARNING: please use MorganGenerator
[18:12:03] DEPRECATION WARNING: please use MorganGenerator
[18:12:03] DEPRECATION WARNING: please use MorganGenerator
[18:12:03] DEPRECATION WARNING: please use MorganGenerator
[18:12:03] DEPRECATION WARNING: please use MorganGenerator
[18:12:03] DEPRECATION WARNING: please use MorganGenerator
[18:12:03] DEPRECATION WARNING: please use MorganGenerator
[18:12:03] DEPRECATION WARNING: please use MorganGenerator
[18:12:03] DEPRECATION WARNING: please use MorganGenerator
[18:12:03] DEPRECATION WARNING: please use MorganGenerator
[18:12:03] DEPRECATION WARNING: please use MorganGenerator
[18:12:03] DEPRECATION WARNING: please use MorganGenerator
[18:12:03] DEPRECATION WARNING: please use MorganGenerator
[18:12:03] DEPRECATION WARNING: please use MorganGenerator
[18:12:03] DEPRECATION WARNING: please use MorganGenerator
[18:12:03] DEPRECATION WARNING: please use MorganGenerator
[18:12:03] DEPRECATION WARNING: please use MorganGenerator
[18:12:03] DEPRECATION WARNING: please use MorganGenerator
[18:12:03] DEPRECATION WARNING: please use MorganGenerator
[18:12:03] DEPRECATION WARNING: please use MorganGenerator
[18:12:03] DEPRECATION WARNING: please use MorganGenerator
[18:12:03] DEPRECATION WARNING: please use MorganGenerator
[18:12:03] DEPRECATION WARNING: please use MorganGenerator
[18:12:03] DEPRECATION WARNING: please use MorganGenerator
[18:12:03] DEPRECATION WARNING: please use MorganGenerator
[18:12:03] DEPRECATION WARNING: please use MorganGenerator
[18:12:03] DEPRECATION WARNING: please use MorganGenerator
[18:12:03] DEPRECATION WARNING: please use MorganGenerator
[18:12:03] DEPRECATION WARNING: please use MorganGenerator
[18:12:03] DEPRECATION WARNING: please use MorganGenerator
[18:12:03] DEPRECATION WARNING: please use MorganGenerator
[18:12:03] DEPRECATION WARNING: please use MorganGenerator
[18:12:03] DEPRECATION WARNING: please use MorganGenerator
[18:12:03] DEPRECATION WARNING: please use MorganGenerator
[18:12:03] DEPRECATION WARNING: please use MorganGenerator
[18:12:03] DEPRECATION WARNING: please use MorganGenerator
[18:12:03] DEPRECATION WARNING: please use MorganGenerator
[18:12:03] DEPRECATION WARNING: please use MorganGenerator
[18:12:03] DEPRECATION WARNING: please use MorganGenerator
[18:12:03] DEPRECATION WARNING: please use MorganGenerator
[18:12:03] DEPRECATION WARNING: please use MorganGenerator
[18:12:03] DEPRECATION WARNING: please use MorganGenerator
[18:12:03] DEPRECATION WARNING: please use MorganGenerator
[18:12:03] DEPRECATION WARNING: please use MorganGenerator
[18:12:03] DEPRECATION WARNING: please use MorganGenerator
[18:12:03] DEPRECATION WARNING: please use MorganGenerator
[18:12:03] DEPRECATION WARNING: please use MorganGenerator
[18:12:03] DEPRECATION WARNING: please use MorganGenerator
[18:12:03] DEPRECATION WARNING: please use MorganGenerator
[18:12:03] DEPRECATION WARNING: please use MorganGenerator
[18:12:03] DEPRECATION WARNING: please use MorganGenerator
[18:12:03] DEPRECATION WARNING: please use MorganGenerator
[18:12:03] DEPRECATION WARNING: please use MorganGenerator
[18:12:03] DEPRECATION WARNING: please use MorganGenerator
[18:12:03] DEPRECATION WARNING: please use MorganGenerator
[18:12:03] DEPRECATION WARNING: please use MorganGenerator
[18:12:03] DEPRECATION WARNING: please use MorganGenerator
[18:12:03] DEPRECATION WARNING: please use MorganGenerator
[18:12:03] DEPRECATION WARNING: please use MorganGenerator
[18:12:03] DEPRECATION WARNING: please use MorganGenerator
[18:12:03] DEPRECATION WARNING: please use MorganGenerator
[18:12:03] DEPRECATION WARNING: please use MorganGenerator
[18:12:03] DEPRECATION WARNING: please use MorganGenerator
[18:12:03] DEPRECATION WARNING: please use MorganGenerator
[18:12:03] DEPRECATION WARNING: please use MorganGenerator
[18:12:03] DEPRECATION WARNING: please use MorganGenerator
[18:12:03] DEPRECATION WARNING: please use MorganGenerator
[18:12:03] DEPRECATION WARNING: please use MorganGenerator
[18:12:03] DEPRECATION WARNING: please use MorganGenerator
[18:12:03] DEPRECATION WARNING: please use MorganGenerator
[18:12:03] DEPRECATION WARNING: please use MorganGenerator
[18:12:03] DEPRECATION WARNING: please use MorganGenerator
[18:12:03] DEPRECATION WARNING: please use MorganGenerator
[18:12:03] DEPRECATION WARNING: please use MorganGenerator
[18:12:03] DEPRECATION WARNING: please use MorganGenerator
[18:12:03] DEPRECATION WARNING: please use MorganGenerator
[18:12:03] DEPRECATION WARNING: please use MorganGenerator
[18:12:03] DEPRECATION WARNING: please use MorganGenerator
[18:12:03] DEPRECATION WARNING: please use MorganGenerator
[18:12:03] DEPRECATION WARNING: please use MorganGenerator
[18:12:03] DEPRECATION WARNING: please use MorganGenerator
[18:12:03] DEPRECATION WARNING: please use MorganGenerator
[18:12:03] DEPRECATION WARNING: please use MorganGenerator
[18:12:03] DEPRECATION WARNING: please use MorganGenerator
[18:12:03] DEPRECATION WARNING: please use MorganGenerator
[18:12:03] DEPRECATION WARNING: please use MorganGenerator
[18:12:03] DEPRECATION WARNING: please use MorganGenerator
[18:12:03] DEPRECATION WARNING: please use MorganGenerator
[18:12:03] DEPRECATION WARNING: please use MorganGenerator
[18:12:03] DEPRECATION WARNING: please use MorganGenerator
[18:12:03] DEPRECATION WARNING: please use MorganGenerator
[18:12:03] DEPRECATION WARNING: please use MorganGenerator
[18:12:03] DEPRECATION WARNING: please use MorganGenerator
[18:12:03] DEPRECATION WARNING: please use MorganGenerator
[18:12:03] DEPRECATION WARNING: please use MorganGenerator
[18:12:03] DEPRECATION WARNING: please use MorganGenerator
[18:12:03] DEPRECATION WARNING: please use MorganGenerator
[18:12:03] DEPRECATION WARNING: please use MorganGenerator
[18:12:03] DEPRECATION WARNING: please use MorganGenerator
[18:12:03] DEPRECATION WARNING: please use MorganGenerator
[18:12:03] DEPRECATION WARNING: please use MorganGenerator
[18:12:03] DEPRECATION WARNING: please use MorganGenerator
[18:12:03] DEPRECATION WARNING: please use MorganGenerator
[18:12:03] DEPRECATION WARNING: please use MorganGenerator
[18:12:03] DEPRECATION WARNING: please use MorganGenerator
[18:12:03] DEPRECATION WARNING: please use MorganGenerator
[18:12:03] DEPRECATION WARNING: please use MorganGenerator
[18:12:03] DEPRECATION WARNING: please use MorganGenerator
[18:12:03] DEPRECATION WARNING: please use MorganGenerator
[18:12:03] DEPRECATION WARNING: please use MorganGenerator
[18:12:03] DEPRECATION WARNING: please use MorganGenerator
[18:12:03] DEPRECATION WARNING: please use MorganGenerator
[18:12:03] DEPRECATION WARNING: please use MorganGenerator
[18:12:03] DEPRECATION WARNING: please use MorganGenerator
[18:12:03] DEPRECATION WARNING: please use MorganGenerator
[18:12:03] DEPRECATION WARNING: please use MorganGenerator
[18:12:03] DEPRECATION WARNING: please use MorganGenerator
[18:12:03] DEPRECATION WARNING: please use MorganGenerator
[18:12:03] DEPRECATION WARNING: please use MorganGenerator
[18:12:03] DEPRECATION WARNING: please use MorganGenerator
[18:12:03] DEPRECATION WARNING: please use MorganGenerator
[18:12:03] DEPRECATION WARNING: please use MorganGenerator
[18:12:03] DEPRECATION WARNING: please use MorganGenerator
[18:12:03] DEPRECATION WARNING: please use MorganGenerator
[18:12:03] DEPRECATION WARNING: please use MorganGenerator
[18:12:03] DEPRECATION WARNING: please use MorganGenerator
[18:12:03] DEPRECATION WARNING: please use MorganGenerator
[18:12:03] DEPRECATION WARNING: please use MorganGenerator
[18:12:03] DEPRECATION WARNING: please use MorganGenerator
[18:12:03] DEPRECATION WARNING: please use MorganGenerator
[18:12:03] DEPRECATION WARNING: please use MorganGenerator
[18:12:03] DEPRECATION WARNING: please use MorganGenerator
[18:12:03] DEPRECATION WARNING: please use MorganGenerator
[18:12:03] DEPRECATION WARNING: please use MorganGenerator
[18:12:03] DEPRECATION WARNING: please use MorganGenerator
[18:12:03] DEPRECATION WARNING: please use MorganGenerator
[18:12:03] DEPRECATION WARNING: please use MorganGenerator
[18:12:03] DEPRECATION WARNING: please use MorganGenerator
[18:12:03] DEPRECATION WARNING: please use MorganGenerator
[18:12:03] DEPRECATION WARNING: please use MorganGenerator
[18:12:03] DEPRECATION WARNING: please use MorganGenerator
[18:12:03] DEPRECATION WARNING: please use MorganGenerator
[18:12:03] DEPRECATION WARNING: please use MorganGenerator
[18:12:03] DEPRECATION WARNING: please use MorganGenerator
[18:12:03] DEPRECATION WARNING: please use MorganGenerator
[18:12:03] DEPRECATION WARNING: please use MorganGenerator
[18:12:03] DEPRECATION WARNING: please use MorganGenerator
[18:12:03] DEPRECATION WARNING: please use MorganGenerator
[18:12:03] DEPRECATION WARNING: please use MorganGenerator
[18:12:03] DEPRECATION WARNING: please use MorganGenerator
[18:12:03] DEPRECATION WARNING: please use MorganGenerator
[18:12:03] DEPRECATION WARNING: please use MorganGenerator
[18:12:03] DEPRECATION WARNING: please use MorganGenerator
[18:12:03] DEPRECATION WARNING: please use MorganGenerator
[18:12:03] DEPRECATION WARNING: please use MorganGenerator
[18:12:03] DEPRECATION WARNING: please use MorganGenerator
[18:12:03] DEPRECATION WARNING: please use MorganGenerator
[18:12:03] DEPRECATION WARNING: please use MorganGenerator
[18:12:03] DEPRECATION WARNING: please use MorganGenerator
[18:12:03] DEPRECATION WARNING: please use MorganGenerator
[18:12:03] DEPRECATION WARNING: please use MorganGenerator
[18:12:03] DEPRECATION WARNING: please use MorganGenerator
[18:12:03] DEPRECATION WARNING: please use MorganGenerator
[18:12:03] DEPRECATION WARNING: please use MorganGenerator
[18:12:03] DEPRECATION WARNING: please use MorganGenerator
[18:12:03] DEPRECATION WARNING: please use MorganGenerator
[18:12:03] DEPRECATION WARNING: please use MorganGenerator
[18:12:03] DEPRECATION WARNING: please use MorganGenerator
[18:12:03] DEPRECATION WARNING: please use MorganGenerator
[18:12:03] DEPRECATION WARNING: please use MorganGenerator
[18:12:03] DEPRECATION WARNING: please use MorganGenerator
[18:12:03] DEPRECATION WARNING: please use MorganGenerator
[18:12:03] DEPRECATION WARNING: please use MorganGenerator
[18:12:03] DEPRECATION WARNING: please use MorganGenerator
[18:12:03] DEPRECATION WARNING: please use MorganGenerator
[18:12:03] DEPRECATION WARNING: please use MorganGenerator
[18:12:03] DEPRECATION WARNING: please use MorganGenerator
[18:12:03] DEPRECATION WARNING: please use MorganGenerator
[18:12:03] DEPRECATION WARNING: please use MorganGenerator
[18:12:03] DEPRECATION WARNING: please use MorganGenerator
[18:12:03] DEPRECATION WARNING: please use MorganGenerator
[18:12:03] DEPRECATION WARNING: please use MorganGenerator
[18:12:03] DEPRECATION WARNING: please use MorganGenerator
[18:12:03] DEPRECATION WARNING: please use MorganGenerator
[18:12:03] DEPRECATION WARNING: please use MorganGenerator
[18:12:03] DEPRECATION WARNING: please use MorganGenerator
[18:12:03] DEPRECATION WARNING: please use MorganGenerator
[18:12:03] DEPRECATION WARNING: please use MorganGenerator
[18:12:03] DEPRECATION WARNING: please use MorganGenerator
[18:12:03] DEPRECATION WARNING: please use MorganGenerator
[18:12:03] DEPRECATION WARNING: please use MorganGenerator
[18:12:03] DEPRECATION WARNING: please use MorganGenerator
[18:12:03] DEPRECATION WARNING: please use MorganGenerator
[18:12:03] DEPRECATION WARNING: please use MorganGenerator
[18:12:03] DEPRECATION WARNING: please use MorganGenerator
[18:12:03] DEPRECATION WARNING: please use MorganGenerator
[18:12:03] DEPRECATION WARNING: please use MorganGenerator
[18:12:03] DEPRECATION WARNING: please use MorganGenerator
[18:12:03] DEPRECATION WARNING: please use MorganGenerator
[18:12:03] DEPRECATION WARNING: please use MorganGenerator
/opt/venv/lib/python3.12/site-packages/sklearn/utils/validation.py:2691: UserWarning: X does not have valid feature names, but LGBMRegressor was fitted with feature names
  warnings.warn(
2026-06-07 18:12:07,081 INFO experiment.runner | [MBPB__baseline__25__s0] done in 8.1s, RAE=0.1640
2026-06-07 18:12:08,484 INFO experiment.runner | [MBPB__both__50__s1] starting on host=nid005043 pid=67537
2026-06-07 18:12:11,423 INFO data.expansionrx | ExpansionRx loaded: train=5326, test=2282
2026-06-07 18:12:14,385 INFO data.harmonize | source=biogen/adme-fang-v1
match_quality=species-transfer
calibration: n_overlap=0, slope=None, intercept=None, r2=None, aligned=False
merge_strategy=aux_head
map_notes=human hPPB proxy for mouse MBPB; no mouse PPB in source, may be biased
2026-06-07 18:12:14,396 INFO agents.ml_agent | pretrain: MBPB/both on 5520 aux rows over tasks=['MBPB__t', 'LogD__t', 'KSOL__t', 'HLM CLint__t', 'MLM CLint__t', 'Caco-2 Permeability Papp A>B__t', 'Caco-2 Permeability Efflux__t', 'MPPB__t', 'MGMB__t', 'MBPB [biogen/adme-fang-v1]__t'] (aux=['LogD__t', 'KSOL__t', 'HLM CLint__t', 'MLM CLint__t', 'Caco-2 Permeability Papp A>B__t', 'Caco-2 Permeability Efflux__t', 'MPPB__t', 'MGMB__t', 'MBPB [biogen/adme-fang-v1]__t']) -> /pfs/lustrep1/scratch/project_462001520/Team3/Team3/further-improvements/results-fewshot/pf/pretrain_ckpts/MBPB__both__50__s1.ckpt
INFO: [rank: 0] Seed set to 1
2026-06-07 18:12:25,880 INFO lightning.fabric.utilities.seed | [rank: 0] Seed set to 1
INFO: GPU available: True (cuda), used: True
2026-06-07 18:12:25,998 INFO lightning.pytorch.utilities.rank_zero | GPU available: True (cuda), used: True
INFO: TPU available: False, using: 0 TPU cores
2026-06-07 18:12:25,998 INFO lightning.pytorch.utilities.rank_zero | TPU available: False, using: 0 TPU cores
INFO: 💡 Tip: For seamless cloud logging and experiment tracking, try installing [litlogger](https://pypi.org/project/litlogger/) to enable LitLogger, which logs metrics and artifacts automatically to the Lightning Experiments platform.
2026-06-07 18:12:25,998 INFO lightning.pytorch.utilities.rank_zero | 💡 Tip: For seamless cloud logging and experiment tracking, try installing [litlogger](https://pypi.org/project/litlogger/) to enable LitLogger, which logs metrics and artifacts automatically to the Lightning Experiments platform.
INFO: You are using a CUDA device ('AMD Instinct MI250X') that has Tensor Cores. To properly utilize them, you should set `torch.set_float32_matmul_precision('medium' | 'high')` which will trade-off precision for performance. For more details, read https://pytorch.org/docs/stable/generated/torch.set_float32_matmul_precision.html#torch.set_float32_matmul_precision
2026-06-07 18:12:26,103 INFO lightning.pytorch.utilities.rank_zero | You are using a CUDA device ('AMD Instinct MI250X') that has Tensor Cores. To properly utilize them, you should set `torch.set_float32_matmul_precision('medium' | 'high')` which will trade-off precision for performance. For more details, read https://pytorch.org/docs/stable/generated/torch.set_float32_matmul_precision.html#torch.set_float32_matmul_precision
INFO: LOCAL_RANK: 0 - CUDA_VISIBLE_DEVICES: [0]
2026-06-07 18:12:26,103 INFO lightning.pytorch.accelerators.cuda | LOCAL_RANK: 0 - CUDA_VISIBLE_DEVICES: [0]
INFO: Loading `train_dataloader` to estimate number of stepping batches.
2026-06-07 18:12:26,609 INFO lightning.pytorch.utilities.rank_zero | Loading `train_dataloader` to estimate number of stepping batches.
/opt/venv/lib/python3.12/site-packages/lightning/pytorch/utilities/_pytree.py:21: `isinstance(treespec, LeafSpec)` is deprecated, use `isinstance(treespec, TreeSpec) and treespec.is_leaf()` instead.
/opt/venv/lib/python3.12/site-packages/lightning/pytorch/trainer/connectors/data_connector.py:434: The 'train_dataloader' does not have many workers which may be a bottleneck. Consider increasing the value of the `num_workers` argument` to `num_workers=6` in the `DataLoader` to improve performance.
/opt/venv/lib/python3.12/site-packages/lightning/pytorch/trainer/connectors/data_connector.py:434: The 'val_dataloader' does not have many workers which may be a bottleneck. Consider increasing the value of the `num_workers` argument` to `num_workers=6` in the `DataLoader` to improve performance.
INFO: `Trainer.fit` stopped: `max_epochs=50` reached.
2026-06-07 18:15:28,393 INFO lightning.pytorch.utilities.rank_zero | `Trainer.fit` stopped: `max_epochs=50` reached.
INFO: `weights_only` was not set, defaulting to `False`.
2026-06-07 18:15:28,414 INFO lightning.pytorch.trainer.connectors.checkpoint_connector | `weights_only` was not set, defaulting to `False`.
INFO: LOCAL_RANK: 0 - CUDA_VISIBLE_DEVICES: [0]
2026-06-07 18:15:28,437 INFO lightning.pytorch.accelerators.cuda | LOCAL_RANK: 0 - CUDA_VISIBLE_DEVICES: [0]
/opt/venv/lib/python3.12/site-packages/lightning/pytorch/trainer/connectors/data_connector.py:434: The 'predict_dataloader' does not have many workers which may be a bottleneck. Consider increasing the value of the `num_workers` argument` to `num_workers=6` in the `DataLoader` to improve performance.
INFO: [rank: 0] Seed set to 1
2026-06-07 18:15:31,355 INFO lightning.fabric.utilities.seed | [rank: 0] Seed set to 1
INFO: GPU available: True (cuda), used: True
2026-06-07 18:15:31,376 INFO lightning.pytorch.utilities.rank_zero | GPU available: True (cuda), used: True
INFO: TPU available: False, using: 0 TPU cores
2026-06-07 18:15:31,376 INFO lightning.pytorch.utilities.rank_zero | TPU available: False, using: 0 TPU cores
INFO: 💡 Tip: For seamless cloud logging and experiment tracking, try installing [litlogger](https://pypi.org/project/litlogger/) to enable LitLogger, which logs metrics and artifacts automatically to the Lightning Experiments platform.
2026-06-07 18:15:31,376 INFO lightning.pytorch.utilities.rank_zero | 💡 Tip: For seamless cloud logging and experiment tracking, try installing [litlogger](https://pypi.org/project/litlogger/) to enable LitLogger, which logs metrics and artifacts automatically to the Lightning Experiments platform.
INFO: LOCAL_RANK: 0 - CUDA_VISIBLE_DEVICES: [0]
2026-06-07 18:15:31,379 INFO lightning.pytorch.accelerators.cuda | LOCAL_RANK: 0 - CUDA_VISIBLE_DEVICES: [0]
INFO: Loading `train_dataloader` to estimate number of stepping batches.
2026-06-07 18:15:31,381 INFO lightning.pytorch.utilities.rank_zero | Loading `train_dataloader` to estimate number of stepping batches.
/opt/venv/lib/python3.12/site-packages/lightning/pytorch/utilities/_pytree.py:21: `isinstance(treespec, LeafSpec)` is deprecated, use `isinstance(treespec, TreeSpec) and treespec.is_leaf()` instead.
/opt/venv/lib/python3.12/site-packages/lightning/pytorch/trainer/connectors/data_connector.py:434: The 'train_dataloader' does not have many workers which may be a bottleneck. Consider increasing the value of the `num_workers` argument` to `num_workers=6` in the `DataLoader` to improve performance.
/opt/venv/lib/python3.12/site-packages/lightning/pytorch/trainer/connectors/data_connector.py:434: The 'val_dataloader' does not have many workers which may be a bottleneck. Consider increasing the value of the `num_workers` argument` to `num_workers=6` in the `DataLoader` to improve performance.
INFO: `Trainer.fit` stopped: `max_epochs=80` reached.
2026-06-07 18:20:20,416 INFO lightning.pytorch.utilities.rank_zero | `Trainer.fit` stopped: `max_epochs=80` reached.
INFO: LOCAL_RANK: 0 - CUDA_VISIBLE_DEVICES: [0]
2026-06-07 18:20:20,425 INFO lightning.pytorch.accelerators.cuda | LOCAL_RANK: 0 - CUDA_VISIBLE_DEVICES: [0]
/opt/venv/lib/python3.12/site-packages/lightning/pytorch/trainer/connectors/data_connector.py:434: The 'predict_dataloader' does not have many workers which may be a bottleneck. Consider increasing the value of the `num_workers` argument` to `num_workers=6` in the `DataLoader` to improve performance.
2026-06-07 18:20:22,027 INFO experiment.runner | [MBPB__both__50__s1] done in 493.5s, RAE=0.1249
2026-06-07 18:20:24,523 INFO experiment.runner | [MPPB__external__100__s2] starting on host=nid005043 pid=79465
2026-06-07 18:20:27,453 INFO data.expansionrx | ExpansionRx loaded: train=5326, test=2282
2026-06-07 18:20:30,366 INFO data.harmonize | source=biogen/adme-fang-v1
match_quality=species-transfer
calibration: n_overlap=0, slope=None, intercept=None, r2=None, aligned=False
merge_strategy=aux_head
map_notes=human hPPB -> mouse MPPB
2026-06-07 18:20:30,376 INFO agents.ml_agent | pretrain: MPPB/external on 194 aux rows over tasks=['MPPB__t', 'MPPB [biogen/adme-fang-v1]__t'] (aux=['MPPB [biogen/adme-fang-v1]__t']) -> /pfs/lustrep1/scratch/project_462001520/Team3/Team3/further-improvements/results-fewshot/pf/pretrain_ckpts/MPPB__external__100__s2.ckpt
/opt/venv/lib/python3.12/site-packages/sklearn/utils/extmath.py:1207: RuntimeWarning: invalid value encountered in divide
  updated_mean = (last_sum + new_sum) / updated_sample_count
/opt/venv/lib/python3.12/site-packages/sklearn/utils/extmath.py:1212: RuntimeWarning: invalid value encountered in divide
  T = new_sum / new_sample_count
/opt/venv/lib/python3.12/site-packages/sklearn/utils/extmath.py:1236: RuntimeWarning: invalid value encountered in divide
  new_unnormalized_variance -= correction**2 / new_sample_count
INFO: [rank: 0] Seed set to 2
2026-06-07 18:20:36,059 INFO lightning.fabric.utilities.seed | [rank: 0] Seed set to 2
INFO: GPU available: True (cuda), used: True
2026-06-07 18:20:36,170 INFO lightning.pytorch.utilities.rank_zero | GPU available: True (cuda), used: True
INFO: TPU available: False, using: 0 TPU cores
2026-06-07 18:20:36,170 INFO lightning.pytorch.utilities.rank_zero | TPU available: False, using: 0 TPU cores
INFO: 💡 Tip: For seamless cloud logging and experiment tracking, try installing [litlogger](https://pypi.org/project/litlogger/) to enable LitLogger, which logs metrics and artifacts automatically to the Lightning Experiments platform.
2026-06-07 18:20:36,170 INFO lightning.pytorch.utilities.rank_zero | 💡 Tip: For seamless cloud logging and experiment tracking, try installing [litlogger](https://pypi.org/project/litlogger/) to enable LitLogger, which logs metrics and artifacts automatically to the Lightning Experiments platform.
INFO: You are using a CUDA device ('AMD Instinct MI250X') that has Tensor Cores. To properly utilize them, you should set `torch.set_float32_matmul_precision('medium' | 'high')` which will trade-off precision for performance. For more details, read https://pytorch.org/docs/stable/generated/torch.set_float32_matmul_precision.html#torch.set_float32_matmul_precision
2026-06-07 18:20:36,265 INFO lightning.pytorch.utilities.rank_zero | You are using a CUDA device ('AMD Instinct MI250X') that has Tensor Cores. To properly utilize them, you should set `torch.set_float32_matmul_precision('medium' | 'high')` which will trade-off precision for performance. For more details, read https://pytorch.org/docs/stable/generated/torch.set_float32_matmul_precision.html#torch.set_float32_matmul_precision
INFO: LOCAL_RANK: 0 - CUDA_VISIBLE_DEVICES: [0]
2026-06-07 18:20:36,265 INFO lightning.pytorch.accelerators.cuda | LOCAL_RANK: 0 - CUDA_VISIBLE_DEVICES: [0]
INFO: Loading `train_dataloader` to estimate number of stepping batches.
2026-06-07 18:20:36,425 INFO lightning.pytorch.utilities.rank_zero | Loading `train_dataloader` to estimate number of stepping batches.
/opt/venv/lib/python3.12/site-packages/lightning/pytorch/utilities/_pytree.py:21: `isinstance(treespec, LeafSpec)` is deprecated, use `isinstance(treespec, TreeSpec) and treespec.is_leaf()` instead.
/opt/venv/lib/python3.12/site-packages/lightning/pytorch/trainer/connectors/data_connector.py:434: The 'train_dataloader' does not have many workers which may be a bottleneck. Consider increasing the value of the `num_workers` argument` to `num_workers=6` in the `DataLoader` to improve performance.
/opt/venv/lib/python3.12/site-packages/lightning/pytorch/trainer/connectors/data_connector.py:434: The 'val_dataloader' does not have many workers which may be a bottleneck. Consider increasing the value of the `num_workers` argument` to `num_workers=6` in the `DataLoader` to improve performance.
INFO: `Trainer.fit` stopped: `max_epochs=50` reached.
2026-06-07 18:20:45,730 INFO lightning.pytorch.utilities.rank_zero | `Trainer.fit` stopped: `max_epochs=50` reached.
INFO: `weights_only` was not set, defaulting to `False`.
2026-06-07 18:20:45,751 INFO lightning.pytorch.trainer.connectors.checkpoint_connector | `weights_only` was not set, defaulting to `False`.
INFO: LOCAL_RANK: 0 - CUDA_VISIBLE_DEVICES: [0]
2026-06-07 18:20:45,874 INFO lightning.pytorch.accelerators.cuda | LOCAL_RANK: 0 - CUDA_VISIBLE_DEVICES: [0]
/opt/venv/lib/python3.12/site-packages/lightning/pytorch/trainer/connectors/data_connector.py:434: The 'predict_dataloader' does not have many workers which may be a bottleneck. Consider increasing the value of the `num_workers` argument` to `num_workers=6` in the `DataLoader` to improve performance.
INFO: [rank: 0] Seed set to 2
2026-06-07 18:20:47,967 INFO lightning.fabric.utilities.seed | [rank: 0] Seed set to 2
INFO: GPU available: True (cuda), used: True
2026-06-07 18:20:47,988 INFO lightning.pytorch.utilities.rank_zero | GPU available: True (cuda), used: True
INFO: TPU available: False, using: 0 TPU cores
2026-06-07 18:20:47,988 INFO lightning.pytorch.utilities.rank_zero | TPU available: False, using: 0 TPU cores
INFO: 💡 Tip: For seamless cloud logging and experiment tracking, try installing [litlogger](https://pypi.org/project/litlogger/) to enable LitLogger, which logs metrics and artifacts automatically to the Lightning Experiments platform.
2026-06-07 18:20:47,988 INFO lightning.pytorch.utilities.rank_zero | 💡 Tip: For seamless cloud logging and experiment tracking, try installing [litlogger](https://pypi.org/project/litlogger/) to enable LitLogger, which logs metrics and artifacts automatically to the Lightning Experiments platform.
INFO: LOCAL_RANK: 0 - CUDA_VISIBLE_DEVICES: [0]
2026-06-07 18:20:47,990 INFO lightning.pytorch.accelerators.cuda | LOCAL_RANK: 0 - CUDA_VISIBLE_DEVICES: [0]
INFO: Loading `train_dataloader` to estimate number of stepping batches.
2026-06-07 18:20:47,992 INFO lightning.pytorch.utilities.rank_zero | Loading `train_dataloader` to estimate number of stepping batches.
/opt/venv/lib/python3.12/site-packages/lightning/pytorch/utilities/_pytree.py:21: `isinstance(treespec, LeafSpec)` is deprecated, use `isinstance(treespec, TreeSpec) and treespec.is_leaf()` instead.
/opt/venv/lib/python3.12/site-packages/lightning/pytorch/trainer/connectors/data_connector.py:434: The 'train_dataloader' does not have many workers which may be a bottleneck. Consider increasing the value of the `num_workers` argument` to `num_workers=6` in the `DataLoader` to improve performance.
/opt/venv/lib/python3.12/site-packages/lightning/pytorch/trainer/connectors/data_connector.py:434: The 'val_dataloader' does not have many workers which may be a bottleneck. Consider increasing the value of the `num_workers` argument` to `num_workers=6` in the `DataLoader` to improve performance.
INFO: `Trainer.fit` stopped: `max_epochs=80` reached.
2026-06-07 18:21:04,360 INFO lightning.pytorch.utilities.rank_zero | `Trainer.fit` stopped: `max_epochs=80` reached.
INFO: LOCAL_RANK: 0 - CUDA_VISIBLE_DEVICES: [0]
2026-06-07 18:21:04,370 INFO lightning.pytorch.accelerators.cuda | LOCAL_RANK: 0 - CUDA_VISIBLE_DEVICES: [0]
/opt/venv/lib/python3.12/site-packages/lightning/pytorch/trainer/connectors/data_connector.py:434: The 'predict_dataloader' does not have many workers which may be a bottleneck. Consider increasing the value of the `num_workers` argument` to `num_workers=6` in the `DataLoader` to improve performance.
2026-06-07 18:21:05,916 INFO experiment.runner | [MPPB__external__100__s2] done in 41.4s, RAE=0.1585
2026-06-07 18:21:08,400 INFO experiment.runner | [KSOL__external__25__s3] starting on host=nid005043 pid=79967
2026-06-07 18:21:11,366 INFO data.expansionrx | ExpansionRx loaded: train=5326, test=2282
[18:21:13] Can't kekulize mol.  Unkekulized atoms: 10 22
[18:21:13] Can't kekulize mol.  Unkekulized atoms: 8 19
[18:21:14] Can't kekulize mol.  Unkekulized atoms: 9 19
2026-06-07 18:21:18,139 INFO data.harmonize | source=biogen/adme-fang-v1
match_quality=protocol-caveat
calibration: n_overlap=0, slope=None, intercept=None, r2=None, aligned=False
merge_strategy=aux_head
map_notes=needs ug/mL -> uM via MW; protocol differs
2026-06-07 18:21:18,149 INFO agents.ml_agent | pretrain: KSOL/external on 2172 aux rows over tasks=['KSOL__t', 'KSOL [biogen/adme-fang-v1]__t'] (aux=['KSOL [biogen/adme-fang-v1]__t']) -> /pfs/lustrep1/scratch/project_462001520/Team3/Team3/further-improvements/results-fewshot/pf/pretrain_ckpts/KSOL__external__25__s3.ckpt
/opt/venv/lib/python3.12/site-packages/sklearn/utils/extmath.py:1207: RuntimeWarning: invalid value encountered in divide
  updated_mean = (last_sum + new_sum) / updated_sample_count
/opt/venv/lib/python3.12/site-packages/sklearn/utils/extmath.py:1212: RuntimeWarning: invalid value encountered in divide
  T = new_sum / new_sample_count
/opt/venv/lib/python3.12/site-packages/sklearn/utils/extmath.py:1236: RuntimeWarning: invalid value encountered in divide
  new_unnormalized_variance -= correction**2 / new_sample_count
INFO: [rank: 0] Seed set to 3
2026-06-07 18:21:24,036 INFO lightning.fabric.utilities.seed | [rank: 0] Seed set to 3
INFO: GPU available: True (cuda), used: True
2026-06-07 18:21:24,148 INFO lightning.pytorch.utilities.rank_zero | GPU available: True (cuda), used: True
INFO: TPU available: False, using: 0 TPU cores
2026-06-07 18:21:24,148 INFO lightning.pytorch.utilities.rank_zero | TPU available: False, using: 0 TPU cores
INFO: 💡 Tip: For seamless cloud logging and experiment tracking, try installing [litlogger](https://pypi.org/project/litlogger/) to enable LitLogger, which logs metrics and artifacts automatically to the Lightning Experiments platform.
2026-06-07 18:21:24,148 INFO lightning.pytorch.utilities.rank_zero | 💡 Tip: For seamless cloud logging and experiment tracking, try installing [litlogger](https://pypi.org/project/litlogger/) to enable LitLogger, which logs metrics and artifacts automatically to the Lightning Experiments platform.
INFO: You are using a CUDA device ('AMD Instinct MI250X') that has Tensor Cores. To properly utilize them, you should set `torch.set_float32_matmul_precision('medium' | 'high')` which will trade-off precision for performance. For more details, read https://pytorch.org/docs/stable/generated/torch.set_float32_matmul_precision.html#torch.set_float32_matmul_precision
2026-06-07 18:21:24,242 INFO lightning.pytorch.utilities.rank_zero | You are using a CUDA device ('AMD Instinct MI250X') that has Tensor Cores. To properly utilize them, you should set `torch.set_float32_matmul_precision('medium' | 'high')` which will trade-off precision for performance. For more details, read https://pytorch.org/docs/stable/generated/torch.set_float32_matmul_precision.html#torch.set_float32_matmul_precision
INFO: LOCAL_RANK: 0 - CUDA_VISIBLE_DEVICES: [0]
2026-06-07 18:21:24,242 INFO lightning.pytorch.accelerators.cuda | LOCAL_RANK: 0 - CUDA_VISIBLE_DEVICES: [0]
INFO: Loading `train_dataloader` to estimate number of stepping batches.
2026-06-07 18:21:24,404 INFO lightning.pytorch.utilities.rank_zero | Loading `train_dataloader` to estimate number of stepping batches.
/opt/venv/lib/python3.12/site-packages/lightning/pytorch/utilities/_pytree.py:21: `isinstance(treespec, LeafSpec)` is deprecated, use `isinstance(treespec, TreeSpec) and treespec.is_leaf()` instead.
/opt/venv/lib/python3.12/site-packages/lightning/pytorch/trainer/connectors/data_connector.py:434: The 'train_dataloader' does not have many workers which may be a bottleneck. Consider increasing the value of the `num_workers` argument` to `num_workers=6` in the `DataLoader` to improve performance.
/opt/venv/lib/python3.12/site-packages/lightning/pytorch/trainer/connectors/data_connector.py:434: The 'val_dataloader' does not have many workers which may be a bottleneck. Consider increasing the value of the `num_workers` argument` to `num_workers=6` in the `DataLoader` to improve performance.
INFO: `Trainer.fit` stopped: `max_epochs=50` reached.
2026-06-07 18:22:31,090 INFO lightning.pytorch.utilities.rank_zero | `Trainer.fit` stopped: `max_epochs=50` reached.
INFO: `weights_only` was not set, defaulting to `False`.
2026-06-07 18:22:31,111 INFO lightning.pytorch.trainer.connectors.checkpoint_connector | `weights_only` was not set, defaulting to `False`.
INFO: LOCAL_RANK: 0 - CUDA_VISIBLE_DEVICES: [0]
2026-06-07 18:22:31,134 INFO lightning.pytorch.accelerators.cuda | LOCAL_RANK: 0 - CUDA_VISIBLE_DEVICES: [0]
/opt/venv/lib/python3.12/site-packages/lightning/pytorch/trainer/connectors/data_connector.py:434: The 'predict_dataloader' does not have many workers which may be a bottleneck. Consider increasing the value of the `num_workers` argument` to `num_workers=6` in the `DataLoader` to improve performance.
INFO: [rank: 0] Seed set to 3
2026-06-07 18:22:33,471 INFO lightning.fabric.utilities.seed | [rank: 0] Seed set to 3
INFO: GPU available: True (cuda), used: True
2026-06-07 18:22:33,492 INFO lightning.pytorch.utilities.rank_zero | GPU available: True (cuda), used: True
INFO: TPU available: False, using: 0 TPU cores
2026-06-07 18:22:33,492 INFO lightning.pytorch.utilities.rank_zero | TPU available: False, using: 0 TPU cores
INFO: 💡 Tip: For seamless cloud logging and experiment tracking, try installing [litlogger](https://pypi.org/project/litlogger/) to enable LitLogger, which logs metrics and artifacts automatically to the Lightning Experiments platform.
2026-06-07 18:22:33,492 INFO lightning.pytorch.utilities.rank_zero | 💡 Tip: For seamless cloud logging and experiment tracking, try installing [litlogger](https://pypi.org/project/litlogger/) to enable LitLogger, which logs metrics and artifacts automatically to the Lightning Experiments platform.
INFO: LOCAL_RANK: 0 - CUDA_VISIBLE_DEVICES: [0]
2026-06-07 18:22:33,495 INFO lightning.pytorch.accelerators.cuda | LOCAL_RANK: 0 - CUDA_VISIBLE_DEVICES: [0]
INFO: Loading `train_dataloader` to estimate number of stepping batches.
2026-06-07 18:22:33,497 INFO lightning.pytorch.utilities.rank_zero | Loading `train_dataloader` to estimate number of stepping batches.
/opt/venv/lib/python3.12/site-packages/lightning/pytorch/utilities/_pytree.py:21: `isinstance(treespec, LeafSpec)` is deprecated, use `isinstance(treespec, TreeSpec) and treespec.is_leaf()` instead.
/opt/venv/lib/python3.12/site-packages/lightning/pytorch/trainer/connectors/data_connector.py:434: The 'train_dataloader' does not have many workers which may be a bottleneck. Consider increasing the value of the `num_workers` argument` to `num_workers=6` in the `DataLoader` to improve performance.
/opt/venv/lib/python3.12/site-packages/lightning/pytorch/trainer/connectors/data_connector.py:434: The 'val_dataloader' does not have many workers which may be a bottleneck. Consider increasing the value of the `num_workers` argument` to `num_workers=6` in the `DataLoader` to improve performance.
INFO: `Trainer.fit` stopped: `max_epochs=80` reached.
2026-06-07 18:24:17,612 INFO lightning.pytorch.utilities.rank_zero | `Trainer.fit` stopped: `max_epochs=80` reached.
INFO: LOCAL_RANK: 0 - CUDA_VISIBLE_DEVICES: [0]
2026-06-07 18:24:17,621 INFO lightning.pytorch.accelerators.cuda | LOCAL_RANK: 0 - CUDA_VISIBLE_DEVICES: [0]
/opt/venv/lib/python3.12/site-packages/lightning/pytorch/trainer/connectors/data_connector.py:434: The 'predict_dataloader' does not have many workers which may be a bottleneck. Consider increasing the value of the `num_workers` argument` to `num_workers=6` in the `DataLoader` to improve performance.
2026-06-07 18:24:19,207 INFO experiment.runner | [KSOL__external__25__s3] done in 190.8s, RAE=0.3616
