The following modules were not unloaded:
  (Use "module --force purge" to unload all):

  1) ModuleLabel/label   2) lumi-tools/26.05   3) init-lumi/0.2

The following sticky modules could not be reloaded:

  1) lumi-tools
2026-06-07 18:24:28,096 INFO experiment.runner | [MBPB__baseline__50__s2] starting on host=nid007948 pid=103115
2026-06-07 18:24:31,413 INFO data.expansionrx | ExpansionRx loaded: train=5326, test=2282
[18:24:31] DEPRECATION WARNING: please use MorganGenerator
[18:24:31] DEPRECATION WARNING: please use MorganGenerator
[18:24:31] DEPRECATION WARNING: please use MorganGenerator
[18:24:31] DEPRECATION WARNING: please use MorganGenerator
[18:24:31] DEPRECATION WARNING: please use MorganGenerator
[18:24:31] DEPRECATION WARNING: please use MorganGenerator
[18:24:31] DEPRECATION WARNING: please use MorganGenerator
[18:24:31] DEPRECATION WARNING: please use MorganGenerator
[18:24:31] DEPRECATION WARNING: please use MorganGenerator
[18:24:31] DEPRECATION WARNING: please use MorganGenerator
[18:24:31] DEPRECATION WARNING: please use MorganGenerator
[18:24:31] DEPRECATION WARNING: please use MorganGenerator
[18:24:31] DEPRECATION WARNING: please use MorganGenerator
[18:24:31] DEPRECATION WARNING: please use MorganGenerator
[18:24:31] DEPRECATION WARNING: please use MorganGenerator
[18:24:31] DEPRECATION WARNING: please use MorganGenerator
[18:24:31] DEPRECATION WARNING: please use MorganGenerator
[18:24:31] DEPRECATION WARNING: please use MorganGenerator
[18:24:31] DEPRECATION WARNING: please use MorganGenerator
[18:24:31] DEPRECATION WARNING: please use MorganGenerator
[18:24:31] DEPRECATION WARNING: please use MorganGenerator
[18:24:31] DEPRECATION WARNING: please use MorganGenerator
[18:24:31] DEPRECATION WARNING: please use MorganGenerator
[18:24:31] DEPRECATION WARNING: please use MorganGenerator
[18:24:31] DEPRECATION WARNING: please use MorganGenerator
[18:24:31] DEPRECATION WARNING: please use MorganGenerator
[18:24:31] DEPRECATION WARNING: please use MorganGenerator
[18:24:31] DEPRECATION WARNING: please use MorganGenerator
[18:24:31] DEPRECATION WARNING: please use MorganGenerator
[18:24:31] DEPRECATION WARNING: please use MorganGenerator
[18:24:31] DEPRECATION WARNING: please use MorganGenerator
[18:24:31] DEPRECATION WARNING: please use MorganGenerator
[18:24:31] DEPRECATION WARNING: please use MorganGenerator
[18:24:31] DEPRECATION WARNING: please use MorganGenerator
[18:24:31] DEPRECATION WARNING: please use MorganGenerator
[18:24:31] DEPRECATION WARNING: please use MorganGenerator
[18:24:31] DEPRECATION WARNING: please use MorganGenerator
[18:24:31] DEPRECATION WARNING: please use MorganGenerator
[18:24:31] DEPRECATION WARNING: please use MorganGenerator
[18:24:31] DEPRECATION WARNING: please use MorganGenerator
[18:24:31] DEPRECATION WARNING: please use MorganGenerator
[18:24:31] DEPRECATION WARNING: please use MorganGenerator
[18:24:31] DEPRECATION WARNING: please use MorganGenerator
[18:24:31] DEPRECATION WARNING: please use MorganGenerator
[18:24:31] DEPRECATION WARNING: please use MorganGenerator
[18:24:31] DEPRECATION WARNING: please use MorganGenerator
[18:24:31] DEPRECATION WARNING: please use MorganGenerator
[18:24:31] DEPRECATION WARNING: please use MorganGenerator
[18:24:31] DEPRECATION WARNING: please use MorganGenerator
[18:24:31] DEPRECATION WARNING: please use MorganGenerator
[18:24:31] DEPRECATION WARNING: please use MorganGenerator
[18:24:31] DEPRECATION WARNING: please use MorganGenerator
[18:24:31] DEPRECATION WARNING: please use MorganGenerator
[18:24:31] DEPRECATION WARNING: please use MorganGenerator
[18:24:31] DEPRECATION WARNING: please use MorganGenerator
[18:24:31] DEPRECATION WARNING: please use MorganGenerator
[18:24:31] DEPRECATION WARNING: please use MorganGenerator
[18:24:31] DEPRECATION WARNING: please use MorganGenerator
[18:24:31] DEPRECATION WARNING: please use MorganGenerator
[18:24:31] DEPRECATION WARNING: please use MorganGenerator
[18:24:31] DEPRECATION WARNING: please use MorganGenerator
[18:24:31] DEPRECATION WARNING: please use MorganGenerator
[18:24:31] DEPRECATION WARNING: please use MorganGenerator
[18:24:31] DEPRECATION WARNING: please use MorganGenerator
[18:24:31] DEPRECATION WARNING: please use MorganGenerator
[18:24:31] DEPRECATION WARNING: please use MorganGenerator
[18:24:31] DEPRECATION WARNING: please use MorganGenerator
[18:24:31] DEPRECATION WARNING: please use MorganGenerator
[18:24:31] DEPRECATION WARNING: please use MorganGenerator
[18:24:31] DEPRECATION WARNING: please use MorganGenerator
[18:24:31] DEPRECATION WARNING: please use MorganGenerator
[18:24:31] DEPRECATION WARNING: please use MorganGenerator
[18:24:31] DEPRECATION WARNING: please use MorganGenerator
[18:24:31] DEPRECATION WARNING: please use MorganGenerator
[18:24:31] DEPRECATION WARNING: please use MorganGenerator
[18:24:31] DEPRECATION WARNING: please use MorganGenerator
[18:24:31] DEPRECATION WARNING: please use MorganGenerator
[18:24:31] DEPRECATION WARNING: please use MorganGenerator
[18:24:31] DEPRECATION WARNING: please use MorganGenerator
[18:24:31] DEPRECATION WARNING: please use MorganGenerator
[18:24:31] DEPRECATION WARNING: please use MorganGenerator
[18:24:31] DEPRECATION WARNING: please use MorganGenerator
[18:24:31] DEPRECATION WARNING: please use MorganGenerator
[18:24:31] DEPRECATION WARNING: please use MorganGenerator
[18:24:31] DEPRECATION WARNING: please use MorganGenerator
[18:24:31] DEPRECATION WARNING: please use MorganGenerator
[18:24:31] DEPRECATION WARNING: please use MorganGenerator
[18:24:31] DEPRECATION WARNING: please use MorganGenerator
[18:24:31] DEPRECATION WARNING: please use MorganGenerator
[18:24:31] DEPRECATION WARNING: please use MorganGenerator
[18:24:31] DEPRECATION WARNING: please use MorganGenerator
[18:24:31] DEPRECATION WARNING: please use MorganGenerator
[18:24:31] DEPRECATION WARNING: please use MorganGenerator
[18:24:31] DEPRECATION WARNING: please use MorganGenerator
[18:24:31] DEPRECATION WARNING: please use MorganGenerator
[18:24:31] DEPRECATION WARNING: please use MorganGenerator
[18:24:31] DEPRECATION WARNING: please use MorganGenerator
[18:24:31] DEPRECATION WARNING: please use MorganGenerator
[18:24:31] DEPRECATION WARNING: please use MorganGenerator
[18:24:31] DEPRECATION WARNING: please use MorganGenerator
[18:24:31] DEPRECATION WARNING: please use MorganGenerator
[18:24:31] DEPRECATION WARNING: please use MorganGenerator
[18:24:31] DEPRECATION WARNING: please use MorganGenerator
[18:24:31] DEPRECATION WARNING: please use MorganGenerator
[18:24:31] DEPRECATION WARNING: please use MorganGenerator
[18:24:31] DEPRECATION WARNING: please use MorganGenerator
[18:24:31] DEPRECATION WARNING: please use MorganGenerator
[18:24:31] DEPRECATION WARNING: please use MorganGenerator
[18:24:31] DEPRECATION WARNING: please use MorganGenerator
[18:24:31] DEPRECATION WARNING: please use MorganGenerator
[18:24:31] DEPRECATION WARNING: please use MorganGenerator
[18:24:31] DEPRECATION WARNING: please use MorganGenerator
[18:24:31] DEPRECATION WARNING: please use MorganGenerator
[18:24:31] DEPRECATION WARNING: please use MorganGenerator
[18:24:31] DEPRECATION WARNING: please use MorganGenerator
[18:24:31] DEPRECATION WARNING: please use MorganGenerator
[18:24:31] DEPRECATION WARNING: please use MorganGenerator
[18:24:31] DEPRECATION WARNING: please use MorganGenerator
[18:24:31] DEPRECATION WARNING: please use MorganGenerator
[18:24:31] DEPRECATION WARNING: please use MorganGenerator
[18:24:31] DEPRECATION WARNING: please use MorganGenerator
[18:24:31] DEPRECATION WARNING: please use MorganGenerator
[18:24:31] DEPRECATION WARNING: please use MorganGenerator
[18:24:31] DEPRECATION WARNING: please use MorganGenerator
[18:24:31] DEPRECATION WARNING: please use MorganGenerator
[18:24:31] DEPRECATION WARNING: please use MorganGenerator
[18:24:31] DEPRECATION WARNING: please use MorganGenerator
[18:24:31] DEPRECATION WARNING: please use MorganGenerator
[18:24:31] DEPRECATION WARNING: please use MorganGenerator
[18:24:31] DEPRECATION WARNING: please use MorganGenerator
[18:24:31] DEPRECATION WARNING: please use MorganGenerator
[18:24:31] DEPRECATION WARNING: please use MorganGenerator
[18:24:31] DEPRECATION WARNING: please use MorganGenerator
[18:24:31] DEPRECATION WARNING: please use MorganGenerator
[18:24:31] DEPRECATION WARNING: please use MorganGenerator
[18:24:31] DEPRECATION WARNING: please use MorganGenerator
[18:24:31] DEPRECATION WARNING: please use MorganGenerator
[18:24:31] DEPRECATION WARNING: please use MorganGenerator
[18:24:31] DEPRECATION WARNING: please use MorganGenerator
[18:24:31] DEPRECATION WARNING: please use MorganGenerator
[18:24:31] DEPRECATION WARNING: please use MorganGenerator
[18:24:31] DEPRECATION WARNING: please use MorganGenerator
[18:24:31] DEPRECATION WARNING: please use MorganGenerator
[18:24:31] DEPRECATION WARNING: please use MorganGenerator
[18:24:31] DEPRECATION WARNING: please use MorganGenerator
[18:24:31] DEPRECATION WARNING: please use MorganGenerator
[18:24:31] DEPRECATION WARNING: please use MorganGenerator
[18:24:31] DEPRECATION WARNING: please use MorganGenerator
[18:24:31] DEPRECATION WARNING: please use MorganGenerator
[18:24:31] DEPRECATION WARNING: please use MorganGenerator
[18:24:31] DEPRECATION WARNING: please use MorganGenerator
[18:24:31] DEPRECATION WARNING: please use MorganGenerator
[18:24:31] DEPRECATION WARNING: please use MorganGenerator
[18:24:31] DEPRECATION WARNING: please use MorganGenerator
[18:24:31] DEPRECATION WARNING: please use MorganGenerator
[18:24:31] DEPRECATION WARNING: please use MorganGenerator
[18:24:31] DEPRECATION WARNING: please use MorganGenerator
[18:24:31] DEPRECATION WARNING: please use MorganGenerator
[18:24:31] DEPRECATION WARNING: please use MorganGenerator
[18:24:31] DEPRECATION WARNING: please use MorganGenerator
[18:24:31] DEPRECATION WARNING: please use MorganGenerator
[18:24:31] DEPRECATION WARNING: please use MorganGenerator
[18:24:31] DEPRECATION WARNING: please use MorganGenerator
[18:24:31] DEPRECATION WARNING: please use MorganGenerator
[18:24:31] DEPRECATION WARNING: please use MorganGenerator
[18:24:31] DEPRECATION WARNING: please use MorganGenerator
[18:24:31] DEPRECATION WARNING: please use MorganGenerator
[18:24:31] DEPRECATION WARNING: please use MorganGenerator
[18:24:31] DEPRECATION WARNING: please use MorganGenerator
[18:24:31] DEPRECATION WARNING: please use MorganGenerator
[18:24:31] DEPRECATION WARNING: please use MorganGenerator
[18:24:32] DEPRECATION WARNING: please use MorganGenerator
[18:24:32] DEPRECATION WARNING: please use MorganGenerator
[18:24:32] DEPRECATION WARNING: please use MorganGenerator
[18:24:32] DEPRECATION WARNING: please use MorganGenerator
[18:24:32] DEPRECATION WARNING: please use MorganGenerator
[18:24:32] DEPRECATION WARNING: please use MorganGenerator
[18:24:32] DEPRECATION WARNING: please use MorganGenerator
[18:24:32] DEPRECATION WARNING: please use MorganGenerator
[18:24:32] DEPRECATION WARNING: please use MorganGenerator
[18:24:32] DEPRECATION WARNING: please use MorganGenerator
[18:24:32] DEPRECATION WARNING: please use MorganGenerator
[18:24:32] DEPRECATION WARNING: please use MorganGenerator
[18:24:32] DEPRECATION WARNING: please use MorganGenerator
[18:24:32] DEPRECATION WARNING: please use MorganGenerator
[18:24:32] DEPRECATION WARNING: please use MorganGenerator
[18:24:32] DEPRECATION WARNING: please use MorganGenerator
[18:24:32] DEPRECATION WARNING: please use MorganGenerator
[18:24:32] DEPRECATION WARNING: please use MorganGenerator
[18:24:32] DEPRECATION WARNING: please use MorganGenerator
[18:24:32] DEPRECATION WARNING: please use MorganGenerator
[18:24:32] DEPRECATION WARNING: please use MorganGenerator
[18:24:32] DEPRECATION WARNING: please use MorganGenerator
[18:24:32] DEPRECATION WARNING: please use MorganGenerator
[18:24:32] DEPRECATION WARNING: please use MorganGenerator
[18:24:32] DEPRECATION WARNING: please use MorganGenerator
[18:24:32] DEPRECATION WARNING: please use MorganGenerator
[18:24:32] DEPRECATION WARNING: please use MorganGenerator
[18:24:32] DEPRECATION WARNING: please use MorganGenerator
[18:24:32] DEPRECATION WARNING: please use MorganGenerator
[18:24:32] DEPRECATION WARNING: please use MorganGenerator
[18:24:32] DEPRECATION WARNING: please use MorganGenerator
[18:24:32] DEPRECATION WARNING: please use MorganGenerator
[18:24:32] DEPRECATION WARNING: please use MorganGenerator
[18:24:32] DEPRECATION WARNING: please use MorganGenerator
[18:24:32] DEPRECATION WARNING: please use MorganGenerator
[18:24:32] DEPRECATION WARNING: please use MorganGenerator
[18:24:32] DEPRECATION WARNING: please use MorganGenerator
[18:24:32] DEPRECATION WARNING: please use MorganGenerator
[18:24:32] DEPRECATION WARNING: please use MorganGenerator
[18:24:32] DEPRECATION WARNING: please use MorganGenerator
[18:24:32] DEPRECATION WARNING: please use MorganGenerator
[18:24:32] DEPRECATION WARNING: please use MorganGenerator
[18:24:32] DEPRECATION WARNING: please use MorganGenerator
[18:24:32] DEPRECATION WARNING: please use MorganGenerator
[18:24:32] DEPRECATION WARNING: please use MorganGenerator
[18:24:32] DEPRECATION WARNING: please use MorganGenerator
[18:24:32] DEPRECATION WARNING: please use MorganGenerator
[18:24:32] DEPRECATION WARNING: please use MorganGenerator
[18:24:32] DEPRECATION WARNING: please use MorganGenerator
[18:24:32] DEPRECATION WARNING: please use MorganGenerator
[18:24:32] DEPRECATION WARNING: please use MorganGenerator
[18:24:32] DEPRECATION WARNING: please use MorganGenerator
[18:24:32] DEPRECATION WARNING: please use MorganGenerator
[18:24:32] DEPRECATION WARNING: please use MorganGenerator
[18:24:32] DEPRECATION WARNING: please use MorganGenerator
[18:24:32] DEPRECATION WARNING: please use MorganGenerator
[18:24:32] DEPRECATION WARNING: please use MorganGenerator
[18:24:32] DEPRECATION WARNING: please use MorganGenerator
[18:24:32] DEPRECATION WARNING: please use MorganGenerator
[18:24:32] DEPRECATION WARNING: please use MorganGenerator
[18:24:32] DEPRECATION WARNING: please use MorganGenerator
[18:24:32] DEPRECATION WARNING: please use MorganGenerator
[18:24:32] DEPRECATION WARNING: please use MorganGenerator
[18:24:32] DEPRECATION WARNING: please use MorganGenerator
[18:24:32] DEPRECATION WARNING: please use MorganGenerator
[18:24:32] DEPRECATION WARNING: please use MorganGenerator
[18:24:32] DEPRECATION WARNING: please use MorganGenerator
[18:24:32] DEPRECATION WARNING: please use MorganGenerator
[18:24:32] DEPRECATION WARNING: please use MorganGenerator
[18:24:32] DEPRECATION WARNING: please use MorganGenerator
[18:24:32] DEPRECATION WARNING: please use MorganGenerator
[18:24:32] DEPRECATION WARNING: please use MorganGenerator
[18:24:32] DEPRECATION WARNING: please use MorganGenerator
[18:24:32] DEPRECATION WARNING: please use MorganGenerator
[18:24:32] DEPRECATION WARNING: please use MorganGenerator
[18:24:32] DEPRECATION WARNING: please use MorganGenerator
[18:24:32] DEPRECATION WARNING: please use MorganGenerator
[18:24:32] DEPRECATION WARNING: please use MorganGenerator
[18:24:32] DEPRECATION WARNING: please use MorganGenerator
[18:24:32] DEPRECATION WARNING: please use MorganGenerator
[18:24:32] DEPRECATION WARNING: please use MorganGenerator
[18:24:32] DEPRECATION WARNING: please use MorganGenerator
[18:24:32] DEPRECATION WARNING: please use MorganGenerator
[18:24:32] DEPRECATION WARNING: please use MorganGenerator
[18:24:32] DEPRECATION WARNING: please use MorganGenerator
[18:24:32] DEPRECATION WARNING: please use MorganGenerator
[18:24:32] DEPRECATION WARNING: please use MorganGenerator
[18:24:32] DEPRECATION WARNING: please use MorganGenerator
[18:24:32] DEPRECATION WARNING: please use MorganGenerator
[18:24:32] DEPRECATION WARNING: please use MorganGenerator
[18:24:32] DEPRECATION WARNING: please use MorganGenerator
[18:24:32] DEPRECATION WARNING: please use MorganGenerator
[18:24:32] DEPRECATION WARNING: please use MorganGenerator
[18:24:32] DEPRECATION WARNING: please use MorganGenerator
[18:24:32] DEPRECATION WARNING: please use MorganGenerator
[18:24:32] DEPRECATION WARNING: please use MorganGenerator
[18:24:32] DEPRECATION WARNING: please use MorganGenerator
[18:24:32] DEPRECATION WARNING: please use MorganGenerator
[18:24:32] DEPRECATION WARNING: please use MorganGenerator
[18:24:32] DEPRECATION WARNING: please use MorganGenerator
[18:24:32] DEPRECATION WARNING: please use MorganGenerator
[18:24:32] DEPRECATION WARNING: please use MorganGenerator
[18:24:32] DEPRECATION WARNING: please use MorganGenerator
[18:24:32] DEPRECATION WARNING: please use MorganGenerator
[18:24:32] DEPRECATION WARNING: please use MorganGenerator
[18:24:32] DEPRECATION WARNING: please use MorganGenerator
[18:24:32] DEPRECATION WARNING: please use MorganGenerator
[18:24:32] DEPRECATION WARNING: please use MorganGenerator
[18:24:32] DEPRECATION WARNING: please use MorganGenerator
[18:24:32] DEPRECATION WARNING: please use MorganGenerator
[18:24:32] DEPRECATION WARNING: please use MorganGenerator
[18:24:32] DEPRECATION WARNING: please use MorganGenerator
[18:24:32] DEPRECATION WARNING: please use MorganGenerator
[18:24:32] DEPRECATION WARNING: please use MorganGenerator
[18:24:32] DEPRECATION WARNING: please use MorganGenerator
[18:24:32] DEPRECATION WARNING: please use MorganGenerator
[18:24:32] DEPRECATION WARNING: please use MorganGenerator
[18:24:32] DEPRECATION WARNING: please use MorganGenerator
[18:24:32] DEPRECATION WARNING: please use MorganGenerator
[18:24:32] DEPRECATION WARNING: please use MorganGenerator
[18:24:32] DEPRECATION WARNING: please use MorganGenerator
[18:24:32] DEPRECATION WARNING: please use MorganGenerator
[18:24:32] DEPRECATION WARNING: please use MorganGenerator
[18:24:32] DEPRECATION WARNING: please use MorganGenerator
[18:24:32] DEPRECATION WARNING: please use MorganGenerator
[18:24:32] DEPRECATION WARNING: please use MorganGenerator
[18:24:32] DEPRECATION WARNING: please use MorganGenerator
[18:24:32] DEPRECATION WARNING: please use MorganGenerator
[18:24:32] DEPRECATION WARNING: please use MorganGenerator
[18:24:32] DEPRECATION WARNING: please use MorganGenerator
[18:24:32] DEPRECATION WARNING: please use MorganGenerator
[18:24:32] DEPRECATION WARNING: please use MorganGenerator
[18:24:32] DEPRECATION WARNING: please use MorganGenerator
[18:24:32] DEPRECATION WARNING: please use MorganGenerator
[18:24:32] DEPRECATION WARNING: please use MorganGenerator
[18:24:32] DEPRECATION WARNING: please use MorganGenerator
[18:24:32] DEPRECATION WARNING: please use MorganGenerator
[18:24:32] DEPRECATION WARNING: please use MorganGenerator
[18:24:32] DEPRECATION WARNING: please use MorganGenerator
[18:24:32] DEPRECATION WARNING: please use MorganGenerator
[18:24:32] DEPRECATION WARNING: please use MorganGenerator
[18:24:32] DEPRECATION WARNING: please use MorganGenerator
[18:24:32] DEPRECATION WARNING: please use MorganGenerator
[18:24:32] DEPRECATION WARNING: please use MorganGenerator
[18:24:32] DEPRECATION WARNING: please use MorganGenerator
[18:24:32] DEPRECATION WARNING: please use MorganGenerator
[18:24:32] DEPRECATION WARNING: please use MorganGenerator
[18:24:32] DEPRECATION WARNING: please use MorganGenerator
[18:24:32] DEPRECATION WARNING: please use MorganGenerator
[18:24:32] DEPRECATION WARNING: please use MorganGenerator
[18:24:32] DEPRECATION WARNING: please use MorganGenerator
[18:24:32] DEPRECATION WARNING: please use MorganGenerator
[18:24:32] DEPRECATION WARNING: please use MorganGenerator
[18:24:32] DEPRECATION WARNING: please use MorganGenerator
[18:24:32] DEPRECATION WARNING: please use MorganGenerator
[18:24:32] DEPRECATION WARNING: please use MorganGenerator
[18:24:32] DEPRECATION WARNING: please use MorganGenerator
[18:24:32] DEPRECATION WARNING: please use MorganGenerator
[18:24:32] DEPRECATION WARNING: please use MorganGenerator
[18:24:32] DEPRECATION WARNING: please use MorganGenerator
[18:24:32] DEPRECATION WARNING: please use MorganGenerator
[18:24:32] DEPRECATION WARNING: please use MorganGenerator
[18:24:32] DEPRECATION WARNING: please use MorganGenerator
[18:24:32] DEPRECATION WARNING: please use MorganGenerator
[18:24:32] DEPRECATION WARNING: please use MorganGenerator
[18:24:32] DEPRECATION WARNING: please use MorganGenerator
[18:24:32] DEPRECATION WARNING: please use MorganGenerator
[18:24:32] DEPRECATION WARNING: please use MorganGenerator
[18:24:32] DEPRECATION WARNING: please use MorganGenerator
[18:24:32] DEPRECATION WARNING: please use MorganGenerator
[18:24:32] DEPRECATION WARNING: please use MorganGenerator
[18:24:32] DEPRECATION WARNING: please use MorganGenerator
[18:24:32] DEPRECATION WARNING: please use MorganGenerator
[18:24:32] DEPRECATION WARNING: please use MorganGenerator
[18:24:32] DEPRECATION WARNING: please use MorganGenerator
[18:24:32] DEPRECATION WARNING: please use MorganGenerator
[18:24:32] DEPRECATION WARNING: please use MorganGenerator
[18:24:32] DEPRECATION WARNING: please use MorganGenerator
[18:24:32] DEPRECATION WARNING: please use MorganGenerator
[18:24:32] DEPRECATION WARNING: please use MorganGenerator
[18:24:32] DEPRECATION WARNING: please use MorganGenerator
[18:24:32] DEPRECATION WARNING: please use MorganGenerator
[18:24:32] DEPRECATION WARNING: please use MorganGenerator
[18:24:32] DEPRECATION WARNING: please use MorganGenerator
[18:24:32] DEPRECATION WARNING: please use MorganGenerator
[18:24:32] DEPRECATION WARNING: please use MorganGenerator
[18:24:32] DEPRECATION WARNING: please use MorganGenerator
[18:24:32] DEPRECATION WARNING: please use MorganGenerator
[18:24:32] DEPRECATION WARNING: please use MorganGenerator
[18:24:32] DEPRECATION WARNING: please use MorganGenerator
[18:24:32] DEPRECATION WARNING: please use MorganGenerator
[18:24:32] DEPRECATION WARNING: please use MorganGenerator
[18:24:32] DEPRECATION WARNING: please use MorganGenerator
[18:24:32] DEPRECATION WARNING: please use MorganGenerator
[18:24:32] DEPRECATION WARNING: please use MorganGenerator
[18:24:32] DEPRECATION WARNING: please use MorganGenerator
[18:24:32] DEPRECATION WARNING: please use MorganGenerator
[18:24:32] DEPRECATION WARNING: please use MorganGenerator
[18:24:32] DEPRECATION WARNING: please use MorganGenerator
[18:24:32] DEPRECATION WARNING: please use MorganGenerator
[18:24:32] DEPRECATION WARNING: please use MorganGenerator
[18:24:32] DEPRECATION WARNING: please use MorganGenerator
[18:24:32] DEPRECATION WARNING: please use MorganGenerator
[18:24:32] DEPRECATION WARNING: please use MorganGenerator
[18:24:32] DEPRECATION WARNING: please use MorganGenerator
[18:24:32] DEPRECATION WARNING: please use MorganGenerator
[18:24:32] DEPRECATION WARNING: please use MorganGenerator
[18:24:32] DEPRECATION WARNING: please use MorganGenerator
[18:24:32] DEPRECATION WARNING: please use MorganGenerator
[18:24:32] DEPRECATION WARNING: please use MorganGenerator
[18:24:32] DEPRECATION WARNING: please use MorganGenerator
[18:24:32] DEPRECATION WARNING: please use MorganGenerator
[18:24:32] DEPRECATION WARNING: please use MorganGenerator
[18:24:32] DEPRECATION WARNING: please use MorganGenerator
[18:24:32] DEPRECATION WARNING: please use MorganGenerator
[18:24:32] DEPRECATION WARNING: please use MorganGenerator
[18:24:32] DEPRECATION WARNING: please use MorganGenerator
[18:24:32] DEPRECATION WARNING: please use MorganGenerator
[18:24:32] DEPRECATION WARNING: please use MorganGenerator
[18:24:32] DEPRECATION WARNING: please use MorganGenerator
[18:24:32] DEPRECATION WARNING: please use MorganGenerator
[18:24:32] DEPRECATION WARNING: please use MorganGenerator
[18:24:32] DEPRECATION WARNING: please use MorganGenerator
[18:24:32] DEPRECATION WARNING: please use MorganGenerator
[18:24:32] DEPRECATION WARNING: please use MorganGenerator
[18:24:32] DEPRECATION WARNING: please use MorganGenerator
[18:24:32] DEPRECATION WARNING: please use MorganGenerator
[18:24:32] DEPRECATION WARNING: please use MorganGenerator
[18:24:32] DEPRECATION WARNING: please use MorganGenerator
[18:24:32] DEPRECATION WARNING: please use MorganGenerator
[18:24:32] DEPRECATION WARNING: please use MorganGenerator
[18:24:32] DEPRECATION WARNING: please use MorganGenerator
[18:24:32] DEPRECATION WARNING: please use MorganGenerator
[18:24:32] DEPRECATION WARNING: please use MorganGenerator
[18:24:32] DEPRECATION WARNING: please use MorganGenerator
[18:24:32] DEPRECATION WARNING: please use MorganGenerator
[18:24:32] DEPRECATION WARNING: please use MorganGenerator
[18:24:32] DEPRECATION WARNING: please use MorganGenerator
[18:24:32] DEPRECATION WARNING: please use MorganGenerator
[18:24:32] DEPRECATION WARNING: please use MorganGenerator
[18:24:32] DEPRECATION WARNING: please use MorganGenerator
[18:24:32] DEPRECATION WARNING: please use MorganGenerator
[18:24:32] DEPRECATION WARNING: please use MorganGenerator
[18:24:32] DEPRECATION WARNING: please use MorganGenerator
[18:24:32] DEPRECATION WARNING: please use MorganGenerator
[18:24:32] DEPRECATION WARNING: please use MorganGenerator
[18:24:32] DEPRECATION WARNING: please use MorganGenerator
[18:24:32] DEPRECATION WARNING: please use MorganGenerator
[18:24:32] DEPRECATION WARNING: please use MorganGenerator
[18:24:32] DEPRECATION WARNING: please use MorganGenerator
[18:24:32] DEPRECATION WARNING: please use MorganGenerator
[18:24:32] DEPRECATION WARNING: please use MorganGenerator
[18:24:32] DEPRECATION WARNING: please use MorganGenerator
[18:24:32] DEPRECATION WARNING: please use MorganGenerator
[18:24:32] DEPRECATION WARNING: please use MorganGenerator
[18:24:32] DEPRECATION WARNING: please use MorganGenerator
[18:24:32] DEPRECATION WARNING: please use MorganGenerator
[18:24:32] DEPRECATION WARNING: please use MorganGenerator
[18:24:32] DEPRECATION WARNING: please use MorganGenerator
[18:24:32] DEPRECATION WARNING: please use MorganGenerator
[18:24:32] DEPRECATION WARNING: please use MorganGenerator
[18:24:32] DEPRECATION WARNING: please use MorganGenerator
[18:24:32] DEPRECATION WARNING: please use MorganGenerator
[18:24:32] DEPRECATION WARNING: please use MorganGenerator
[18:24:32] DEPRECATION WARNING: please use MorganGenerator
[18:24:32] DEPRECATION WARNING: please use MorganGenerator
[18:24:32] DEPRECATION WARNING: please use MorganGenerator
[18:24:32] DEPRECATION WARNING: please use MorganGenerator
[18:24:32] DEPRECATION WARNING: please use MorganGenerator
[18:24:32] DEPRECATION WARNING: please use MorganGenerator
[18:24:32] DEPRECATION WARNING: please use MorganGenerator
[18:24:32] DEPRECATION WARNING: please use MorganGenerator
[18:24:32] DEPRECATION WARNING: please use MorganGenerator
[18:24:32] DEPRECATION WARNING: please use MorganGenerator
[18:24:32] DEPRECATION WARNING: please use MorganGenerator
[18:24:32] DEPRECATION WARNING: please use MorganGenerator
[18:24:32] DEPRECATION WARNING: please use MorganGenerator
[18:24:32] DEPRECATION WARNING: please use MorganGenerator
[18:24:32] DEPRECATION WARNING: please use MorganGenerator
[18:24:32] DEPRECATION WARNING: please use MorganGenerator
[18:24:32] DEPRECATION WARNING: please use MorganGenerator
[18:24:32] DEPRECATION WARNING: please use MorganGenerator
[18:24:32] DEPRECATION WARNING: please use MorganGenerator
[18:24:32] DEPRECATION WARNING: please use MorganGenerator
[18:24:32] DEPRECATION WARNING: please use MorganGenerator
[18:24:32] DEPRECATION WARNING: please use MorganGenerator
[18:24:32] DEPRECATION WARNING: please use MorganGenerator
[18:24:32] DEPRECATION WARNING: please use MorganGenerator
[18:24:32] DEPRECATION WARNING: please use MorganGenerator
[18:24:32] DEPRECATION WARNING: please use MorganGenerator
[18:24:32] DEPRECATION WARNING: please use MorganGenerator
[18:24:32] DEPRECATION WARNING: please use MorganGenerator
[18:24:32] DEPRECATION WARNING: please use MorganGenerator
[18:24:32] DEPRECATION WARNING: please use MorganGenerator
[18:24:32] DEPRECATION WARNING: please use MorganGenerator
[18:24:32] DEPRECATION WARNING: please use MorganGenerator
[18:24:32] DEPRECATION WARNING: please use MorganGenerator
[18:24:32] DEPRECATION WARNING: please use MorganGenerator
[18:24:32] DEPRECATION WARNING: please use MorganGenerator
[18:24:32] DEPRECATION WARNING: please use MorganGenerator
[18:24:32] DEPRECATION WARNING: please use MorganGenerator
[18:24:32] DEPRECATION WARNING: please use MorganGenerator
[18:24:32] DEPRECATION WARNING: please use MorganGenerator
[18:24:32] DEPRECATION WARNING: please use MorganGenerator
[18:24:32] DEPRECATION WARNING: please use MorganGenerator
[18:24:32] DEPRECATION WARNING: please use MorganGenerator
[18:24:32] DEPRECATION WARNING: please use MorganGenerator
[18:24:32] DEPRECATION WARNING: please use MorganGenerator
[18:24:32] DEPRECATION WARNING: please use MorganGenerator
[18:24:32] DEPRECATION WARNING: please use MorganGenerator
[18:24:32] DEPRECATION WARNING: please use MorganGenerator
[18:24:32] DEPRECATION WARNING: please use MorganGenerator
[18:24:32] DEPRECATION WARNING: please use MorganGenerator
[18:24:32] DEPRECATION WARNING: please use MorganGenerator
[18:24:32] DEPRECATION WARNING: please use MorganGenerator
[18:24:32] DEPRECATION WARNING: please use MorganGenerator
[18:24:32] DEPRECATION WARNING: please use MorganGenerator
[18:24:32] DEPRECATION WARNING: please use MorganGenerator
[18:24:32] DEPRECATION WARNING: please use MorganGenerator
[18:24:32] DEPRECATION WARNING: please use MorganGenerator
[18:24:32] DEPRECATION WARNING: please use MorganGenerator
[18:24:32] DEPRECATION WARNING: please use MorganGenerator
[18:24:32] DEPRECATION WARNING: please use MorganGenerator
[18:24:32] DEPRECATION WARNING: please use MorganGenerator
[18:24:32] DEPRECATION WARNING: please use MorganGenerator
[18:24:32] DEPRECATION WARNING: please use MorganGenerator
[18:24:32] DEPRECATION WARNING: please use MorganGenerator
[18:24:32] DEPRECATION WARNING: please use MorganGenerator
[18:24:32] DEPRECATION WARNING: please use MorganGenerator
[18:24:32] DEPRECATION WARNING: please use MorganGenerator
[18:24:32] DEPRECATION WARNING: please use MorganGenerator
[18:24:32] DEPRECATION WARNING: please use MorganGenerator
[18:24:32] DEPRECATION WARNING: please use MorganGenerator
[18:24:32] DEPRECATION WARNING: please use MorganGenerator
[18:24:32] DEPRECATION WARNING: please use MorganGenerator
[18:24:32] DEPRECATION WARNING: please use MorganGenerator
[18:24:32] DEPRECATION WARNING: please use MorganGenerator
[18:24:32] DEPRECATION WARNING: please use MorganGenerator
[18:24:32] DEPRECATION WARNING: please use MorganGenerator
[18:24:32] DEPRECATION WARNING: please use MorganGenerator
[18:24:32] DEPRECATION WARNING: please use MorganGenerator
[18:24:32] DEPRECATION WARNING: please use MorganGenerator
[18:24:32] DEPRECATION WARNING: please use MorganGenerator
[18:24:32] DEPRECATION WARNING: please use MorganGenerator
[18:24:32] DEPRECATION WARNING: please use MorganGenerator
[18:24:32] DEPRECATION WARNING: please use MorganGenerator
[18:24:32] DEPRECATION WARNING: please use MorganGenerator
[18:24:32] DEPRECATION WARNING: please use MorganGenerator
[18:24:32] DEPRECATION WARNING: please use MorganGenerator
[18:24:32] DEPRECATION WARNING: please use MorganGenerator
[18:24:32] DEPRECATION WARNING: please use MorganGenerator
[18:24:32] DEPRECATION WARNING: please use MorganGenerator
[18:24:32] DEPRECATION WARNING: please use MorganGenerator
[18:24:32] DEPRECATION WARNING: please use MorganGenerator
[18:24:32] DEPRECATION WARNING: please use MorganGenerator
[18:24:32] DEPRECATION WARNING: please use MorganGenerator
[18:24:32] DEPRECATION WARNING: please use MorganGenerator
[18:24:32] DEPRECATION WARNING: please use MorganGenerator
[18:24:32] DEPRECATION WARNING: please use MorganGenerator
[18:24:32] DEPRECATION WARNING: please use MorganGenerator
[18:24:32] DEPRECATION WARNING: please use MorganGenerator
[18:24:32] DEPRECATION WARNING: please use MorganGenerator
[18:24:32] DEPRECATION WARNING: please use MorganGenerator
[18:24:32] DEPRECATION WARNING: please use MorganGenerator
[18:24:32] DEPRECATION WARNING: please use MorganGenerator
[18:24:32] DEPRECATION WARNING: please use MorganGenerator
[18:24:32] DEPRECATION WARNING: please use MorganGenerator
[18:24:32] DEPRECATION WARNING: please use MorganGenerator
[18:24:32] DEPRECATION WARNING: please use MorganGenerator
[18:24:32] DEPRECATION WARNING: please use MorganGenerator
[18:24:32] DEPRECATION WARNING: please use MorganGenerator
[18:24:32] DEPRECATION WARNING: please use MorganGenerator
[18:24:32] DEPRECATION WARNING: please use MorganGenerator
[18:24:32] DEPRECATION WARNING: please use MorganGenerator
[18:24:32] DEPRECATION WARNING: please use MorganGenerator
[18:24:32] DEPRECATION WARNING: please use MorganGenerator
[18:24:32] DEPRECATION WARNING: please use MorganGenerator
[18:24:32] DEPRECATION WARNING: please use MorganGenerator
[18:24:32] DEPRECATION WARNING: please use MorganGenerator
[18:24:32] DEPRECATION WARNING: please use MorganGenerator
[18:24:32] DEPRECATION WARNING: please use MorganGenerator
[18:24:32] DEPRECATION WARNING: please use MorganGenerator
[18:24:32] DEPRECATION WARNING: please use MorganGenerator
[18:24:32] DEPRECATION WARNING: please use MorganGenerator
[18:24:32] DEPRECATION WARNING: please use MorganGenerator
[18:24:32] DEPRECATION WARNING: please use MorganGenerator
[18:24:32] DEPRECATION WARNING: please use MorganGenerator
[18:24:32] DEPRECATION WARNING: please use MorganGenerator
[18:24:32] DEPRECATION WARNING: please use MorganGenerator
[18:24:32] DEPRECATION WARNING: please use MorganGenerator
[18:24:32] DEPRECATION WARNING: please use MorganGenerator
[18:24:32] DEPRECATION WARNING: please use MorganGenerator
[18:24:32] DEPRECATION WARNING: please use MorganGenerator
[18:24:32] DEPRECATION WARNING: please use MorganGenerator
[18:24:32] DEPRECATION WARNING: please use MorganGenerator
[18:24:32] DEPRECATION WARNING: please use MorganGenerator
[18:24:32] DEPRECATION WARNING: please use MorganGenerator
[18:24:32] DEPRECATION WARNING: please use MorganGenerator
[18:24:32] DEPRECATION WARNING: please use MorganGenerator
[18:24:32] DEPRECATION WARNING: please use MorganGenerator
[18:24:32] DEPRECATION WARNING: please use MorganGenerator
[18:24:32] DEPRECATION WARNING: please use MorganGenerator
[18:24:32] DEPRECATION WARNING: please use MorganGenerator
[18:24:32] DEPRECATION WARNING: please use MorganGenerator
[18:24:32] DEPRECATION WARNING: please use MorganGenerator
[18:24:32] DEPRECATION WARNING: please use MorganGenerator
[18:24:32] DEPRECATION WARNING: please use MorganGenerator
[18:24:32] DEPRECATION WARNING: please use MorganGenerator
[18:24:32] DEPRECATION WARNING: please use MorganGenerator
[18:24:32] DEPRECATION WARNING: please use MorganGenerator
[18:24:32] DEPRECATION WARNING: please use MorganGenerator
[18:24:32] DEPRECATION WARNING: please use MorganGenerator
[18:24:32] DEPRECATION WARNING: please use MorganGenerator
[18:24:32] DEPRECATION WARNING: please use MorganGenerator
[18:24:32] DEPRECATION WARNING: please use MorganGenerator
[18:24:32] DEPRECATION WARNING: please use MorganGenerator
[18:24:32] DEPRECATION WARNING: please use MorganGenerator
[18:24:32] DEPRECATION WARNING: please use MorganGenerator
[18:24:32] DEPRECATION WARNING: please use MorganGenerator
[18:24:32] DEPRECATION WARNING: please use MorganGenerator
[18:24:32] DEPRECATION WARNING: please use MorganGenerator
[18:24:32] DEPRECATION WARNING: please use MorganGenerator
[18:24:32] DEPRECATION WARNING: please use MorganGenerator
[18:24:32] DEPRECATION WARNING: please use MorganGenerator
[18:24:32] DEPRECATION WARNING: please use MorganGenerator
[18:24:32] DEPRECATION WARNING: please use MorganGenerator
[18:24:32] DEPRECATION WARNING: please use MorganGenerator
[18:24:32] DEPRECATION WARNING: please use MorganGenerator
[18:24:32] DEPRECATION WARNING: please use MorganGenerator
[18:24:32] DEPRECATION WARNING: please use MorganGenerator
[18:24:32] DEPRECATION WARNING: please use MorganGenerator
[18:24:32] DEPRECATION WARNING: please use MorganGenerator
[18:24:32] DEPRECATION WARNING: please use MorganGenerator
[18:24:32] DEPRECATION WARNING: please use MorganGenerator
[18:24:32] DEPRECATION WARNING: please use MorganGenerator
[18:24:32] DEPRECATION WARNING: please use MorganGenerator
[18:24:32] DEPRECATION WARNING: please use MorganGenerator
[18:24:32] DEPRECATION WARNING: please use MorganGenerator
[18:24:32] DEPRECATION WARNING: please use MorganGenerator
[18:24:32] DEPRECATION WARNING: please use MorganGenerator
[18:24:32] DEPRECATION WARNING: please use MorganGenerator
[18:24:32] DEPRECATION WARNING: please use MorganGenerator
[18:24:32] DEPRECATION WARNING: please use MorganGenerator
[18:24:32] DEPRECATION WARNING: please use MorganGenerator
[18:24:32] DEPRECATION WARNING: please use MorganGenerator
[18:24:32] DEPRECATION WARNING: please use MorganGenerator
[18:24:32] DEPRECATION WARNING: please use MorganGenerator
[18:24:32] DEPRECATION WARNING: please use MorganGenerator
[18:24:32] DEPRECATION WARNING: please use MorganGenerator
[18:24:32] DEPRECATION WARNING: please use MorganGenerator
[18:24:32] DEPRECATION WARNING: please use MorganGenerator
[18:24:32] DEPRECATION WARNING: please use MorganGenerator
[18:24:32] DEPRECATION WARNING: please use MorganGenerator
[18:24:32] DEPRECATION WARNING: please use MorganGenerator
[18:24:32] DEPRECATION WARNING: please use MorganGenerator
[18:24:32] DEPRECATION WARNING: please use MorganGenerator
[18:24:32] DEPRECATION WARNING: please use MorganGenerator
[18:24:32] DEPRECATION WARNING: please use MorganGenerator
[18:24:32] DEPRECATION WARNING: please use MorganGenerator
[18:24:32] DEPRECATION WARNING: please use MorganGenerator
[18:24:32] DEPRECATION WARNING: please use MorganGenerator
[18:24:32] DEPRECATION WARNING: please use MorganGenerator
[18:24:32] DEPRECATION WARNING: please use MorganGenerator
[18:24:32] DEPRECATION WARNING: please use MorganGenerator
[18:24:32] DEPRECATION WARNING: please use MorganGenerator
[18:24:32] DEPRECATION WARNING: please use MorganGenerator
[18:24:32] DEPRECATION WARNING: please use MorganGenerator
[18:24:32] DEPRECATION WARNING: please use MorganGenerator
[18:24:32] DEPRECATION WARNING: please use MorganGenerator
[18:24:32] DEPRECATION WARNING: please use MorganGenerator
[18:24:32] DEPRECATION WARNING: please use MorganGenerator
[18:24:32] DEPRECATION WARNING: please use MorganGenerator
[18:24:32] DEPRECATION WARNING: please use MorganGenerator
[18:24:32] DEPRECATION WARNING: please use MorganGenerator
[18:24:32] DEPRECATION WARNING: please use MorganGenerator
[18:24:32] DEPRECATION WARNING: please use MorganGenerator
[18:24:32] DEPRECATION WARNING: please use MorganGenerator
[18:24:32] DEPRECATION WARNING: please use MorganGenerator
[18:24:32] DEPRECATION WARNING: please use MorganGenerator
[18:24:32] DEPRECATION WARNING: please use MorganGenerator
[18:24:32] DEPRECATION WARNING: please use MorganGenerator
[18:24:32] DEPRECATION WARNING: please use MorganGenerator
[18:24:32] DEPRECATION WARNING: please use MorganGenerator
[18:24:32] DEPRECATION WARNING: please use MorganGenerator
[18:24:32] DEPRECATION WARNING: please use MorganGenerator
[18:24:32] DEPRECATION WARNING: please use MorganGenerator
[18:24:32] DEPRECATION WARNING: please use MorganGenerator
[18:24:32] DEPRECATION WARNING: please use MorganGenerator
[18:24:32] DEPRECATION WARNING: please use MorganGenerator
[18:24:32] DEPRECATION WARNING: please use MorganGenerator
[18:24:32] DEPRECATION WARNING: please use MorganGenerator
[18:24:32] DEPRECATION WARNING: please use MorganGenerator
[18:24:32] DEPRECATION WARNING: please use MorganGenerator
[18:24:32] DEPRECATION WARNING: please use MorganGenerator
[18:24:32] DEPRECATION WARNING: please use MorganGenerator
[18:24:32] DEPRECATION WARNING: please use MorganGenerator
[18:24:32] DEPRECATION WARNING: please use MorganGenerator
[18:24:32] DEPRECATION WARNING: please use MorganGenerator
[18:24:32] DEPRECATION WARNING: please use MorganGenerator
[18:24:32] DEPRECATION WARNING: please use MorganGenerator
[18:24:32] DEPRECATION WARNING: please use MorganGenerator
[18:24:32] DEPRECATION WARNING: please use MorganGenerator
[18:24:32] DEPRECATION WARNING: please use MorganGenerator
[18:24:32] DEPRECATION WARNING: please use MorganGenerator
[18:24:32] DEPRECATION WARNING: please use MorganGenerator
[18:24:32] DEPRECATION WARNING: please use MorganGenerator
[18:24:32] DEPRECATION WARNING: please use MorganGenerator
[18:24:32] DEPRECATION WARNING: please use MorganGenerator
[18:24:32] DEPRECATION WARNING: please use MorganGenerator
[18:24:32] DEPRECATION WARNING: please use MorganGenerator
[18:24:32] DEPRECATION WARNING: please use MorganGenerator
[18:24:32] DEPRECATION WARNING: please use MorganGenerator
[18:24:32] DEPRECATION WARNING: please use MorganGenerator
[18:24:32] DEPRECATION WARNING: please use MorganGenerator
[18:24:32] DEPRECATION WARNING: please use MorganGenerator
[18:24:32] DEPRECATION WARNING: please use MorganGenerator
[18:24:32] DEPRECATION WARNING: please use MorganGenerator
[18:24:32] DEPRECATION WARNING: please use MorganGenerator
[18:24:32] DEPRECATION WARNING: please use MorganGenerator
[18:24:32] DEPRECATION WARNING: please use MorganGenerator
[18:24:32] DEPRECATION WARNING: please use MorganGenerator
[18:24:32] DEPRECATION WARNING: please use MorganGenerator
[18:24:32] DEPRECATION WARNING: please use MorganGenerator
[18:24:32] DEPRECATION WARNING: please use MorganGenerator
[18:24:32] DEPRECATION WARNING: please use MorganGenerator
[18:24:32] DEPRECATION WARNING: please use MorganGenerator
[18:24:32] DEPRECATION WARNING: please use MorganGenerator
[18:24:32] DEPRECATION WARNING: please use MorganGenerator
[18:24:32] DEPRECATION WARNING: please use MorganGenerator
[18:24:32] DEPRECATION WARNING: please use MorganGenerator
[18:24:32] DEPRECATION WARNING: please use MorganGenerator
[18:24:32] DEPRECATION WARNING: please use MorganGenerator
[18:24:32] DEPRECATION WARNING: please use MorganGenerator
[18:24:32] DEPRECATION WARNING: please use MorganGenerator
[18:24:32] DEPRECATION WARNING: please use MorganGenerator
[18:24:32] DEPRECATION WARNING: please use MorganGenerator
[18:24:32] DEPRECATION WARNING: please use MorganGenerator
[18:24:32] DEPRECATION WARNING: please use MorganGenerator
[18:24:32] DEPRECATION WARNING: please use MorganGenerator
[18:24:32] DEPRECATION WARNING: please use MorganGenerator
[18:24:32] DEPRECATION WARNING: please use MorganGenerator
[18:24:32] DEPRECATION WARNING: please use MorganGenerator
[18:24:32] DEPRECATION WARNING: please use MorganGenerator
[18:24:32] DEPRECATION WARNING: please use MorganGenerator
[18:24:32] DEPRECATION WARNING: please use MorganGenerator
[18:24:32] DEPRECATION WARNING: please use MorganGenerator
[18:24:32] DEPRECATION WARNING: please use MorganGenerator
[18:24:32] DEPRECATION WARNING: please use MorganGenerator
[18:24:32] DEPRECATION WARNING: please use MorganGenerator
[18:24:32] DEPRECATION WARNING: please use MorganGenerator
[18:24:32] DEPRECATION WARNING: please use MorganGenerator
[18:24:32] DEPRECATION WARNING: please use MorganGenerator
[18:24:32] DEPRECATION WARNING: please use MorganGenerator
[18:24:32] DEPRECATION WARNING: please use MorganGenerator
[18:24:32] DEPRECATION WARNING: please use MorganGenerator
[18:24:32] DEPRECATION WARNING: please use MorganGenerator
[18:24:32] DEPRECATION WARNING: please use MorganGenerator
[18:24:32] DEPRECATION WARNING: please use MorganGenerator
[18:24:32] DEPRECATION WARNING: please use MorganGenerator
[18:24:32] DEPRECATION WARNING: please use MorganGenerator
[18:24:32] DEPRECATION WARNING: please use MorganGenerator
[18:24:32] DEPRECATION WARNING: please use MorganGenerator
[18:24:32] DEPRECATION WARNING: please use MorganGenerator
[18:24:32] DEPRECATION WARNING: please use MorganGenerator
[18:24:32] DEPRECATION WARNING: please use MorganGenerator
[18:24:32] DEPRECATION WARNING: please use MorganGenerator
[18:24:32] DEPRECATION WARNING: please use MorganGenerator
[18:24:32] DEPRECATION WARNING: please use MorganGenerator
[18:24:32] DEPRECATION WARNING: please use MorganGenerator
[18:24:32] DEPRECATION WARNING: please use MorganGenerator
[18:24:32] DEPRECATION WARNING: please use MorganGenerator
[18:24:32] DEPRECATION WARNING: please use MorganGenerator
[18:24:32] DEPRECATION WARNING: please use MorganGenerator
[18:24:32] DEPRECATION WARNING: please use MorganGenerator
[18:24:32] DEPRECATION WARNING: please use MorganGenerator
[18:24:32] DEPRECATION WARNING: please use MorganGenerator
[18:24:32] DEPRECATION WARNING: please use MorganGenerator
[18:24:32] DEPRECATION WARNING: please use MorganGenerator
[18:24:32] DEPRECATION WARNING: please use MorganGenerator
[18:24:32] DEPRECATION WARNING: please use MorganGenerator
[18:24:32] DEPRECATION WARNING: please use MorganGenerator
[18:24:32] DEPRECATION WARNING: please use MorganGenerator
[18:24:32] DEPRECATION WARNING: please use MorganGenerator
[18:24:32] DEPRECATION WARNING: please use MorganGenerator
[18:24:32] DEPRECATION WARNING: please use MorganGenerator
[18:24:32] DEPRECATION WARNING: please use MorganGenerator
[18:24:32] DEPRECATION WARNING: please use MorganGenerator
[18:24:32] DEPRECATION WARNING: please use MorganGenerator
[18:24:32] DEPRECATION WARNING: please use MorganGenerator
[18:24:32] DEPRECATION WARNING: please use MorganGenerator
[18:24:32] DEPRECATION WARNING: please use MorganGenerator
[18:24:32] DEPRECATION WARNING: please use MorganGenerator
[18:24:32] DEPRECATION WARNING: please use MorganGenerator
[18:24:32] DEPRECATION WARNING: please use MorganGenerator
[18:24:32] DEPRECATION WARNING: please use MorganGenerator
[18:24:32] DEPRECATION WARNING: please use MorganGenerator
[18:24:32] DEPRECATION WARNING: please use MorganGenerator
[18:24:32] DEPRECATION WARNING: please use MorganGenerator
[18:24:32] DEPRECATION WARNING: please use MorganGenerator
[18:24:32] DEPRECATION WARNING: please use MorganGenerator
[18:24:32] DEPRECATION WARNING: please use MorganGenerator
[18:24:32] DEPRECATION WARNING: please use MorganGenerator
[18:24:32] DEPRECATION WARNING: please use MorganGenerator
[18:24:32] DEPRECATION WARNING: please use MorganGenerator
[18:24:32] DEPRECATION WARNING: please use MorganGenerator
[18:24:32] DEPRECATION WARNING: please use MorganGenerator
[18:24:32] DEPRECATION WARNING: please use MorganGenerator
[18:24:32] DEPRECATION WARNING: please use MorganGenerator
[18:24:32] DEPRECATION WARNING: please use MorganGenerator
[18:24:32] DEPRECATION WARNING: please use MorganGenerator
[18:24:32] DEPRECATION WARNING: please use MorganGenerator
[18:24:32] DEPRECATION WARNING: please use MorganGenerator
[18:24:32] DEPRECATION WARNING: please use MorganGenerator
[18:24:32] DEPRECATION WARNING: please use MorganGenerator
[18:24:32] DEPRECATION WARNING: please use MorganGenerator
[18:24:32] DEPRECATION WARNING: please use MorganGenerator
[18:24:32] DEPRECATION WARNING: please use MorganGenerator
[18:24:32] DEPRECATION WARNING: please use MorganGenerator
[18:24:32] DEPRECATION WARNING: please use MorganGenerator
[18:24:32] DEPRECATION WARNING: please use MorganGenerator
[18:24:32] DEPRECATION WARNING: please use MorganGenerator
[18:24:32] DEPRECATION WARNING: please use MorganGenerator
[18:24:32] DEPRECATION WARNING: please use MorganGenerator
[18:24:32] DEPRECATION WARNING: please use MorganGenerator
[18:24:32] DEPRECATION WARNING: please use MorganGenerator
[18:24:32] DEPRECATION WARNING: please use MorganGenerator
[18:24:32] DEPRECATION WARNING: please use MorganGenerator
[18:24:32] DEPRECATION WARNING: please use MorganGenerator
[18:24:32] DEPRECATION WARNING: please use MorganGenerator
[18:24:32] DEPRECATION WARNING: please use MorganGenerator
[18:24:32] DEPRECATION WARNING: please use MorganGenerator
[18:24:32] DEPRECATION WARNING: please use MorganGenerator
[18:24:32] DEPRECATION WARNING: please use MorganGenerator
[18:24:32] DEPRECATION WARNING: please use MorganGenerator
[18:24:32] DEPRECATION WARNING: please use MorganGenerator
[18:24:32] DEPRECATION WARNING: please use MorganGenerator
[18:24:32] DEPRECATION WARNING: please use MorganGenerator
[18:24:32] DEPRECATION WARNING: please use MorganGenerator
[18:24:32] DEPRECATION WARNING: please use MorganGenerator
[18:24:32] DEPRECATION WARNING: please use MorganGenerator
[18:24:32] DEPRECATION WARNING: please use MorganGenerator
[18:24:32] DEPRECATION WARNING: please use MorganGenerator
[18:24:32] DEPRECATION WARNING: please use MorganGenerator
[18:24:32] DEPRECATION WARNING: please use MorganGenerator
[18:24:32] DEPRECATION WARNING: please use MorganGenerator
[18:24:32] DEPRECATION WARNING: please use MorganGenerator
[18:24:32] DEPRECATION WARNING: please use MorganGenerator
[18:24:32] DEPRECATION WARNING: please use MorganGenerator
[18:24:32] DEPRECATION WARNING: please use MorganGenerator
[18:24:32] DEPRECATION WARNING: please use MorganGenerator
[18:24:32] DEPRECATION WARNING: please use MorganGenerator
[18:24:32] DEPRECATION WARNING: please use MorganGenerator
[18:24:32] DEPRECATION WARNING: please use MorganGenerator
[18:24:32] DEPRECATION WARNING: please use MorganGenerator
[18:24:32] DEPRECATION WARNING: please use MorganGenerator
[18:24:32] DEPRECATION WARNING: please use MorganGenerator
[18:24:32] DEPRECATION WARNING: please use MorganGenerator
[18:24:32] DEPRECATION WARNING: please use MorganGenerator
[18:24:32] DEPRECATION WARNING: please use MorganGenerator
[18:24:32] DEPRECATION WARNING: please use MorganGenerator
[18:24:32] DEPRECATION WARNING: please use MorganGenerator
[18:24:32] DEPRECATION WARNING: please use MorganGenerator
[18:24:32] DEPRECATION WARNING: please use MorganGenerator
[18:24:32] DEPRECATION WARNING: please use MorganGenerator
[18:24:32] DEPRECATION WARNING: please use MorganGenerator
[18:24:32] DEPRECATION WARNING: please use MorganGenerator
[18:24:32] DEPRECATION WARNING: please use MorganGenerator
[18:24:32] DEPRECATION WARNING: please use MorganGenerator
[18:24:32] DEPRECATION WARNING: please use MorganGenerator
[18:24:32] DEPRECATION WARNING: please use MorganGenerator
[18:24:32] DEPRECATION WARNING: please use MorganGenerator
[18:24:32] DEPRECATION WARNING: please use MorganGenerator
[18:24:32] DEPRECATION WARNING: please use MorganGenerator
[18:24:32] DEPRECATION WARNING: please use MorganGenerator
[18:24:32] DEPRECATION WARNING: please use MorganGenerator
[18:24:32] DEPRECATION WARNING: please use MorganGenerator
[18:24:32] DEPRECATION WARNING: please use MorganGenerator
[18:24:32] DEPRECATION WARNING: please use MorganGenerator
[18:24:32] DEPRECATION WARNING: please use MorganGenerator
[18:24:32] DEPRECATION WARNING: please use MorganGenerator
[18:24:32] DEPRECATION WARNING: please use MorganGenerator
[18:24:32] DEPRECATION WARNING: please use MorganGenerator
[18:24:32] DEPRECATION WARNING: please use MorganGenerator
[18:24:32] DEPRECATION WARNING: please use MorganGenerator
[18:24:32] DEPRECATION WARNING: please use MorganGenerator
[18:24:32] DEPRECATION WARNING: please use MorganGenerator
[18:24:32] DEPRECATION WARNING: please use MorganGenerator
[18:24:32] DEPRECATION WARNING: please use MorganGenerator
[18:24:32] DEPRECATION WARNING: please use MorganGenerator
[18:24:32] DEPRECATION WARNING: please use MorganGenerator
[18:24:32] DEPRECATION WARNING: please use MorganGenerator
[18:24:32] DEPRECATION WARNING: please use MorganGenerator
[18:24:32] DEPRECATION WARNING: please use MorganGenerator
[18:24:32] DEPRECATION WARNING: please use MorganGenerator
[18:24:32] DEPRECATION WARNING: please use MorganGenerator
[18:24:32] DEPRECATION WARNING: please use MorganGenerator
[18:24:32] DEPRECATION WARNING: please use MorganGenerator
[18:24:32] DEPRECATION WARNING: please use MorganGenerator
[18:24:32] DEPRECATION WARNING: please use MorganGenerator
[18:24:32] DEPRECATION WARNING: please use MorganGenerator
[18:24:32] DEPRECATION WARNING: please use MorganGenerator
[18:24:32] DEPRECATION WARNING: please use MorganGenerator
[18:24:32] DEPRECATION WARNING: please use MorganGenerator
[18:24:32] DEPRECATION WARNING: please use MorganGenerator
[18:24:32] DEPRECATION WARNING: please use MorganGenerator
[18:24:32] DEPRECATION WARNING: please use MorganGenerator
[18:24:32] DEPRECATION WARNING: please use MorganGenerator
[18:24:32] DEPRECATION WARNING: please use MorganGenerator
[18:24:32] DEPRECATION WARNING: please use MorganGenerator
[18:24:32] DEPRECATION WARNING: please use MorganGenerator
[18:24:32] DEPRECATION WARNING: please use MorganGenerator
[18:24:32] DEPRECATION WARNING: please use MorganGenerator
[18:24:32] DEPRECATION WARNING: please use MorganGenerator
[18:24:32] DEPRECATION WARNING: please use MorganGenerator
[18:24:32] DEPRECATION WARNING: please use MorganGenerator
[18:24:32] DEPRECATION WARNING: please use MorganGenerator
[18:24:32] DEPRECATION WARNING: please use MorganGenerator
[18:24:32] DEPRECATION WARNING: please use MorganGenerator
[18:24:32] DEPRECATION WARNING: please use MorganGenerator
[18:24:32] DEPRECATION WARNING: please use MorganGenerator
[18:24:32] DEPRECATION WARNING: please use MorganGenerator
[18:24:32] DEPRECATION WARNING: please use MorganGenerator
[18:24:32] DEPRECATION WARNING: please use MorganGenerator
[18:24:32] DEPRECATION WARNING: please use MorganGenerator
[18:24:32] DEPRECATION WARNING: please use MorganGenerator
[18:24:32] DEPRECATION WARNING: please use MorganGenerator
[18:24:32] DEPRECATION WARNING: please use MorganGenerator
[18:24:32] DEPRECATION WARNING: please use MorganGenerator
[18:24:32] DEPRECATION WARNING: please use MorganGenerator
[18:24:32] DEPRECATION WARNING: please use MorganGenerator
[18:24:32] DEPRECATION WARNING: please use MorganGenerator
[18:24:32] DEPRECATION WARNING: please use MorganGenerator
[18:24:32] DEPRECATION WARNING: please use MorganGenerator
[18:24:32] DEPRECATION WARNING: please use MorganGenerator
[18:24:32] DEPRECATION WARNING: please use MorganGenerator
[18:24:32] DEPRECATION WARNING: please use MorganGenerator
[18:24:32] DEPRECATION WARNING: please use MorganGenerator
[18:24:32] DEPRECATION WARNING: please use MorganGenerator
[18:24:32] DEPRECATION WARNING: please use MorganGenerator
[18:24:32] DEPRECATION WARNING: please use MorganGenerator
[18:24:32] DEPRECATION WARNING: please use MorganGenerator
[18:24:32] DEPRECATION WARNING: please use MorganGenerator
[18:24:32] DEPRECATION WARNING: please use MorganGenerator
[18:24:32] DEPRECATION WARNING: please use MorganGenerator
[18:24:32] DEPRECATION WARNING: please use MorganGenerator
[18:24:32] DEPRECATION WARNING: please use MorganGenerator
[18:24:32] DEPRECATION WARNING: please use MorganGenerator
[18:24:32] DEPRECATION WARNING: please use MorganGenerator
[18:24:32] DEPRECATION WARNING: please use MorganGenerator
[18:24:32] DEPRECATION WARNING: please use MorganGenerator
[18:24:32] DEPRECATION WARNING: please use MorganGenerator
[18:24:32] DEPRECATION WARNING: please use MorganGenerator
[18:24:32] DEPRECATION WARNING: please use MorganGenerator
[18:24:32] DEPRECATION WARNING: please use MorganGenerator
[18:24:32] DEPRECATION WARNING: please use MorganGenerator
[18:24:32] DEPRECATION WARNING: please use MorganGenerator
[18:24:32] DEPRECATION WARNING: please use MorganGenerator
[18:24:32] DEPRECATION WARNING: please use MorganGenerator
[18:24:32] DEPRECATION WARNING: please use MorganGenerator
[18:24:32] DEPRECATION WARNING: please use MorganGenerator
[18:24:32] DEPRECATION WARNING: please use MorganGenerator
[18:24:32] DEPRECATION WARNING: please use MorganGenerator
[18:24:32] DEPRECATION WARNING: please use MorganGenerator
[18:24:32] DEPRECATION WARNING: please use MorganGenerator
[18:24:32] DEPRECATION WARNING: please use MorganGenerator
[18:24:32] DEPRECATION WARNING: please use MorganGenerator
[18:24:32] DEPRECATION WARNING: please use MorganGenerator
[18:24:32] DEPRECATION WARNING: please use MorganGenerator
[18:24:32] DEPRECATION WARNING: please use MorganGenerator
[18:24:32] DEPRECATION WARNING: please use MorganGenerator
[18:24:32] DEPRECATION WARNING: please use MorganGenerator
[18:24:32] DEPRECATION WARNING: please use MorganGenerator
[18:24:32] DEPRECATION WARNING: please use MorganGenerator
[18:24:32] DEPRECATION WARNING: please use MorganGenerator
[18:24:32] DEPRECATION WARNING: please use MorganGenerator
[18:24:32] DEPRECATION WARNING: please use MorganGenerator
[18:24:32] DEPRECATION WARNING: please use MorganGenerator
[18:24:32] DEPRECATION WARNING: please use MorganGenerator
[18:24:32] DEPRECATION WARNING: please use MorganGenerator
[18:24:32] DEPRECATION WARNING: please use MorganGenerator
[18:24:32] DEPRECATION WARNING: please use MorganGenerator
[18:24:32] DEPRECATION WARNING: please use MorganGenerator
[18:24:32] DEPRECATION WARNING: please use MorganGenerator
[18:24:32] DEPRECATION WARNING: please use MorganGenerator
[18:24:32] DEPRECATION WARNING: please use MorganGenerator
[18:24:32] DEPRECATION WARNING: please use MorganGenerator
[18:24:32] DEPRECATION WARNING: please use MorganGenerator
[18:24:32] DEPRECATION WARNING: please use MorganGenerator
[18:24:32] DEPRECATION WARNING: please use MorganGenerator
[18:24:32] DEPRECATION WARNING: please use MorganGenerator
[18:24:32] DEPRECATION WARNING: please use MorganGenerator
[18:24:32] DEPRECATION WARNING: please use MorganGenerator
[18:24:32] DEPRECATION WARNING: please use MorganGenerator
[18:24:32] DEPRECATION WARNING: please use MorganGenerator
[18:24:32] DEPRECATION WARNING: please use MorganGenerator
[18:24:32] DEPRECATION WARNING: please use MorganGenerator
[18:24:32] DEPRECATION WARNING: please use MorganGenerator
[18:24:32] DEPRECATION WARNING: please use MorganGenerator
[18:24:32] DEPRECATION WARNING: please use MorganGenerator
[18:24:32] DEPRECATION WARNING: please use MorganGenerator
[18:24:32] DEPRECATION WARNING: please use MorganGenerator
[18:24:32] DEPRECATION WARNING: please use MorganGenerator
[18:24:32] DEPRECATION WARNING: please use MorganGenerator
[18:24:32] DEPRECATION WARNING: please use MorganGenerator
[18:24:32] DEPRECATION WARNING: please use MorganGenerator
[18:24:32] DEPRECATION WARNING: please use MorganGenerator
[18:24:32] DEPRECATION WARNING: please use MorganGenerator
[18:24:32] DEPRECATION WARNING: please use MorganGenerator
[18:24:32] DEPRECATION WARNING: please use MorganGenerator
[18:24:32] DEPRECATION WARNING: please use MorganGenerator
[18:24:32] DEPRECATION WARNING: please use MorganGenerator
[18:24:32] DEPRECATION WARNING: please use MorganGenerator
[18:24:32] DEPRECATION WARNING: please use MorganGenerator
[18:24:32] DEPRECATION WARNING: please use MorganGenerator
[18:24:32] DEPRECATION WARNING: please use MorganGenerator
[18:24:32] DEPRECATION WARNING: please use MorganGenerator
[18:24:32] DEPRECATION WARNING: please use MorganGenerator
[18:24:32] DEPRECATION WARNING: please use MorganGenerator
[18:24:32] DEPRECATION WARNING: please use MorganGenerator
[18:24:32] DEPRECATION WARNING: please use MorganGenerator
[18:24:32] DEPRECATION WARNING: please use MorganGenerator
[18:24:32] DEPRECATION WARNING: please use MorganGenerator
[18:24:32] DEPRECATION WARNING: please use MorganGenerator
[18:24:32] DEPRECATION WARNING: please use MorganGenerator
[18:24:32] DEPRECATION WARNING: please use MorganGenerator
[18:24:32] DEPRECATION WARNING: please use MorganGenerator
[18:24:32] DEPRECATION WARNING: please use MorganGenerator
[18:24:32] DEPRECATION WARNING: please use MorganGenerator
[18:24:32] DEPRECATION WARNING: please use MorganGenerator
[18:24:32] DEPRECATION WARNING: please use MorganGenerator
[18:24:32] DEPRECATION WARNING: please use MorganGenerator
[18:24:32] DEPRECATION WARNING: please use MorganGenerator
[18:24:32] DEPRECATION WARNING: please use MorganGenerator
[18:24:32] DEPRECATION WARNING: please use MorganGenerator
[18:24:32] DEPRECATION WARNING: please use MorganGenerator
[18:24:32] DEPRECATION WARNING: please use MorganGenerator
[18:24:32] DEPRECATION WARNING: please use MorganGenerator
[18:24:32] DEPRECATION WARNING: please use MorganGenerator
[18:24:32] DEPRECATION WARNING: please use MorganGenerator
[18:24:32] DEPRECATION WARNING: please use MorganGenerator
[18:24:32] DEPRECATION WARNING: please use MorganGenerator
[18:24:32] DEPRECATION WARNING: please use MorganGenerator
[18:24:32] DEPRECATION WARNING: please use MorganGenerator
[18:24:32] DEPRECATION WARNING: please use MorganGenerator
[18:24:32] DEPRECATION WARNING: please use MorganGenerator
[18:24:32] DEPRECATION WARNING: please use MorganGenerator
[18:24:32] DEPRECATION WARNING: please use MorganGenerator
[18:24:32] DEPRECATION WARNING: please use MorganGenerator
[18:24:32] DEPRECATION WARNING: please use MorganGenerator
[18:24:32] DEPRECATION WARNING: please use MorganGenerator
[18:24:32] DEPRECATION WARNING: please use MorganGenerator
[18:24:32] DEPRECATION WARNING: please use MorganGenerator
[18:24:32] DEPRECATION WARNING: please use MorganGenerator
[18:24:32] DEPRECATION WARNING: please use MorganGenerator
[18:24:32] DEPRECATION WARNING: please use MorganGenerator
[18:24:32] DEPRECATION WARNING: please use MorganGenerator
[18:24:32] DEPRECATION WARNING: please use MorganGenerator
[18:24:32] DEPRECATION WARNING: please use MorganGenerator
[18:24:32] DEPRECATION WARNING: please use MorganGenerator
[18:24:32] DEPRECATION WARNING: please use MorganGenerator
[18:24:32] DEPRECATION WARNING: please use MorganGenerator
[18:24:32] DEPRECATION WARNING: please use MorganGenerator
[18:24:32] DEPRECATION WARNING: please use MorganGenerator
[18:24:32] DEPRECATION WARNING: please use MorganGenerator
[18:24:32] DEPRECATION WARNING: please use MorganGenerator
[18:24:32] DEPRECATION WARNING: please use MorganGenerator
[18:24:32] DEPRECATION WARNING: please use MorganGenerator
[18:24:32] DEPRECATION WARNING: please use MorganGenerator
[18:24:32] DEPRECATION WARNING: please use MorganGenerator
[18:24:32] DEPRECATION WARNING: please use MorganGenerator
[18:24:32] DEPRECATION WARNING: please use MorganGenerator
[18:24:32] DEPRECATION WARNING: please use MorganGenerator
[18:24:32] DEPRECATION WARNING: please use MorganGenerator
[18:24:32] DEPRECATION WARNING: please use MorganGenerator
[18:24:32] DEPRECATION WARNING: please use MorganGenerator
[18:24:32] DEPRECATION WARNING: please use MorganGenerator
[18:24:32] DEPRECATION WARNING: please use MorganGenerator
[18:24:32] DEPRECATION WARNING: please use MorganGenerator
[18:24:32] DEPRECATION WARNING: please use MorganGenerator
[18:24:32] DEPRECATION WARNING: please use MorganGenerator
[18:24:32] DEPRECATION WARNING: please use MorganGenerator
[18:24:32] DEPRECATION WARNING: please use MorganGenerator
[18:24:32] DEPRECATION WARNING: please use MorganGenerator
[18:24:32] DEPRECATION WARNING: please use MorganGenerator
[18:24:32] DEPRECATION WARNING: please use MorganGenerator
[18:24:32] DEPRECATION WARNING: please use MorganGenerator
[18:24:32] DEPRECATION WARNING: please use MorganGenerator
[18:24:32] DEPRECATION WARNING: please use MorganGenerator
[18:24:32] DEPRECATION WARNING: please use MorganGenerator
[18:24:32] DEPRECATION WARNING: please use MorganGenerator
[18:24:32] DEPRECATION WARNING: please use MorganGenerator
[18:24:32] DEPRECATION WARNING: please use MorganGenerator
[18:24:32] DEPRECATION WARNING: please use MorganGenerator
[18:24:32] DEPRECATION WARNING: please use MorganGenerator
[18:24:32] DEPRECATION WARNING: please use MorganGenerator
[18:24:32] DEPRECATION WARNING: please use MorganGenerator
[18:24:32] DEPRECATION WARNING: please use MorganGenerator
[18:24:32] DEPRECATION WARNING: please use MorganGenerator
[18:24:32] DEPRECATION WARNING: please use MorganGenerator
[18:24:32] DEPRECATION WARNING: please use MorganGenerator
[18:24:32] DEPRECATION WARNING: please use MorganGenerator
[18:24:32] DEPRECATION WARNING: please use MorganGenerator
[18:24:32] DEPRECATION WARNING: please use MorganGenerator
[18:24:32] DEPRECATION WARNING: please use MorganGenerator
[18:24:32] DEPRECATION WARNING: please use MorganGenerator
[18:24:32] DEPRECATION WARNING: please use MorganGenerator
[18:24:32] DEPRECATION WARNING: please use MorganGenerator
[18:24:32] DEPRECATION WARNING: please use MorganGenerator
[18:24:32] DEPRECATION WARNING: please use MorganGenerator
[18:24:32] DEPRECATION WARNING: please use MorganGenerator
[18:24:32] DEPRECATION WARNING: please use MorganGenerator
[18:24:32] DEPRECATION WARNING: please use MorganGenerator
[18:24:32] DEPRECATION WARNING: please use MorganGenerator
[18:24:32] DEPRECATION WARNING: please use MorganGenerator
[18:24:32] DEPRECATION WARNING: please use MorganGenerator
[18:24:32] DEPRECATION WARNING: please use MorganGenerator
[18:24:32] DEPRECATION WARNING: please use MorganGenerator
[18:24:32] DEPRECATION WARNING: please use MorganGenerator
[18:24:32] DEPRECATION WARNING: please use MorganGenerator
[18:24:32] DEPRECATION WARNING: please use MorganGenerator
[18:24:32] DEPRECATION WARNING: please use MorganGenerator
[18:24:32] DEPRECATION WARNING: please use MorganGenerator
[18:24:32] DEPRECATION WARNING: please use MorganGenerator
[18:24:32] DEPRECATION WARNING: please use MorganGenerator
[18:24:32] DEPRECATION WARNING: please use MorganGenerator
[18:24:32] DEPRECATION WARNING: please use MorganGenerator
[18:24:32] DEPRECATION WARNING: please use MorganGenerator
[18:24:32] DEPRECATION WARNING: please use MorganGenerator
[18:24:32] DEPRECATION WARNING: please use MorganGenerator
[18:24:32] DEPRECATION WARNING: please use MorganGenerator
[18:24:32] DEPRECATION WARNING: please use MorganGenerator
[18:24:32] DEPRECATION WARNING: please use MorganGenerator
[18:24:32] DEPRECATION WARNING: please use MorganGenerator
[18:24:32] DEPRECATION WARNING: please use MorganGenerator
[18:24:32] DEPRECATION WARNING: please use MorganGenerator
[18:24:32] DEPRECATION WARNING: please use MorganGenerator
[18:24:32] DEPRECATION WARNING: please use MorganGenerator
[18:24:32] DEPRECATION WARNING: please use MorganGenerator
[18:24:32] DEPRECATION WARNING: please use MorganGenerator
[18:24:32] DEPRECATION WARNING: please use MorganGenerator
[18:24:32] DEPRECATION WARNING: please use MorganGenerator
[18:24:32] DEPRECATION WARNING: please use MorganGenerator
[18:24:32] DEPRECATION WARNING: please use MorganGenerator
[18:24:32] DEPRECATION WARNING: please use MorganGenerator
[18:24:32] DEPRECATION WARNING: please use MorganGenerator
[18:24:32] DEPRECATION WARNING: please use MorganGenerator
[18:24:32] DEPRECATION WARNING: please use MorganGenerator
[18:24:32] DEPRECATION WARNING: please use MorganGenerator
[18:24:32] DEPRECATION WARNING: please use MorganGenerator
[18:24:32] DEPRECATION WARNING: please use MorganGenerator
[18:24:32] DEPRECATION WARNING: please use MorganGenerator
[18:24:32] DEPRECATION WARNING: please use MorganGenerator
[18:24:32] DEPRECATION WARNING: please use MorganGenerator
[18:24:32] DEPRECATION WARNING: please use MorganGenerator
[18:24:32] DEPRECATION WARNING: please use MorganGenerator
[18:24:32] DEPRECATION WARNING: please use MorganGenerator
[18:24:32] DEPRECATION WARNING: please use MorganGenerator
[18:24:32] DEPRECATION WARNING: please use MorganGenerator
[18:24:32] DEPRECATION WARNING: please use MorganGenerator
[18:24:32] DEPRECATION WARNING: please use MorganGenerator
[18:24:32] DEPRECATION WARNING: please use MorganGenerator
[18:24:32] DEPRECATION WARNING: please use MorganGenerator
[18:24:32] DEPRECATION WARNING: please use MorganGenerator
[18:24:32] DEPRECATION WARNING: please use MorganGenerator
[18:24:32] DEPRECATION WARNING: please use MorganGenerator
[18:24:32] DEPRECATION WARNING: please use MorganGenerator
[18:24:32] DEPRECATION WARNING: please use MorganGenerator
[18:24:32] DEPRECATION WARNING: please use MorganGenerator
[18:24:32] DEPRECATION WARNING: please use MorganGenerator
[18:24:32] DEPRECATION WARNING: please use MorganGenerator
[18:24:32] DEPRECATION WARNING: please use MorganGenerator
[18:24:32] DEPRECATION WARNING: please use MorganGenerator
[18:24:32] DEPRECATION WARNING: please use MorganGenerator
[18:24:32] DEPRECATION WARNING: please use MorganGenerator
[18:24:32] DEPRECATION WARNING: please use MorganGenerator
[18:24:32] DEPRECATION WARNING: please use MorganGenerator
[18:24:32] DEPRECATION WARNING: please use MorganGenerator
[18:24:32] DEPRECATION WARNING: please use MorganGenerator
[18:24:32] DEPRECATION WARNING: please use MorganGenerator
[18:24:32] DEPRECATION WARNING: please use MorganGenerator
[18:24:32] DEPRECATION WARNING: please use MorganGenerator
[18:24:32] DEPRECATION WARNING: please use MorganGenerator
[18:24:32] DEPRECATION WARNING: please use MorganGenerator
[18:24:32] DEPRECATION WARNING: please use MorganGenerator
[18:24:32] DEPRECATION WARNING: please use MorganGenerator
[18:24:32] DEPRECATION WARNING: please use MorganGenerator
[18:24:32] DEPRECATION WARNING: please use MorganGenerator
[18:24:32] DEPRECATION WARNING: please use MorganGenerator
[18:24:32] DEPRECATION WARNING: please use MorganGenerator
[18:24:32] DEPRECATION WARNING: please use MorganGenerator
[18:24:32] DEPRECATION WARNING: please use MorganGenerator
[18:24:32] DEPRECATION WARNING: please use MorganGenerator
[18:24:32] DEPRECATION WARNING: please use MorganGenerator
[18:24:32] DEPRECATION WARNING: please use MorganGenerator
[18:24:32] DEPRECATION WARNING: please use MorganGenerator
[18:24:32] DEPRECATION WARNING: please use MorganGenerator
[18:24:32] DEPRECATION WARNING: please use MorganGenerator
[18:24:32] DEPRECATION WARNING: please use MorganGenerator
[18:24:32] DEPRECATION WARNING: please use MorganGenerator
[18:24:32] DEPRECATION WARNING: please use MorganGenerator
[18:24:32] DEPRECATION WARNING: please use MorganGenerator
[18:24:32] DEPRECATION WARNING: please use MorganGenerator
[18:24:32] DEPRECATION WARNING: please use MorganGenerator
[18:24:32] DEPRECATION WARNING: please use MorganGenerator
[18:24:32] DEPRECATION WARNING: please use MorganGenerator
[18:24:32] DEPRECATION WARNING: please use MorganGenerator
[18:24:32] DEPRECATION WARNING: please use MorganGenerator
[18:24:32] DEPRECATION WARNING: please use MorganGenerator
[18:24:32] DEPRECATION WARNING: please use MorganGenerator
[18:24:32] DEPRECATION WARNING: please use MorganGenerator
[18:24:32] DEPRECATION WARNING: please use MorganGenerator
[18:24:32] DEPRECATION WARNING: please use MorganGenerator
[18:24:32] DEPRECATION WARNING: please use MorganGenerator
[18:24:32] DEPRECATION WARNING: please use MorganGenerator
[18:24:32] DEPRECATION WARNING: please use MorganGenerator
[18:24:32] DEPRECATION WARNING: please use MorganGenerator
[18:24:32] DEPRECATION WARNING: please use MorganGenerator
[18:24:32] DEPRECATION WARNING: please use MorganGenerator
[18:24:32] DEPRECATION WARNING: please use MorganGenerator
[18:24:32] DEPRECATION WARNING: please use MorganGenerator
[18:24:32] DEPRECATION WARNING: please use MorganGenerator
[18:24:32] DEPRECATION WARNING: please use MorganGenerator
[18:24:32] DEPRECATION WARNING: please use MorganGenerator
[18:24:32] DEPRECATION WARNING: please use MorganGenerator
[18:24:32] DEPRECATION WARNING: please use MorganGenerator
[18:24:32] DEPRECATION WARNING: please use MorganGenerator
[18:24:32] DEPRECATION WARNING: please use MorganGenerator
[18:24:32] DEPRECATION WARNING: please use MorganGenerator
[18:24:32] DEPRECATION WARNING: please use MorganGenerator
[18:24:32] DEPRECATION WARNING: please use MorganGenerator
[18:24:32] DEPRECATION WARNING: please use MorganGenerator
[18:24:32] DEPRECATION WARNING: please use MorganGenerator
[18:24:32] DEPRECATION WARNING: please use MorganGenerator
[18:24:32] DEPRECATION WARNING: please use MorganGenerator
[18:24:32] DEPRECATION WARNING: please use MorganGenerator
[18:24:32] DEPRECATION WARNING: please use MorganGenerator
[18:24:32] DEPRECATION WARNING: please use MorganGenerator
[18:24:32] DEPRECATION WARNING: please use MorganGenerator
[18:24:32] DEPRECATION WARNING: please use MorganGenerator
[18:24:32] DEPRECATION WARNING: please use MorganGenerator
[18:24:32] DEPRECATION WARNING: please use MorganGenerator
[18:24:32] DEPRECATION WARNING: please use MorganGenerator
[18:24:32] DEPRECATION WARNING: please use MorganGenerator
[18:24:32] DEPRECATION WARNING: please use MorganGenerator
[18:24:32] DEPRECATION WARNING: please use MorganGenerator
[18:24:32] DEPRECATION WARNING: please use MorganGenerator
[18:24:32] DEPRECATION WARNING: please use MorganGenerator
[18:24:32] DEPRECATION WARNING: please use MorganGenerator
[18:24:32] DEPRECATION WARNING: please use MorganGenerator
[18:24:32] DEPRECATION WARNING: please use MorganGenerator
[18:24:32] DEPRECATION WARNING: please use MorganGenerator
[18:24:32] DEPRECATION WARNING: please use MorganGenerator
[18:24:32] DEPRECATION WARNING: please use MorganGenerator
[18:24:32] DEPRECATION WARNING: please use MorganGenerator
[18:24:32] DEPRECATION WARNING: please use MorganGenerator
[18:24:32] DEPRECATION WARNING: please use MorganGenerator
[18:24:32] DEPRECATION WARNING: please use MorganGenerator
[18:24:32] DEPRECATION WARNING: please use MorganGenerator
[18:24:32] DEPRECATION WARNING: please use MorganGenerator
[18:24:32] DEPRECATION WARNING: please use MorganGenerator
[18:24:32] DEPRECATION WARNING: please use MorganGenerator
[18:24:32] DEPRECATION WARNING: please use MorganGenerator
[18:24:32] DEPRECATION WARNING: please use MorganGenerator
[18:24:32] DEPRECATION WARNING: please use MorganGenerator
[18:24:32] DEPRECATION WARNING: please use MorganGenerator
[18:24:32] DEPRECATION WARNING: please use MorganGenerator
[18:24:32] DEPRECATION WARNING: please use MorganGenerator
[18:24:32] DEPRECATION WARNING: please use MorganGenerator
[18:24:32] DEPRECATION WARNING: please use MorganGenerator
[18:24:32] DEPRECATION WARNING: please use MorganGenerator
[18:24:32] DEPRECATION WARNING: please use MorganGenerator
[18:24:32] DEPRECATION WARNING: please use MorganGenerator
[18:24:32] DEPRECATION WARNING: please use MorganGenerator
[18:24:32] DEPRECATION WARNING: please use MorganGenerator
[18:24:32] DEPRECATION WARNING: please use MorganGenerator
[18:24:32] DEPRECATION WARNING: please use MorganGenerator
[18:24:32] DEPRECATION WARNING: please use MorganGenerator
[18:24:32] DEPRECATION WARNING: please use MorganGenerator
[18:24:32] DEPRECATION WARNING: please use MorganGenerator
[18:24:32] DEPRECATION WARNING: please use MorganGenerator
[18:24:32] DEPRECATION WARNING: please use MorganGenerator
[18:24:32] DEPRECATION WARNING: please use MorganGenerator
[18:24:32] DEPRECATION WARNING: please use MorganGenerator
[18:24:32] DEPRECATION WARNING: please use MorganGenerator
[18:24:32] DEPRECATION WARNING: please use MorganGenerator
[18:24:32] DEPRECATION WARNING: please use MorganGenerator
[18:24:32] DEPRECATION WARNING: please use MorganGenerator
[18:24:32] DEPRECATION WARNING: please use MorganGenerator
[18:24:32] DEPRECATION WARNING: please use MorganGenerator
[18:24:32] DEPRECATION WARNING: please use MorganGenerator
[18:24:32] DEPRECATION WARNING: please use MorganGenerator
[18:24:32] DEPRECATION WARNING: please use MorganGenerator
[18:24:32] DEPRECATION WARNING: please use MorganGenerator
[18:24:32] DEPRECATION WARNING: please use MorganGenerator
[18:24:32] DEPRECATION WARNING: please use MorganGenerator
[18:24:32] DEPRECATION WARNING: please use MorganGenerator
[18:24:32] DEPRECATION WARNING: please use MorganGenerator
[18:24:32] DEPRECATION WARNING: please use MorganGenerator
[18:24:32] DEPRECATION WARNING: please use MorganGenerator
[18:24:32] DEPRECATION WARNING: please use MorganGenerator
[18:24:32] DEPRECATION WARNING: please use MorganGenerator
[18:24:32] DEPRECATION WARNING: please use MorganGenerator
[18:24:32] DEPRECATION WARNING: please use MorganGenerator
[18:24:32] DEPRECATION WARNING: please use MorganGenerator
[18:24:32] DEPRECATION WARNING: please use MorganGenerator
[18:24:32] DEPRECATION WARNING: please use MorganGenerator
[18:24:32] DEPRECATION WARNING: please use MorganGenerator
[18:24:32] DEPRECATION WARNING: please use MorganGenerator
[18:24:32] DEPRECATION WARNING: please use MorganGenerator
[18:24:32] DEPRECATION WARNING: please use MorganGenerator
[18:24:32] DEPRECATION WARNING: please use MorganGenerator
[18:24:32] DEPRECATION WARNING: please use MorganGenerator
[18:24:32] DEPRECATION WARNING: please use MorganGenerator
[18:24:32] DEPRECATION WARNING: please use MorganGenerator
[18:24:32] DEPRECATION WARNING: please use MorganGenerator
[18:24:32] DEPRECATION WARNING: please use MorganGenerator
[18:24:32] DEPRECATION WARNING: please use MorganGenerator
[18:24:32] DEPRECATION WARNING: please use MorganGenerator
[18:24:32] DEPRECATION WARNING: please use MorganGenerator
[18:24:32] DEPRECATION WARNING: please use MorganGenerator
[18:24:32] DEPRECATION WARNING: please use MorganGenerator
[18:24:32] DEPRECATION WARNING: please use MorganGenerator
[18:24:32] DEPRECATION WARNING: please use MorganGenerator
[18:24:32] DEPRECATION WARNING: please use MorganGenerator
[18:24:32] DEPRECATION WARNING: please use MorganGenerator
[18:24:32] DEPRECATION WARNING: please use MorganGenerator
[18:24:32] DEPRECATION WARNING: please use MorganGenerator
[18:24:32] DEPRECATION WARNING: please use MorganGenerator
[18:24:32] DEPRECATION WARNING: please use MorganGenerator
[18:24:32] DEPRECATION WARNING: please use MorganGenerator
[18:24:32] DEPRECATION WARNING: please use MorganGenerator
[18:24:32] DEPRECATION WARNING: please use MorganGenerator
[18:24:32] DEPRECATION WARNING: please use MorganGenerator
[18:24:32] DEPRECATION WARNING: please use MorganGenerator
[18:24:32] DEPRECATION WARNING: please use MorganGenerator
[18:24:32] DEPRECATION WARNING: please use MorganGenerator
[18:24:32] DEPRECATION WARNING: please use MorganGenerator
[18:24:32] DEPRECATION WARNING: please use MorganGenerator
[18:24:32] DEPRECATION WARNING: please use MorganGenerator
[18:24:32] DEPRECATION WARNING: please use MorganGenerator
[18:24:32] DEPRECATION WARNING: please use MorganGenerator
[18:24:32] DEPRECATION WARNING: please use MorganGenerator
[18:24:32] DEPRECATION WARNING: please use MorganGenerator
[18:24:32] DEPRECATION WARNING: please use MorganGenerator
[18:24:32] DEPRECATION WARNING: please use MorganGenerator
[18:24:32] DEPRECATION WARNING: please use MorganGenerator
[18:24:32] DEPRECATION WARNING: please use MorganGenerator
[18:24:32] DEPRECATION WARNING: please use MorganGenerator
[18:24:32] DEPRECATION WARNING: please use MorganGenerator
[18:24:32] DEPRECATION WARNING: please use MorganGenerator
[18:24:32] DEPRECATION WARNING: please use MorganGenerator
[18:24:32] DEPRECATION WARNING: please use MorganGenerator
[18:24:32] DEPRECATION WARNING: please use MorganGenerator
[18:24:32] DEPRECATION WARNING: please use MorganGenerator
[18:24:32] DEPRECATION WARNING: please use MorganGenerator
[18:24:32] DEPRECATION WARNING: please use MorganGenerator
[18:24:32] DEPRECATION WARNING: please use MorganGenerator
[18:24:32] DEPRECATION WARNING: please use MorganGenerator
[18:24:32] DEPRECATION WARNING: please use MorganGenerator
[18:24:32] DEPRECATION WARNING: please use MorganGenerator
[18:24:32] DEPRECATION WARNING: please use MorganGenerator
[18:24:32] DEPRECATION WARNING: please use MorganGenerator
[18:24:32] DEPRECATION WARNING: please use MorganGenerator
[18:24:32] DEPRECATION WARNING: please use MorganGenerator
[18:24:32] DEPRECATION WARNING: please use MorganGenerator
[18:24:32] DEPRECATION WARNING: please use MorganGenerator
[18:24:32] DEPRECATION WARNING: please use MorganGenerator
[18:24:32] DEPRECATION WARNING: please use MorganGenerator
[18:24:32] DEPRECATION WARNING: please use MorganGenerator
[18:24:32] DEPRECATION WARNING: please use MorganGenerator
[18:24:32] DEPRECATION WARNING: please use MorganGenerator
[18:24:32] DEPRECATION WARNING: please use MorganGenerator
[18:24:32] DEPRECATION WARNING: please use MorganGenerator
[18:24:32] DEPRECATION WARNING: please use MorganGenerator
[18:24:32] DEPRECATION WARNING: please use MorganGenerator
[18:24:32] DEPRECATION WARNING: please use MorganGenerator
[18:24:32] DEPRECATION WARNING: please use MorganGenerator
[18:24:32] DEPRECATION WARNING: please use MorganGenerator
[18:24:32] DEPRECATION WARNING: please use MorganGenerator
[18:24:32] DEPRECATION WARNING: please use MorganGenerator
[18:24:32] DEPRECATION WARNING: please use MorganGenerator
[18:24:32] DEPRECATION WARNING: please use MorganGenerator
[18:24:32] DEPRECATION WARNING: please use MorganGenerator
[18:24:32] DEPRECATION WARNING: please use MorganGenerator
[18:24:32] DEPRECATION WARNING: please use MorganGenerator
[18:24:32] DEPRECATION WARNING: please use MorganGenerator
[18:24:32] DEPRECATION WARNING: please use MorganGenerator
[18:24:32] DEPRECATION WARNING: please use MorganGenerator
[18:24:32] DEPRECATION WARNING: please use MorganGenerator
[18:24:32] DEPRECATION WARNING: please use MorganGenerator
[18:24:32] DEPRECATION WARNING: please use MorganGenerator
[18:24:32] DEPRECATION WARNING: please use MorganGenerator
[18:24:32] DEPRECATION WARNING: please use MorganGenerator
[18:24:32] DEPRECATION WARNING: please use MorganGenerator
[18:24:32] DEPRECATION WARNING: please use MorganGenerator
[18:24:32] DEPRECATION WARNING: please use MorganGenerator
[18:24:32] DEPRECATION WARNING: please use MorganGenerator
[18:24:32] DEPRECATION WARNING: please use MorganGenerator
[18:24:32] DEPRECATION WARNING: please use MorganGenerator
[18:24:32] DEPRECATION WARNING: please use MorganGenerator
[18:24:32] DEPRECATION WARNING: please use MorganGenerator
[18:24:32] DEPRECATION WARNING: please use MorganGenerator
[18:24:32] DEPRECATION WARNING: please use MorganGenerator
[18:24:32] DEPRECATION WARNING: please use MorganGenerator
[18:24:32] DEPRECATION WARNING: please use MorganGenerator
[18:24:32] DEPRECATION WARNING: please use MorganGenerator
[18:24:32] DEPRECATION WARNING: please use MorganGenerator
[18:24:32] DEPRECATION WARNING: please use MorganGenerator
[18:24:32] DEPRECATION WARNING: please use MorganGenerator
[18:24:32] DEPRECATION WARNING: please use MorganGenerator
[18:24:32] DEPRECATION WARNING: please use MorganGenerator
[18:24:32] DEPRECATION WARNING: please use MorganGenerator
[18:24:32] DEPRECATION WARNING: please use MorganGenerator
[18:24:32] DEPRECATION WARNING: please use MorganGenerator
[18:24:32] DEPRECATION WARNING: please use MorganGenerator
[18:24:32] DEPRECATION WARNING: please use MorganGenerator
[18:24:32] DEPRECATION WARNING: please use MorganGenerator
[18:24:32] DEPRECATION WARNING: please use MorganGenerator
[18:24:32] DEPRECATION WARNING: please use MorganGenerator
[18:24:32] DEPRECATION WARNING: please use MorganGenerator
[18:24:32] DEPRECATION WARNING: please use MorganGenerator
[18:24:32] DEPRECATION WARNING: please use MorganGenerator
[18:24:32] DEPRECATION WARNING: please use MorganGenerator
[18:24:32] DEPRECATION WARNING: please use MorganGenerator
[18:24:32] DEPRECATION WARNING: please use MorganGenerator
[18:24:32] DEPRECATION WARNING: please use MorganGenerator
[18:24:32] DEPRECATION WARNING: please use MorganGenerator
[18:24:32] DEPRECATION WARNING: please use MorganGenerator
[18:24:32] DEPRECATION WARNING: please use MorganGenerator
[18:24:32] DEPRECATION WARNING: please use MorganGenerator
[18:24:32] DEPRECATION WARNING: please use MorganGenerator
[18:24:32] DEPRECATION WARNING: please use MorganGenerator
[18:24:32] DEPRECATION WARNING: please use MorganGenerator
[18:24:32] DEPRECATION WARNING: please use MorganGenerator
[18:24:32] DEPRECATION WARNING: please use MorganGenerator
[18:24:32] DEPRECATION WARNING: please use MorganGenerator
[18:24:32] DEPRECATION WARNING: please use MorganGenerator
[18:24:32] DEPRECATION WARNING: please use MorganGenerator
[18:24:32] DEPRECATION WARNING: please use MorganGenerator
[18:24:32] DEPRECATION WARNING: please use MorganGenerator
[18:24:32] DEPRECATION WARNING: please use MorganGenerator
[18:24:32] DEPRECATION WARNING: please use MorganGenerator
[18:24:32] DEPRECATION WARNING: please use MorganGenerator
[18:24:32] DEPRECATION WARNING: please use MorganGenerator
[18:24:32] DEPRECATION WARNING: please use MorganGenerator
[18:24:32] DEPRECATION WARNING: please use MorganGenerator
[18:24:32] DEPRECATION WARNING: please use MorganGenerator
[18:24:32] DEPRECATION WARNING: please use MorganGenerator
[18:24:32] DEPRECATION WARNING: please use MorganGenerator
[18:24:32] DEPRECATION WARNING: please use MorganGenerator
[18:24:32] DEPRECATION WARNING: please use MorganGenerator
[18:24:32] DEPRECATION WARNING: please use MorganGenerator
[18:24:32] DEPRECATION WARNING: please use MorganGenerator
[18:24:32] DEPRECATION WARNING: please use MorganGenerator
[18:24:32] DEPRECATION WARNING: please use MorganGenerator
[18:24:32] DEPRECATION WARNING: please use MorganGenerator
[18:24:32] DEPRECATION WARNING: please use MorganGenerator
[18:24:32] DEPRECATION WARNING: please use MorganGenerator
[18:24:32] DEPRECATION WARNING: please use MorganGenerator
[18:24:32] DEPRECATION WARNING: please use MorganGenerator
[18:24:32] DEPRECATION WARNING: please use MorganGenerator
[18:24:32] DEPRECATION WARNING: please use MorganGenerator
[18:24:32] DEPRECATION WARNING: please use MorganGenerator
[18:24:32] DEPRECATION WARNING: please use MorganGenerator
[18:24:32] DEPRECATION WARNING: please use MorganGenerator
[18:24:32] DEPRECATION WARNING: please use MorganGenerator
[18:24:32] DEPRECATION WARNING: please use MorganGenerator
[18:24:32] DEPRECATION WARNING: please use MorganGenerator
[18:24:32] DEPRECATION WARNING: please use MorganGenerator
[18:24:32] DEPRECATION WARNING: please use MorganGenerator
[18:24:32] DEPRECATION WARNING: please use MorganGenerator
[18:24:32] DEPRECATION WARNING: please use MorganGenerator
[18:24:32] DEPRECATION WARNING: please use MorganGenerator
[18:24:32] DEPRECATION WARNING: please use MorganGenerator
[18:24:32] DEPRECATION WARNING: please use MorganGenerator
[18:24:32] DEPRECATION WARNING: please use MorganGenerator
[18:24:32] DEPRECATION WARNING: please use MorganGenerator
[18:24:32] DEPRECATION WARNING: please use MorganGenerator
[18:24:32] DEPRECATION WARNING: please use MorganGenerator
[18:24:32] DEPRECATION WARNING: please use MorganGenerator
[18:24:32] DEPRECATION WARNING: please use MorganGenerator
[18:24:32] DEPRECATION WARNING: please use MorganGenerator
[18:24:32] DEPRECATION WARNING: please use MorganGenerator
[18:24:32] DEPRECATION WARNING: please use MorganGenerator
[18:24:32] DEPRECATION WARNING: please use MorganGenerator
[18:24:32] DEPRECATION WARNING: please use MorganGenerator
[18:24:32] DEPRECATION WARNING: please use MorganGenerator
[18:24:32] DEPRECATION WARNING: please use MorganGenerator
[18:24:32] DEPRECATION WARNING: please use MorganGenerator
[18:24:32] DEPRECATION WARNING: please use MorganGenerator
[18:24:32] DEPRECATION WARNING: please use MorganGenerator
[18:24:32] DEPRECATION WARNING: please use MorganGenerator
[18:24:32] DEPRECATION WARNING: please use MorganGenerator
[18:24:32] DEPRECATION WARNING: please use MorganGenerator
[18:24:32] DEPRECATION WARNING: please use MorganGenerator
[18:24:32] DEPRECATION WARNING: please use MorganGenerator
[18:24:32] DEPRECATION WARNING: please use MorganGenerator
[18:24:32] DEPRECATION WARNING: please use MorganGenerator
[18:24:32] DEPRECATION WARNING: please use MorganGenerator
[18:24:32] DEPRECATION WARNING: please use MorganGenerator
[18:24:32] DEPRECATION WARNING: please use MorganGenerator
[18:24:32] DEPRECATION WARNING: please use MorganGenerator
[18:24:32] DEPRECATION WARNING: please use MorganGenerator
[18:24:32] DEPRECATION WARNING: please use MorganGenerator
[18:24:32] DEPRECATION WARNING: please use MorganGenerator
[18:24:32] DEPRECATION WARNING: please use MorganGenerator
[18:24:32] DEPRECATION WARNING: please use MorganGenerator
[18:24:32] DEPRECATION WARNING: please use MorganGenerator
[18:24:32] DEPRECATION WARNING: please use MorganGenerator
[18:24:32] DEPRECATION WARNING: please use MorganGenerator
[18:24:32] DEPRECATION WARNING: please use MorganGenerator
[18:24:32] DEPRECATION WARNING: please use MorganGenerator
[18:24:32] DEPRECATION WARNING: please use MorganGenerator
[18:24:32] DEPRECATION WARNING: please use MorganGenerator
[18:24:32] DEPRECATION WARNING: please use MorganGenerator
[18:24:32] DEPRECATION WARNING: please use MorganGenerator
[18:24:32] DEPRECATION WARNING: please use MorganGenerator
[18:24:32] DEPRECATION WARNING: please use MorganGenerator
[18:24:32] DEPRECATION WARNING: please use MorganGenerator
[18:24:32] DEPRECATION WARNING: please use MorganGenerator
[18:24:32] DEPRECATION WARNING: please use MorganGenerator
[18:24:32] DEPRECATION WARNING: please use MorganGenerator
[18:24:32] DEPRECATION WARNING: please use MorganGenerator
[18:24:32] DEPRECATION WARNING: please use MorganGenerator
[18:24:32] DEPRECATION WARNING: please use MorganGenerator
[18:24:32] DEPRECATION WARNING: please use MorganGenerator
[18:24:32] DEPRECATION WARNING: please use MorganGenerator
[18:24:32] DEPRECATION WARNING: please use MorganGenerator
[18:24:32] DEPRECATION WARNING: please use MorganGenerator
[18:24:32] DEPRECATION WARNING: please use MorganGenerator
[18:24:32] DEPRECATION WARNING: please use MorganGenerator
[18:24:32] DEPRECATION WARNING: please use MorganGenerator
[18:24:32] DEPRECATION WARNING: please use MorganGenerator
[18:24:32] DEPRECATION WARNING: please use MorganGenerator
[18:24:32] DEPRECATION WARNING: please use MorganGenerator
[18:24:32] DEPRECATION WARNING: please use MorganGenerator
[18:24:32] DEPRECATION WARNING: please use MorganGenerator
[18:24:32] DEPRECATION WARNING: please use MorganGenerator
[18:24:32] DEPRECATION WARNING: please use MorganGenerator
[18:24:32] DEPRECATION WARNING: please use MorganGenerator
[18:24:32] DEPRECATION WARNING: please use MorganGenerator
[18:24:32] DEPRECATION WARNING: please use MorganGenerator
[18:24:32] DEPRECATION WARNING: please use MorganGenerator
[18:24:32] DEPRECATION WARNING: please use MorganGenerator
[18:24:32] DEPRECATION WARNING: please use MorganGenerator
[18:24:32] DEPRECATION WARNING: please use MorganGenerator
[18:24:32] DEPRECATION WARNING: please use MorganGenerator
[18:24:32] DEPRECATION WARNING: please use MorganGenerator
[18:24:32] DEPRECATION WARNING: please use MorganGenerator
[18:24:32] DEPRECATION WARNING: please use MorganGenerator
[18:24:32] DEPRECATION WARNING: please use MorganGenerator
[18:24:32] DEPRECATION WARNING: please use MorganGenerator
[18:24:32] DEPRECATION WARNING: please use MorganGenerator
[18:24:32] DEPRECATION WARNING: please use MorganGenerator
[18:24:32] DEPRECATION WARNING: please use MorganGenerator
[18:24:32] DEPRECATION WARNING: please use MorganGenerator
[18:24:32] DEPRECATION WARNING: please use MorganGenerator
[18:24:32] DEPRECATION WARNING: please use MorganGenerator
[18:24:32] DEPRECATION WARNING: please use MorganGenerator
[18:24:32] DEPRECATION WARNING: please use MorganGenerator
[18:24:32] DEPRECATION WARNING: please use MorganGenerator
[18:24:32] DEPRECATION WARNING: please use MorganGenerator
[18:24:32] DEPRECATION WARNING: please use MorganGenerator
[18:24:32] DEPRECATION WARNING: please use MorganGenerator
[18:24:32] DEPRECATION WARNING: please use MorganGenerator
[18:24:32] DEPRECATION WARNING: please use MorganGenerator
[18:24:32] DEPRECATION WARNING: please use MorganGenerator
[18:24:32] DEPRECATION WARNING: please use MorganGenerator
[18:24:32] DEPRECATION WARNING: please use MorganGenerator
[18:24:32] DEPRECATION WARNING: please use MorganGenerator
[18:24:32] DEPRECATION WARNING: please use MorganGenerator
[18:24:32] DEPRECATION WARNING: please use MorganGenerator
[18:24:32] DEPRECATION WARNING: please use MorganGenerator
[18:24:32] DEPRECATION WARNING: please use MorganGenerator
[18:24:32] DEPRECATION WARNING: please use MorganGenerator
[18:24:32] DEPRECATION WARNING: please use MorganGenerator
[18:24:32] DEPRECATION WARNING: please use MorganGenerator
[18:24:32] DEPRECATION WARNING: please use MorganGenerator
[18:24:32] DEPRECATION WARNING: please use MorganGenerator
[18:24:32] DEPRECATION WARNING: please use MorganGenerator
[18:24:32] DEPRECATION WARNING: please use MorganGenerator
[18:24:32] DEPRECATION WARNING: please use MorganGenerator
[18:24:32] DEPRECATION WARNING: please use MorganGenerator
[18:24:32] DEPRECATION WARNING: please use MorganGenerator
[18:24:32] DEPRECATION WARNING: please use MorganGenerator
[18:24:32] DEPRECATION WARNING: please use MorganGenerator
[18:24:32] DEPRECATION WARNING: please use MorganGenerator
[18:24:32] DEPRECATION WARNING: please use MorganGenerator
[18:24:32] DEPRECATION WARNING: please use MorganGenerator
[18:24:32] DEPRECATION WARNING: please use MorganGenerator
[18:24:32] DEPRECATION WARNING: please use MorganGenerator
[18:24:32] DEPRECATION WARNING: please use MorganGenerator
[18:24:32] DEPRECATION WARNING: please use MorganGenerator
[18:24:32] DEPRECATION WARNING: please use MorganGenerator
[18:24:32] DEPRECATION WARNING: please use MorganGenerator
[18:24:32] DEPRECATION WARNING: please use MorganGenerator
[18:24:32] DEPRECATION WARNING: please use MorganGenerator
[18:24:32] DEPRECATION WARNING: please use MorganGenerator
[18:24:32] DEPRECATION WARNING: please use MorganGenerator
[18:24:32] DEPRECATION WARNING: please use MorganGenerator
[18:24:32] DEPRECATION WARNING: please use MorganGenerator
[18:24:32] DEPRECATION WARNING: please use MorganGenerator
[18:24:32] DEPRECATION WARNING: please use MorganGenerator
[18:24:32] DEPRECATION WARNING: please use MorganGenerator
[18:24:32] DEPRECATION WARNING: please use MorganGenerator
[18:24:32] DEPRECATION WARNING: please use MorganGenerator
[18:24:32] DEPRECATION WARNING: please use MorganGenerator
[18:24:32] DEPRECATION WARNING: please use MorganGenerator
[18:24:32] DEPRECATION WARNING: please use MorganGenerator
[18:24:32] DEPRECATION WARNING: please use MorganGenerator
[18:24:32] DEPRECATION WARNING: please use MorganGenerator
[18:24:32] DEPRECATION WARNING: please use MorganGenerator
[18:24:32] DEPRECATION WARNING: please use MorganGenerator
[18:24:32] DEPRECATION WARNING: please use MorganGenerator
[18:24:32] DEPRECATION WARNING: please use MorganGenerator
[18:24:32] DEPRECATION WARNING: please use MorganGenerator
[18:24:32] DEPRECATION WARNING: please use MorganGenerator
[18:24:32] DEPRECATION WARNING: please use MorganGenerator
[18:24:32] DEPRECATION WARNING: please use MorganGenerator
[18:24:32] DEPRECATION WARNING: please use MorganGenerator
[18:24:32] DEPRECATION WARNING: please use MorganGenerator
[18:24:32] DEPRECATION WARNING: please use MorganGenerator
[18:24:32] DEPRECATION WARNING: please use MorganGenerator
[18:24:32] DEPRECATION WARNING: please use MorganGenerator
[18:24:32] DEPRECATION WARNING: please use MorganGenerator
[18:24:32] DEPRECATION WARNING: please use MorganGenerator
[18:24:32] DEPRECATION WARNING: please use MorganGenerator
[18:24:32] DEPRECATION WARNING: please use MorganGenerator
[18:24:32] DEPRECATION WARNING: please use MorganGenerator
[18:24:32] DEPRECATION WARNING: please use MorganGenerator
[18:24:32] DEPRECATION WARNING: please use MorganGenerator
[18:24:32] DEPRECATION WARNING: please use MorganGenerator
[18:24:32] DEPRECATION WARNING: please use MorganGenerator
[18:24:32] DEPRECATION WARNING: please use MorganGenerator
[18:24:32] DEPRECATION WARNING: please use MorganGenerator
[18:24:32] DEPRECATION WARNING: please use MorganGenerator
[18:24:32] DEPRECATION WARNING: please use MorganGenerator
[18:24:32] DEPRECATION WARNING: please use MorganGenerator
[18:24:32] DEPRECATION WARNING: please use MorganGenerator
[18:24:32] DEPRECATION WARNING: please use MorganGenerator
[18:24:32] DEPRECATION WARNING: please use MorganGenerator
[18:24:32] DEPRECATION WARNING: please use MorganGenerator
[18:24:32] DEPRECATION WARNING: please use MorganGenerator
[18:24:32] DEPRECATION WARNING: please use MorganGenerator
[18:24:32] DEPRECATION WARNING: please use MorganGenerator
[18:24:32] DEPRECATION WARNING: please use MorganGenerator
[18:24:32] DEPRECATION WARNING: please use MorganGenerator
[18:24:32] DEPRECATION WARNING: please use MorganGenerator
[18:24:32] DEPRECATION WARNING: please use MorganGenerator
[18:24:32] DEPRECATION WARNING: please use MorganGenerator
[18:24:32] DEPRECATION WARNING: please use MorganGenerator
[18:24:32] DEPRECATION WARNING: please use MorganGenerator
[18:24:32] DEPRECATION WARNING: please use MorganGenerator
[18:24:32] DEPRECATION WARNING: please use MorganGenerator
[18:24:32] DEPRECATION WARNING: please use MorganGenerator
[18:24:32] DEPRECATION WARNING: please use MorganGenerator
[18:24:32] DEPRECATION WARNING: please use MorganGenerator
[18:24:32] DEPRECATION WARNING: please use MorganGenerator
[18:24:32] DEPRECATION WARNING: please use MorganGenerator
[18:24:32] DEPRECATION WARNING: please use MorganGenerator
[18:24:32] DEPRECATION WARNING: please use MorganGenerator
[18:24:32] DEPRECATION WARNING: please use MorganGenerator
[18:24:32] DEPRECATION WARNING: please use MorganGenerator
[18:24:32] DEPRECATION WARNING: please use MorganGenerator
[18:24:32] DEPRECATION WARNING: please use MorganGenerator
[18:24:32] DEPRECATION WARNING: please use MorganGenerator
[18:24:32] DEPRECATION WARNING: please use MorganGenerator
[18:24:32] DEPRECATION WARNING: please use MorganGenerator
[18:24:32] DEPRECATION WARNING: please use MorganGenerator
[18:24:32] DEPRECATION WARNING: please use MorganGenerator
[18:24:32] DEPRECATION WARNING: please use MorganGenerator
[18:24:32] DEPRECATION WARNING: please use MorganGenerator
[18:24:32] DEPRECATION WARNING: please use MorganGenerator
[18:24:32] DEPRECATION WARNING: please use MorganGenerator
[18:24:32] DEPRECATION WARNING: please use MorganGenerator
[18:24:32] DEPRECATION WARNING: please use MorganGenerator
[18:24:32] DEPRECATION WARNING: please use MorganGenerator
[18:24:32] DEPRECATION WARNING: please use MorganGenerator
[18:24:32] DEPRECATION WARNING: please use MorganGenerator
[18:24:32] DEPRECATION WARNING: please use MorganGenerator
[18:24:32] DEPRECATION WARNING: please use MorganGenerator
[18:24:32] DEPRECATION WARNING: please use MorganGenerator
[18:24:32] DEPRECATION WARNING: please use MorganGenerator
[18:24:32] DEPRECATION WARNING: please use MorganGenerator
[18:24:32] DEPRECATION WARNING: please use MorganGenerator
[18:24:32] DEPRECATION WARNING: please use MorganGenerator
[18:24:32] DEPRECATION WARNING: please use MorganGenerator
[18:24:32] DEPRECATION WARNING: please use MorganGenerator
[18:24:32] DEPRECATION WARNING: please use MorganGenerator
[18:24:32] DEPRECATION WARNING: please use MorganGenerator
[18:24:32] DEPRECATION WARNING: please use MorganGenerator
[18:24:32] DEPRECATION WARNING: please use MorganGenerator
[18:24:32] DEPRECATION WARNING: please use MorganGenerator
[18:24:32] DEPRECATION WARNING: please use MorganGenerator
[18:24:32] DEPRECATION WARNING: please use MorganGenerator
[18:24:32] DEPRECATION WARNING: please use MorganGenerator
[18:24:32] DEPRECATION WARNING: please use MorganGenerator
[18:24:32] DEPRECATION WARNING: please use MorganGenerator
[18:24:32] DEPRECATION WARNING: please use MorganGenerator
[18:24:32] DEPRECATION WARNING: please use MorganGenerator
[18:24:32] DEPRECATION WARNING: please use MorganGenerator
[18:24:32] DEPRECATION WARNING: please use MorganGenerator
[18:24:32] DEPRECATION WARNING: please use MorganGenerator
[18:24:32] DEPRECATION WARNING: please use MorganGenerator
[18:24:32] DEPRECATION WARNING: please use MorganGenerator
[18:24:32] DEPRECATION WARNING: please use MorganGenerator
[18:24:32] DEPRECATION WARNING: please use MorganGenerator
[18:24:32] DEPRECATION WARNING: please use MorganGenerator
[18:24:32] DEPRECATION WARNING: please use MorganGenerator
[18:24:32] DEPRECATION WARNING: please use MorganGenerator
[18:24:32] DEPRECATION WARNING: please use MorganGenerator
[18:24:32] DEPRECATION WARNING: please use MorganGenerator
[18:24:32] DEPRECATION WARNING: please use MorganGenerator
[18:24:32] DEPRECATION WARNING: please use MorganGenerator
[18:24:32] DEPRECATION WARNING: please use MorganGenerator
[18:24:32] DEPRECATION WARNING: please use MorganGenerator
[18:24:32] DEPRECATION WARNING: please use MorganGenerator
[18:24:32] DEPRECATION WARNING: please use MorganGenerator
[18:24:32] DEPRECATION WARNING: please use MorganGenerator
[18:24:32] DEPRECATION WARNING: please use MorganGenerator
[18:24:32] DEPRECATION WARNING: please use MorganGenerator
[18:24:32] DEPRECATION WARNING: please use MorganGenerator
[18:24:32] DEPRECATION WARNING: please use MorganGenerator
[18:24:32] DEPRECATION WARNING: please use MorganGenerator
[18:24:32] DEPRECATION WARNING: please use MorganGenerator
[18:24:32] DEPRECATION WARNING: please use MorganGenerator
[18:24:32] DEPRECATION WARNING: please use MorganGenerator
[18:24:32] DEPRECATION WARNING: please use MorganGenerator
[18:24:32] DEPRECATION WARNING: please use MorganGenerator
[18:24:32] DEPRECATION WARNING: please use MorganGenerator
[18:24:32] DEPRECATION WARNING: please use MorganGenerator
[18:24:32] DEPRECATION WARNING: please use MorganGenerator
[18:24:32] DEPRECATION WARNING: please use MorganGenerator
[18:24:32] DEPRECATION WARNING: please use MorganGenerator
[18:24:32] DEPRECATION WARNING: please use MorganGenerator
[18:24:32] DEPRECATION WARNING: please use MorganGenerator
[18:24:32] DEPRECATION WARNING: please use MorganGenerator
[18:24:32] DEPRECATION WARNING: please use MorganGenerator
[18:24:32] DEPRECATION WARNING: please use MorganGenerator
[18:24:32] DEPRECATION WARNING: please use MorganGenerator
[18:24:32] DEPRECATION WARNING: please use MorganGenerator
[18:24:32] DEPRECATION WARNING: please use MorganGenerator
[18:24:32] DEPRECATION WARNING: please use MorganGenerator
[18:24:32] DEPRECATION WARNING: please use MorganGenerator
[18:24:32] DEPRECATION WARNING: please use MorganGenerator
[18:24:32] DEPRECATION WARNING: please use MorganGenerator
[18:24:32] DEPRECATION WARNING: please use MorganGenerator
[18:24:32] DEPRECATION WARNING: please use MorganGenerator
[18:24:32] DEPRECATION WARNING: please use MorganGenerator
[18:24:32] DEPRECATION WARNING: please use MorganGenerator
[18:24:32] DEPRECATION WARNING: please use MorganGenerator
[18:24:32] DEPRECATION WARNING: please use MorganGenerator
[18:24:32] DEPRECATION WARNING: please use MorganGenerator
[18:24:32] DEPRECATION WARNING: please use MorganGenerator
[18:24:32] DEPRECATION WARNING: please use MorganGenerator
[18:24:32] DEPRECATION WARNING: please use MorganGenerator
[18:24:32] DEPRECATION WARNING: please use MorganGenerator
[18:24:32] DEPRECATION WARNING: please use MorganGenerator
[18:24:32] DEPRECATION WARNING: please use MorganGenerator
[18:24:32] DEPRECATION WARNING: please use MorganGenerator
[18:24:32] DEPRECATION WARNING: please use MorganGenerator
[18:24:32] DEPRECATION WARNING: please use MorganGenerator
[18:24:32] DEPRECATION WARNING: please use MorganGenerator
[18:24:32] DEPRECATION WARNING: please use MorganGenerator
[18:24:32] DEPRECATION WARNING: please use MorganGenerator
[18:24:32] DEPRECATION WARNING: please use MorganGenerator
[18:24:32] DEPRECATION WARNING: please use MorganGenerator
[18:24:32] DEPRECATION WARNING: please use MorganGenerator
[18:24:32] DEPRECATION WARNING: please use MorganGenerator
[18:24:32] DEPRECATION WARNING: please use MorganGenerator
[18:24:32] DEPRECATION WARNING: please use MorganGenerator
[18:24:32] DEPRECATION WARNING: please use MorganGenerator
[18:24:32] DEPRECATION WARNING: please use MorganGenerator
[18:24:32] DEPRECATION WARNING: please use MorganGenerator
[18:24:32] DEPRECATION WARNING: please use MorganGenerator
[18:24:32] DEPRECATION WARNING: please use MorganGenerator
[18:24:32] DEPRECATION WARNING: please use MorganGenerator
[18:24:32] DEPRECATION WARNING: please use MorganGenerator
[18:24:32] DEPRECATION WARNING: please use MorganGenerator
[18:24:32] DEPRECATION WARNING: please use MorganGenerator
[18:24:32] DEPRECATION WARNING: please use MorganGenerator
[18:24:32] DEPRECATION WARNING: please use MorganGenerator
[18:24:32] DEPRECATION WARNING: please use MorganGenerator
[18:24:32] DEPRECATION WARNING: please use MorganGenerator
[18:24:32] DEPRECATION WARNING: please use MorganGenerator
[18:24:32] DEPRECATION WARNING: please use MorganGenerator
[18:24:32] DEPRECATION WARNING: please use MorganGenerator
[18:24:32] DEPRECATION WARNING: please use MorganGenerator
[18:24:32] DEPRECATION WARNING: please use MorganGenerator
[18:24:32] DEPRECATION WARNING: please use MorganGenerator
[18:24:32] DEPRECATION WARNING: please use MorganGenerator
[18:24:32] DEPRECATION WARNING: please use MorganGenerator
[18:24:32] DEPRECATION WARNING: please use MorganGenerator
[18:24:32] DEPRECATION WARNING: please use MorganGenerator
[18:24:32] DEPRECATION WARNING: please use MorganGenerator
[18:24:32] DEPRECATION WARNING: please use MorganGenerator
[18:24:32] DEPRECATION WARNING: please use MorganGenerator
[18:24:32] DEPRECATION WARNING: please use MorganGenerator
[18:24:32] DEPRECATION WARNING: please use MorganGenerator
[18:24:32] DEPRECATION WARNING: please use MorganGenerator
[18:24:32] DEPRECATION WARNING: please use MorganGenerator
[18:24:32] DEPRECATION WARNING: please use MorganGenerator
[18:24:32] DEPRECATION WARNING: please use MorganGenerator
[18:24:32] DEPRECATION WARNING: please use MorganGenerator
[18:24:32] DEPRECATION WARNING: please use MorganGenerator
[18:24:32] DEPRECATION WARNING: please use MorganGenerator
[18:24:32] DEPRECATION WARNING: please use MorganGenerator
[18:24:32] DEPRECATION WARNING: please use MorganGenerator
[18:24:32] DEPRECATION WARNING: please use MorganGenerator
[18:24:32] DEPRECATION WARNING: please use MorganGenerator
[18:24:32] DEPRECATION WARNING: please use MorganGenerator
[18:24:32] DEPRECATION WARNING: please use MorganGenerator
[18:24:32] DEPRECATION WARNING: please use MorganGenerator
[18:24:32] DEPRECATION WARNING: please use MorganGenerator
[18:24:32] DEPRECATION WARNING: please use MorganGenerator
[18:24:32] DEPRECATION WARNING: please use MorganGenerator
[18:24:32] DEPRECATION WARNING: please use MorganGenerator
[18:24:32] DEPRECATION WARNING: please use MorganGenerator
[18:24:32] DEPRECATION WARNING: please use MorganGenerator
[18:24:32] DEPRECATION WARNING: please use MorganGenerator
[18:24:32] DEPRECATION WARNING: please use MorganGenerator
[18:24:32] DEPRECATION WARNING: please use MorganGenerator
[18:24:32] DEPRECATION WARNING: please use MorganGenerator
[18:24:32] DEPRECATION WARNING: please use MorganGenerator
[18:24:32] DEPRECATION WARNING: please use MorganGenerator
[18:24:32] DEPRECATION WARNING: please use MorganGenerator
[18:24:32] DEPRECATION WARNING: please use MorganGenerator
[18:24:32] DEPRECATION WARNING: please use MorganGenerator
[18:24:32] DEPRECATION WARNING: please use MorganGenerator
[18:24:32] DEPRECATION WARNING: please use MorganGenerator
[18:24:32] DEPRECATION WARNING: please use MorganGenerator
[18:24:32] DEPRECATION WARNING: please use MorganGenerator
[18:24:32] DEPRECATION WARNING: please use MorganGenerator
[18:24:32] DEPRECATION WARNING: please use MorganGenerator
[18:24:32] DEPRECATION WARNING: please use MorganGenerator
[18:24:32] DEPRECATION WARNING: please use MorganGenerator
[18:24:32] DEPRECATION WARNING: please use MorganGenerator
[18:24:32] DEPRECATION WARNING: please use MorganGenerator
[18:24:32] DEPRECATION WARNING: please use MorganGenerator
[18:24:32] DEPRECATION WARNING: please use MorganGenerator
[18:24:32] DEPRECATION WARNING: please use MorganGenerator
[18:24:32] DEPRECATION WARNING: please use MorganGenerator
[18:24:32] DEPRECATION WARNING: please use MorganGenerator
[18:24:32] DEPRECATION WARNING: please use MorganGenerator
[18:24:32] DEPRECATION WARNING: please use MorganGenerator
[18:24:32] DEPRECATION WARNING: please use MorganGenerator
[18:24:32] DEPRECATION WARNING: please use MorganGenerator
[18:24:32] DEPRECATION WARNING: please use MorganGenerator
[18:24:32] DEPRECATION WARNING: please use MorganGenerator
[18:24:32] DEPRECATION WARNING: please use MorganGenerator
[18:24:32] DEPRECATION WARNING: please use MorganGenerator
[18:24:32] DEPRECATION WARNING: please use MorganGenerator
[18:24:32] DEPRECATION WARNING: please use MorganGenerator
[18:24:32] DEPRECATION WARNING: please use MorganGenerator
[18:24:32] DEPRECATION WARNING: please use MorganGenerator
[18:24:32] DEPRECATION WARNING: please use MorganGenerator
[18:24:32] DEPRECATION WARNING: please use MorganGenerator
[18:24:32] DEPRECATION WARNING: please use MorganGenerator
[18:24:32] DEPRECATION WARNING: please use MorganGenerator
[18:24:32] DEPRECATION WARNING: please use MorganGenerator
[18:24:32] DEPRECATION WARNING: please use MorganGenerator
[18:24:32] DEPRECATION WARNING: please use MorganGenerator
[18:24:32] DEPRECATION WARNING: please use MorganGenerator
[18:24:32] DEPRECATION WARNING: please use MorganGenerator
[18:24:32] DEPRECATION WARNING: please use MorganGenerator
[18:24:32] DEPRECATION WARNING: please use MorganGenerator
[18:24:32] DEPRECATION WARNING: please use MorganGenerator
[18:24:32] DEPRECATION WARNING: please use MorganGenerator
[18:24:32] DEPRECATION WARNING: please use MorganGenerator
[18:24:32] DEPRECATION WARNING: please use MorganGenerator
[18:24:32] DEPRECATION WARNING: please use MorganGenerator
[18:24:32] DEPRECATION WARNING: please use MorganGenerator
[18:24:32] DEPRECATION WARNING: please use MorganGenerator
[18:24:32] DEPRECATION WARNING: please use MorganGenerator
[18:24:32] DEPRECATION WARNING: please use MorganGenerator
[18:24:32] DEPRECATION WARNING: please use MorganGenerator
[18:24:32] DEPRECATION WARNING: please use MorganGenerator
[18:24:32] DEPRECATION WARNING: please use MorganGenerator
[18:24:32] DEPRECATION WARNING: please use MorganGenerator
[18:24:32] DEPRECATION WARNING: please use MorganGenerator
[18:24:32] DEPRECATION WARNING: please use MorganGenerator
[18:24:32] DEPRECATION WARNING: please use MorganGenerator
[18:24:32] DEPRECATION WARNING: please use MorganGenerator
[18:24:32] DEPRECATION WARNING: please use MorganGenerator
[18:24:32] DEPRECATION WARNING: please use MorganGenerator
[18:24:32] DEPRECATION WARNING: please use MorganGenerator
[18:24:32] DEPRECATION WARNING: please use MorganGenerator
[18:24:32] DEPRECATION WARNING: please use MorganGenerator
[18:24:32] DEPRECATION WARNING: please use MorganGenerator
[18:24:32] DEPRECATION WARNING: please use MorganGenerator
[18:24:32] DEPRECATION WARNING: please use MorganGenerator
[18:24:32] DEPRECATION WARNING: please use MorganGenerator
[18:24:32] DEPRECATION WARNING: please use MorganGenerator
[18:24:32] DEPRECATION WARNING: please use MorganGenerator
[18:24:32] DEPRECATION WARNING: please use MorganGenerator
[18:24:32] DEPRECATION WARNING: please use MorganGenerator
[18:24:32] DEPRECATION WARNING: please use MorganGenerator
[18:24:32] DEPRECATION WARNING: please use MorganGenerator
[18:24:32] DEPRECATION WARNING: please use MorganGenerator
[18:24:32] DEPRECATION WARNING: please use MorganGenerator
[18:24:32] DEPRECATION WARNING: please use MorganGenerator
[18:24:32] DEPRECATION WARNING: please use MorganGenerator
[18:24:32] DEPRECATION WARNING: please use MorganGenerator
[18:24:32] DEPRECATION WARNING: please use MorganGenerator
[18:24:32] DEPRECATION WARNING: please use MorganGenerator
[18:24:32] DEPRECATION WARNING: please use MorganGenerator
[18:24:32] DEPRECATION WARNING: please use MorganGenerator
[18:24:32] DEPRECATION WARNING: please use MorganGenerator
[18:24:32] DEPRECATION WARNING: please use MorganGenerator
[18:24:32] DEPRECATION WARNING: please use MorganGenerator
[18:24:32] DEPRECATION WARNING: please use MorganGenerator
[18:24:32] DEPRECATION WARNING: please use MorganGenerator
[18:24:32] DEPRECATION WARNING: please use MorganGenerator
[18:24:32] DEPRECATION WARNING: please use MorganGenerator
[18:24:32] DEPRECATION WARNING: please use MorganGenerator
[18:24:32] DEPRECATION WARNING: please use MorganGenerator
[18:24:32] DEPRECATION WARNING: please use MorganGenerator
[18:24:32] DEPRECATION WARNING: please use MorganGenerator
[18:24:32] DEPRECATION WARNING: please use MorganGenerator
[18:24:32] DEPRECATION WARNING: please use MorganGenerator
[18:24:32] DEPRECATION WARNING: please use MorganGenerator
[18:24:32] DEPRECATION WARNING: please use MorganGenerator
[18:24:32] DEPRECATION WARNING: please use MorganGenerator
[18:24:32] DEPRECATION WARNING: please use MorganGenerator
[18:24:32] DEPRECATION WARNING: please use MorganGenerator
[18:24:32] DEPRECATION WARNING: please use MorganGenerator
[18:24:32] DEPRECATION WARNING: please use MorganGenerator
[18:24:32] DEPRECATION WARNING: please use MorganGenerator
[18:24:32] DEPRECATION WARNING: please use MorganGenerator
[18:24:32] DEPRECATION WARNING: please use MorganGenerator
[18:24:32] DEPRECATION WARNING: please use MorganGenerator
[18:24:32] DEPRECATION WARNING: please use MorganGenerator
[18:24:32] DEPRECATION WARNING: please use MorganGenerator
[18:24:32] DEPRECATION WARNING: please use MorganGenerator
[18:24:32] DEPRECATION WARNING: please use MorganGenerator
[18:24:32] DEPRECATION WARNING: please use MorganGenerator
[18:24:32] DEPRECATION WARNING: please use MorganGenerator
[18:24:32] DEPRECATION WARNING: please use MorganGenerator
[18:24:32] DEPRECATION WARNING: please use MorganGenerator
[18:24:32] DEPRECATION WARNING: please use MorganGenerator
[18:24:32] DEPRECATION WARNING: please use MorganGenerator
[18:24:32] DEPRECATION WARNING: please use MorganGenerator
[18:24:32] DEPRECATION WARNING: please use MorganGenerator
[18:24:32] DEPRECATION WARNING: please use MorganGenerator
[18:24:32] DEPRECATION WARNING: please use MorganGenerator
[18:24:32] DEPRECATION WARNING: please use MorganGenerator
[18:24:32] DEPRECATION WARNING: please use MorganGenerator
[18:24:32] DEPRECATION WARNING: please use MorganGenerator
[18:24:32] DEPRECATION WARNING: please use MorganGenerator
[18:24:32] DEPRECATION WARNING: please use MorganGenerator
[18:24:32] DEPRECATION WARNING: please use MorganGenerator
[18:24:32] DEPRECATION WARNING: please use MorganGenerator
[18:24:32] DEPRECATION WARNING: please use MorganGenerator
[18:24:32] DEPRECATION WARNING: please use MorganGenerator
[18:24:32] DEPRECATION WARNING: please use MorganGenerator
[18:24:32] DEPRECATION WARNING: please use MorganGenerator
[18:24:32] DEPRECATION WARNING: please use MorganGenerator
[18:24:32] DEPRECATION WARNING: please use MorganGenerator
[18:24:32] DEPRECATION WARNING: please use MorganGenerator
[18:24:32] DEPRECATION WARNING: please use MorganGenerator
[18:24:32] DEPRECATION WARNING: please use MorganGenerator
[18:24:32] DEPRECATION WARNING: please use MorganGenerator
[18:24:32] DEPRECATION WARNING: please use MorganGenerator
[18:24:32] DEPRECATION WARNING: please use MorganGenerator
[18:24:32] DEPRECATION WARNING: please use MorganGenerator
[18:24:32] DEPRECATION WARNING: please use MorganGenerator
[18:24:32] DEPRECATION WARNING: please use MorganGenerator
[18:24:32] DEPRECATION WARNING: please use MorganGenerator
[18:24:32] DEPRECATION WARNING: please use MorganGenerator
[18:24:32] DEPRECATION WARNING: please use MorganGenerator
[18:24:32] DEPRECATION WARNING: please use MorganGenerator
[18:24:32] DEPRECATION WARNING: please use MorganGenerator
[18:24:32] DEPRECATION WARNING: please use MorganGenerator
[18:24:32] DEPRECATION WARNING: please use MorganGenerator
[18:24:32] DEPRECATION WARNING: please use MorganGenerator
[18:24:32] DEPRECATION WARNING: please use MorganGenerator
[18:24:32] DEPRECATION WARNING: please use MorganGenerator
[18:24:32] DEPRECATION WARNING: please use MorganGenerator
[18:24:32] DEPRECATION WARNING: please use MorganGenerator
[18:24:32] DEPRECATION WARNING: please use MorganGenerator
[18:24:32] DEPRECATION WARNING: please use MorganGenerator
[18:24:32] DEPRECATION WARNING: please use MorganGenerator
[18:24:32] DEPRECATION WARNING: please use MorganGenerator
[18:24:32] DEPRECATION WARNING: please use MorganGenerator
[18:24:32] DEPRECATION WARNING: please use MorganGenerator
[18:24:32] DEPRECATION WARNING: please use MorganGenerator
[18:24:32] DEPRECATION WARNING: please use MorganGenerator
[18:24:32] DEPRECATION WARNING: please use MorganGenerator
[18:24:32] DEPRECATION WARNING: please use MorganGenerator
[18:24:32] DEPRECATION WARNING: please use MorganGenerator
[18:24:32] DEPRECATION WARNING: please use MorganGenerator
[18:24:32] DEPRECATION WARNING: please use MorganGenerator
[18:24:32] DEPRECATION WARNING: please use MorganGenerator
[18:24:32] DEPRECATION WARNING: please use MorganGenerator
[18:24:32] DEPRECATION WARNING: please use MorganGenerator
[18:24:32] DEPRECATION WARNING: please use MorganGenerator
[18:24:32] DEPRECATION WARNING: please use MorganGenerator
[18:24:32] DEPRECATION WARNING: please use MorganGenerator
[18:24:32] DEPRECATION WARNING: please use MorganGenerator
[18:24:32] DEPRECATION WARNING: please use MorganGenerator
[18:24:32] DEPRECATION WARNING: please use MorganGenerator
[18:24:32] DEPRECATION WARNING: please use MorganGenerator
[18:24:32] DEPRECATION WARNING: please use MorganGenerator
[18:24:32] DEPRECATION WARNING: please use MorganGenerator
[18:24:32] DEPRECATION WARNING: please use MorganGenerator
[18:24:32] DEPRECATION WARNING: please use MorganGenerator
[18:24:32] DEPRECATION WARNING: please use MorganGenerator
[18:24:32] DEPRECATION WARNING: please use MorganGenerator
[18:24:32] DEPRECATION WARNING: please use MorganGenerator
[18:24:32] DEPRECATION WARNING: please use MorganGenerator
[18:24:32] DEPRECATION WARNING: please use MorganGenerator
[18:24:32] DEPRECATION WARNING: please use MorganGenerator
[18:24:32] DEPRECATION WARNING: please use MorganGenerator
[18:24:32] DEPRECATION WARNING: please use MorganGenerator
[18:24:32] DEPRECATION WARNING: please use MorganGenerator
[18:24:32] DEPRECATION WARNING: please use MorganGenerator
[18:24:32] DEPRECATION WARNING: please use MorganGenerator
[18:24:32] DEPRECATION WARNING: please use MorganGenerator
[18:24:32] DEPRECATION WARNING: please use MorganGenerator
[18:24:32] DEPRECATION WARNING: please use MorganGenerator
[18:24:32] DEPRECATION WARNING: please use MorganGenerator
[18:24:32] DEPRECATION WARNING: please use MorganGenerator
[18:24:32] DEPRECATION WARNING: please use MorganGenerator
[18:24:32] DEPRECATION WARNING: please use MorganGenerator
[18:24:32] DEPRECATION WARNING: please use MorganGenerator
[18:24:32] DEPRECATION WARNING: please use MorganGenerator
[18:24:32] DEPRECATION WARNING: please use MorganGenerator
[18:24:32] DEPRECATION WARNING: please use MorganGenerator
[18:24:32] DEPRECATION WARNING: please use MorganGenerator
[18:24:32] DEPRECATION WARNING: please use MorganGenerator
[18:24:32] DEPRECATION WARNING: please use MorganGenerator
[18:24:32] DEPRECATION WARNING: please use MorganGenerator
[18:24:32] DEPRECATION WARNING: please use MorganGenerator
[18:24:32] DEPRECATION WARNING: please use MorganGenerator
[18:24:32] DEPRECATION WARNING: please use MorganGenerator
[18:24:32] DEPRECATION WARNING: please use MorganGenerator
[18:24:32] DEPRECATION WARNING: please use MorganGenerator
[18:24:32] DEPRECATION WARNING: please use MorganGenerator
[18:24:32] DEPRECATION WARNING: please use MorganGenerator
[18:24:32] DEPRECATION WARNING: please use MorganGenerator
[18:24:32] DEPRECATION WARNING: please use MorganGenerator
[18:24:32] DEPRECATION WARNING: please use MorganGenerator
[18:24:32] DEPRECATION WARNING: please use MorganGenerator
[18:24:32] DEPRECATION WARNING: please use MorganGenerator
[18:24:32] DEPRECATION WARNING: please use MorganGenerator
[18:24:32] DEPRECATION WARNING: please use MorganGenerator
[18:24:32] DEPRECATION WARNING: please use MorganGenerator
[18:24:32] DEPRECATION WARNING: please use MorganGenerator
[18:24:32] DEPRECATION WARNING: please use MorganGenerator
[18:24:32] DEPRECATION WARNING: please use MorganGenerator
[18:24:32] DEPRECATION WARNING: please use MorganGenerator
[18:24:32] DEPRECATION WARNING: please use MorganGenerator
[18:24:32] DEPRECATION WARNING: please use MorganGenerator
[18:24:32] DEPRECATION WARNING: please use MorganGenerator
[18:24:32] DEPRECATION WARNING: please use MorganGenerator
[18:24:32] DEPRECATION WARNING: please use MorganGenerator
[18:24:32] DEPRECATION WARNING: please use MorganGenerator
[18:24:32] DEPRECATION WARNING: please use MorganGenerator
[18:24:32] DEPRECATION WARNING: please use MorganGenerator
[18:24:32] DEPRECATION WARNING: please use MorganGenerator
[18:24:32] DEPRECATION WARNING: please use MorganGenerator
[18:24:32] DEPRECATION WARNING: please use MorganGenerator
[18:24:32] DEPRECATION WARNING: please use MorganGenerator
[18:24:32] DEPRECATION WARNING: please use MorganGenerator
[18:24:32] DEPRECATION WARNING: please use MorganGenerator
[18:24:32] DEPRECATION WARNING: please use MorganGenerator
[18:24:32] DEPRECATION WARNING: please use MorganGenerator
[18:24:32] DEPRECATION WARNING: please use MorganGenerator
[18:24:32] DEPRECATION WARNING: please use MorganGenerator
[18:24:32] DEPRECATION WARNING: please use MorganGenerator
[18:24:32] DEPRECATION WARNING: please use MorganGenerator
[18:24:32] DEPRECATION WARNING: please use MorganGenerator
[18:24:32] DEPRECATION WARNING: please use MorganGenerator
[18:24:32] DEPRECATION WARNING: please use MorganGenerator
[18:24:32] DEPRECATION WARNING: please use MorganGenerator
[18:24:32] DEPRECATION WARNING: please use MorganGenerator
[18:24:32] DEPRECATION WARNING: please use MorganGenerator
[18:24:32] DEPRECATION WARNING: please use MorganGenerator
[18:24:32] DEPRECATION WARNING: please use MorganGenerator
[18:24:32] DEPRECATION WARNING: please use MorganGenerator
[18:24:32] DEPRECATION WARNING: please use MorganGenerator
[18:24:32] DEPRECATION WARNING: please use MorganGenerator
[18:24:32] DEPRECATION WARNING: please use MorganGenerator
[18:24:32] DEPRECATION WARNING: please use MorganGenerator
[18:24:32] DEPRECATION WARNING: please use MorganGenerator
[18:24:32] DEPRECATION WARNING: please use MorganGenerator
[18:24:32] DEPRECATION WARNING: please use MorganGenerator
[18:24:32] DEPRECATION WARNING: please use MorganGenerator
[18:24:32] DEPRECATION WARNING: please use MorganGenerator
[18:24:32] DEPRECATION WARNING: please use MorganGenerator
[18:24:32] DEPRECATION WARNING: please use MorganGenerator
[18:24:32] DEPRECATION WARNING: please use MorganGenerator
[18:24:32] DEPRECATION WARNING: please use MorganGenerator
[18:24:32] DEPRECATION WARNING: please use MorganGenerator
[18:24:32] DEPRECATION WARNING: please use MorganGenerator
[18:24:32] DEPRECATION WARNING: please use MorganGenerator
[18:24:32] DEPRECATION WARNING: please use MorganGenerator
[18:24:32] DEPRECATION WARNING: please use MorganGenerator
[18:24:32] DEPRECATION WARNING: please use MorganGenerator
[18:24:32] DEPRECATION WARNING: please use MorganGenerator
[18:24:32] DEPRECATION WARNING: please use MorganGenerator
[18:24:32] DEPRECATION WARNING: please use MorganGenerator
[18:24:32] DEPRECATION WARNING: please use MorganGenerator
[18:24:32] DEPRECATION WARNING: please use MorganGenerator
[18:24:32] DEPRECATION WARNING: please use MorganGenerator
[18:24:32] DEPRECATION WARNING: please use MorganGenerator
[18:24:32] DEPRECATION WARNING: please use MorganGenerator
[18:24:32] DEPRECATION WARNING: please use MorganGenerator
[18:24:32] DEPRECATION WARNING: please use MorganGenerator
[18:24:32] DEPRECATION WARNING: please use MorganGenerator
[18:24:32] DEPRECATION WARNING: please use MorganGenerator
[18:24:32] DEPRECATION WARNING: please use MorganGenerator
[18:24:32] DEPRECATION WARNING: please use MorganGenerator
[18:24:32] DEPRECATION WARNING: please use MorganGenerator
[18:24:32] DEPRECATION WARNING: please use MorganGenerator
[18:24:32] DEPRECATION WARNING: please use MorganGenerator
[18:24:32] DEPRECATION WARNING: please use MorganGenerator
[18:24:32] DEPRECATION WARNING: please use MorganGenerator
[18:24:32] DEPRECATION WARNING: please use MorganGenerator
[18:24:32] DEPRECATION WARNING: please use MorganGenerator
[18:24:32] DEPRECATION WARNING: please use MorganGenerator
[18:24:32] DEPRECATION WARNING: please use MorganGenerator
[18:24:32] DEPRECATION WARNING: please use MorganGenerator
[18:24:32] DEPRECATION WARNING: please use MorganGenerator
[18:24:32] DEPRECATION WARNING: please use MorganGenerator
[18:24:32] DEPRECATION WARNING: please use MorganGenerator
[18:24:32] DEPRECATION WARNING: please use MorganGenerator
[18:24:32] DEPRECATION WARNING: please use MorganGenerator
[18:24:32] DEPRECATION WARNING: please use MorganGenerator
[18:24:32] DEPRECATION WARNING: please use MorganGenerator
[18:24:32] DEPRECATION WARNING: please use MorganGenerator
[18:24:32] DEPRECATION WARNING: please use MorganGenerator
[18:24:32] DEPRECATION WARNING: please use MorganGenerator
[18:24:32] DEPRECATION WARNING: please use MorganGenerator
[18:24:32] DEPRECATION WARNING: please use MorganGenerator
[18:24:32] DEPRECATION WARNING: please use MorganGenerator
[18:24:32] DEPRECATION WARNING: please use MorganGenerator
[18:24:32] DEPRECATION WARNING: please use MorganGenerator
[18:24:32] DEPRECATION WARNING: please use MorganGenerator
[18:24:32] DEPRECATION WARNING: please use MorganGenerator
[18:24:32] DEPRECATION WARNING: please use MorganGenerator
[18:24:32] DEPRECATION WARNING: please use MorganGenerator
[18:24:32] DEPRECATION WARNING: please use MorganGenerator
[18:24:32] DEPRECATION WARNING: please use MorganGenerator
[18:24:32] DEPRECATION WARNING: please use MorganGenerator
[18:24:32] DEPRECATION WARNING: please use MorganGenerator
[18:24:32] DEPRECATION WARNING: please use MorganGenerator
[18:24:32] DEPRECATION WARNING: please use MorganGenerator
[18:24:32] DEPRECATION WARNING: please use MorganGenerator
[18:24:32] DEPRECATION WARNING: please use MorganGenerator
[18:24:32] DEPRECATION WARNING: please use MorganGenerator
[18:24:32] DEPRECATION WARNING: please use MorganGenerator
[18:24:32] DEPRECATION WARNING: please use MorganGenerator
[18:24:32] DEPRECATION WARNING: please use MorganGenerator
[18:24:32] DEPRECATION WARNING: please use MorganGenerator
[18:24:32] DEPRECATION WARNING: please use MorganGenerator
[18:24:32] DEPRECATION WARNING: please use MorganGenerator
[18:24:32] DEPRECATION WARNING: please use MorganGenerator
[18:24:32] DEPRECATION WARNING: please use MorganGenerator
[18:24:32] DEPRECATION WARNING: please use MorganGenerator
[18:24:32] DEPRECATION WARNING: please use MorganGenerator
[18:24:32] DEPRECATION WARNING: please use MorganGenerator
[18:24:32] DEPRECATION WARNING: please use MorganGenerator
[18:24:32] DEPRECATION WARNING: please use MorganGenerator
[18:24:32] DEPRECATION WARNING: please use MorganGenerator
[18:24:32] DEPRECATION WARNING: please use MorganGenerator
[18:24:32] DEPRECATION WARNING: please use MorganGenerator
[18:24:32] DEPRECATION WARNING: please use MorganGenerator
[18:24:32] DEPRECATION WARNING: please use MorganGenerator
[18:24:32] DEPRECATION WARNING: please use MorganGenerator
[18:24:32] DEPRECATION WARNING: please use MorganGenerator
[18:24:32] DEPRECATION WARNING: please use MorganGenerator
[18:24:32] DEPRECATION WARNING: please use MorganGenerator
[18:24:32] DEPRECATION WARNING: please use MorganGenerator
[18:24:32] DEPRECATION WARNING: please use MorganGenerator
[18:24:32] DEPRECATION WARNING: please use MorganGenerator
[18:24:32] DEPRECATION WARNING: please use MorganGenerator
[18:24:32] DEPRECATION WARNING: please use MorganGenerator
[18:24:32] DEPRECATION WARNING: please use MorganGenerator
[18:24:32] DEPRECATION WARNING: please use MorganGenerator
[18:24:32] DEPRECATION WARNING: please use MorganGenerator
[18:24:32] DEPRECATION WARNING: please use MorganGenerator
[18:24:32] DEPRECATION WARNING: please use MorganGenerator
[18:24:32] DEPRECATION WARNING: please use MorganGenerator
[18:24:32] DEPRECATION WARNING: please use MorganGenerator
[18:24:32] DEPRECATION WARNING: please use MorganGenerator
[18:24:32] DEPRECATION WARNING: please use MorganGenerator
[18:24:32] DEPRECATION WARNING: please use MorganGenerator
[18:24:32] DEPRECATION WARNING: please use MorganGenerator
[18:24:32] DEPRECATION WARNING: please use MorganGenerator
[18:24:32] DEPRECATION WARNING: please use MorganGenerator
[18:24:32] DEPRECATION WARNING: please use MorganGenerator
[18:24:32] DEPRECATION WARNING: please use MorganGenerator
[18:24:32] DEPRECATION WARNING: please use MorganGenerator
[18:24:32] DEPRECATION WARNING: please use MorganGenerator
[18:24:32] DEPRECATION WARNING: please use MorganGenerator
[18:24:32] DEPRECATION WARNING: please use MorganGenerator
[18:24:32] DEPRECATION WARNING: please use MorganGenerator
[18:24:32] DEPRECATION WARNING: please use MorganGenerator
[18:24:32] DEPRECATION WARNING: please use MorganGenerator
[18:24:32] DEPRECATION WARNING: please use MorganGenerator
[18:24:32] DEPRECATION WARNING: please use MorganGenerator
[18:24:32] DEPRECATION WARNING: please use MorganGenerator
[18:24:32] DEPRECATION WARNING: please use MorganGenerator
[18:24:32] DEPRECATION WARNING: please use MorganGenerator
[18:24:32] DEPRECATION WARNING: please use MorganGenerator
[18:24:32] DEPRECATION WARNING: please use MorganGenerator
[18:24:32] DEPRECATION WARNING: please use MorganGenerator
[18:24:32] DEPRECATION WARNING: please use MorganGenerator
[18:24:32] DEPRECATION WARNING: please use MorganGenerator
[18:24:32] DEPRECATION WARNING: please use MorganGenerator
[18:24:32] DEPRECATION WARNING: please use MorganGenerator
[18:24:32] DEPRECATION WARNING: please use MorganGenerator
[18:24:32] DEPRECATION WARNING: please use MorganGenerator
[18:24:32] DEPRECATION WARNING: please use MorganGenerator
[18:24:32] DEPRECATION WARNING: please use MorganGenerator
[18:24:32] DEPRECATION WARNING: please use MorganGenerator
[18:24:32] DEPRECATION WARNING: please use MorganGenerator
[18:24:32] DEPRECATION WARNING: please use MorganGenerator
[18:24:32] DEPRECATION WARNING: please use MorganGenerator
[18:24:32] DEPRECATION WARNING: please use MorganGenerator
[18:24:32] DEPRECATION WARNING: please use MorganGenerator
[18:24:32] DEPRECATION WARNING: please use MorganGenerator
[18:24:32] DEPRECATION WARNING: please use MorganGenerator
[18:24:32] DEPRECATION WARNING: please use MorganGenerator
[18:24:32] DEPRECATION WARNING: please use MorganGenerator
[18:24:32] DEPRECATION WARNING: please use MorganGenerator
[18:24:32] DEPRECATION WARNING: please use MorganGenerator
[18:24:32] DEPRECATION WARNING: please use MorganGenerator
[18:24:32] DEPRECATION WARNING: please use MorganGenerator
[18:24:32] DEPRECATION WARNING: please use MorganGenerator
[18:24:32] DEPRECATION WARNING: please use MorganGenerator
[18:24:32] DEPRECATION WARNING: please use MorganGenerator
[18:24:32] DEPRECATION WARNING: please use MorganGenerator
[18:24:32] DEPRECATION WARNING: please use MorganGenerator
[18:24:32] DEPRECATION WARNING: please use MorganGenerator
[18:24:32] DEPRECATION WARNING: please use MorganGenerator
[18:24:32] DEPRECATION WARNING: please use MorganGenerator
[18:24:32] DEPRECATION WARNING: please use MorganGenerator
[18:24:32] DEPRECATION WARNING: please use MorganGenerator
[18:24:32] DEPRECATION WARNING: please use MorganGenerator
[18:24:32] DEPRECATION WARNING: please use MorganGenerator
[18:24:32] DEPRECATION WARNING: please use MorganGenerator
[18:24:32] DEPRECATION WARNING: please use MorganGenerator
[18:24:32] DEPRECATION WARNING: please use MorganGenerator
[18:24:32] DEPRECATION WARNING: please use MorganGenerator
[18:24:32] DEPRECATION WARNING: please use MorganGenerator
[18:24:32] DEPRECATION WARNING: please use MorganGenerator
[18:24:32] DEPRECATION WARNING: please use MorganGenerator
[18:24:32] DEPRECATION WARNING: please use MorganGenerator
[18:24:32] DEPRECATION WARNING: please use MorganGenerator
[18:24:32] DEPRECATION WARNING: please use MorganGenerator
[18:24:32] DEPRECATION WARNING: please use MorganGenerator
[18:24:32] DEPRECATION WARNING: please use MorganGenerator
[18:24:32] DEPRECATION WARNING: please use MorganGenerator
[18:24:32] DEPRECATION WARNING: please use MorganGenerator
[18:24:32] DEPRECATION WARNING: please use MorganGenerator
[18:24:32] DEPRECATION WARNING: please use MorganGenerator
[18:24:32] DEPRECATION WARNING: please use MorganGenerator
[18:24:32] DEPRECATION WARNING: please use MorganGenerator
[18:24:32] DEPRECATION WARNING: please use MorganGenerator
[18:24:32] DEPRECATION WARNING: please use MorganGenerator
[18:24:32] DEPRECATION WARNING: please use MorganGenerator
[18:24:32] DEPRECATION WARNING: please use MorganGenerator
[18:24:32] DEPRECATION WARNING: please use MorganGenerator
[18:24:32] DEPRECATION WARNING: please use MorganGenerator
[18:24:32] DEPRECATION WARNING: please use MorganGenerator
[18:24:32] DEPRECATION WARNING: please use MorganGenerator
[18:24:32] DEPRECATION WARNING: please use MorganGenerator
[18:24:32] DEPRECATION WARNING: please use MorganGenerator
[18:24:32] DEPRECATION WARNING: please use MorganGenerator
[18:24:32] DEPRECATION WARNING: please use MorganGenerator
[18:24:32] DEPRECATION WARNING: please use MorganGenerator
[18:24:32] DEPRECATION WARNING: please use MorganGenerator
[18:24:32] DEPRECATION WARNING: please use MorganGenerator
[18:24:32] DEPRECATION WARNING: please use MorganGenerator
[18:24:32] DEPRECATION WARNING: please use MorganGenerator
[18:24:32] DEPRECATION WARNING: please use MorganGenerator
[18:24:32] DEPRECATION WARNING: please use MorganGenerator
[18:24:32] DEPRECATION WARNING: please use MorganGenerator
[18:24:32] DEPRECATION WARNING: please use MorganGenerator
[18:24:32] DEPRECATION WARNING: please use MorganGenerator
[18:24:32] DEPRECATION WARNING: please use MorganGenerator
[18:24:32] DEPRECATION WARNING: please use MorganGenerator
[18:24:32] DEPRECATION WARNING: please use MorganGenerator
[18:24:32] DEPRECATION WARNING: please use MorganGenerator
[18:24:32] DEPRECATION WARNING: please use MorganGenerator
[18:24:32] DEPRECATION WARNING: please use MorganGenerator
[18:24:32] DEPRECATION WARNING: please use MorganGenerator
[18:24:32] DEPRECATION WARNING: please use MorganGenerator
[18:24:32] DEPRECATION WARNING: please use MorganGenerator
[18:24:32] DEPRECATION WARNING: please use MorganGenerator
[18:24:32] DEPRECATION WARNING: please use MorganGenerator
[18:24:32] DEPRECATION WARNING: please use MorganGenerator
[18:24:32] DEPRECATION WARNING: please use MorganGenerator
[18:24:32] DEPRECATION WARNING: please use MorganGenerator
[18:24:32] DEPRECATION WARNING: please use MorganGenerator
[18:24:32] DEPRECATION WARNING: please use MorganGenerator
[18:24:32] DEPRECATION WARNING: please use MorganGenerator
[18:24:32] DEPRECATION WARNING: please use MorganGenerator
[18:24:32] DEPRECATION WARNING: please use MorganGenerator
[18:24:32] DEPRECATION WARNING: please use MorganGenerator
[18:24:32] DEPRECATION WARNING: please use MorganGenerator
[18:24:32] DEPRECATION WARNING: please use MorganGenerator
[18:24:32] DEPRECATION WARNING: please use MorganGenerator
[18:24:32] DEPRECATION WARNING: please use MorganGenerator
[18:24:32] DEPRECATION WARNING: please use MorganGenerator
[18:24:32] DEPRECATION WARNING: please use MorganGenerator
[18:24:32] DEPRECATION WARNING: please use MorganGenerator
[18:24:32] DEPRECATION WARNING: please use MorganGenerator
[18:24:32] DEPRECATION WARNING: please use MorganGenerator
[18:24:32] DEPRECATION WARNING: please use MorganGenerator
[18:24:32] DEPRECATION WARNING: please use MorganGenerator
[18:24:32] DEPRECATION WARNING: please use MorganGenerator
[18:24:32] DEPRECATION WARNING: please use MorganGenerator
[18:24:32] DEPRECATION WARNING: please use MorganGenerator
[18:24:32] DEPRECATION WARNING: please use MorganGenerator
[18:24:32] DEPRECATION WARNING: please use MorganGenerator
[18:24:32] DEPRECATION WARNING: please use MorganGenerator
[18:24:32] DEPRECATION WARNING: please use MorganGenerator
[18:24:32] DEPRECATION WARNING: please use MorganGenerator
[18:24:32] DEPRECATION WARNING: please use MorganGenerator
[18:24:32] DEPRECATION WARNING: please use MorganGenerator
[18:24:32] DEPRECATION WARNING: please use MorganGenerator
[18:24:32] DEPRECATION WARNING: please use MorganGenerator
[18:24:32] DEPRECATION WARNING: please use MorganGenerator
[18:24:32] DEPRECATION WARNING: please use MorganGenerator
[18:24:32] DEPRECATION WARNING: please use MorganGenerator
[18:24:32] DEPRECATION WARNING: please use MorganGenerator
[18:24:32] DEPRECATION WARNING: please use MorganGenerator
[18:24:32] DEPRECATION WARNING: please use MorganGenerator
[18:24:32] DEPRECATION WARNING: please use MorganGenerator
[18:24:32] DEPRECATION WARNING: please use MorganGenerator
[18:24:32] DEPRECATION WARNING: please use MorganGenerator
[18:24:32] DEPRECATION WARNING: please use MorganGenerator
[18:24:32] DEPRECATION WARNING: please use MorganGenerator
[18:24:32] DEPRECATION WARNING: please use MorganGenerator
[18:24:32] DEPRECATION WARNING: please use MorganGenerator
[18:24:32] DEPRECATION WARNING: please use MorganGenerator
[18:24:32] DEPRECATION WARNING: please use MorganGenerator
[18:24:32] DEPRECATION WARNING: please use MorganGenerator
[18:24:32] DEPRECATION WARNING: please use MorganGenerator
[18:24:32] DEPRECATION WARNING: please use MorganGenerator
[18:24:32] DEPRECATION WARNING: please use MorganGenerator
[18:24:32] DEPRECATION WARNING: please use MorganGenerator
[18:24:32] DEPRECATION WARNING: please use MorganGenerator
[18:24:32] DEPRECATION WARNING: please use MorganGenerator
[18:24:32] DEPRECATION WARNING: please use MorganGenerator
[18:24:32] DEPRECATION WARNING: please use MorganGenerator
[18:24:32] DEPRECATION WARNING: please use MorganGenerator
[18:24:32] DEPRECATION WARNING: please use MorganGenerator
[18:24:32] DEPRECATION WARNING: please use MorganGenerator
[18:24:32] DEPRECATION WARNING: please use MorganGenerator
[18:24:32] DEPRECATION WARNING: please use MorganGenerator
[18:24:32] DEPRECATION WARNING: please use MorganGenerator
[18:24:32] DEPRECATION WARNING: please use MorganGenerator
[18:24:32] DEPRECATION WARNING: please use MorganGenerator
[18:24:32] DEPRECATION WARNING: please use MorganGenerator
[18:24:32] DEPRECATION WARNING: please use MorganGenerator
[18:24:32] DEPRECATION WARNING: please use MorganGenerator
[18:24:32] DEPRECATION WARNING: please use MorganGenerator
/opt/venv/lib/python3.12/site-packages/sklearn/utils/validation.py:2691: UserWarning: X does not have valid feature names, but LGBMRegressor was fitted with feature names
  warnings.warn(
2026-06-07 18:24:36,024 INFO experiment.runner | [MBPB__baseline__50__s2] done in 7.9s, RAE=0.1480
2026-06-07 18:24:37,409 INFO experiment.runner | [MBPB__both__100__s3] starting on host=nid007948 pid=103189
2026-06-07 18:24:40,332 INFO data.expansionrx | ExpansionRx loaded: train=5326, test=2282
2026-06-07 18:24:43,245 INFO data.harmonize | source=biogen/adme-fang-v1
match_quality=species-transfer
calibration: n_overlap=0, slope=None, intercept=None, r2=None, aligned=False
merge_strategy=aux_head
map_notes=human hPPB proxy for mouse MBPB; no mouse PPB in source, may be biased
2026-06-07 18:24:43,256 INFO agents.ml_agent | pretrain: MBPB/both on 5520 aux rows over tasks=['MBPB__t', 'LogD__t', 'KSOL__t', 'HLM CLint__t', 'MLM CLint__t', 'Caco-2 Permeability Papp A>B__t', 'Caco-2 Permeability Efflux__t', 'MPPB__t', 'MGMB__t', 'MBPB [biogen/adme-fang-v1]__t'] (aux=['LogD__t', 'KSOL__t', 'HLM CLint__t', 'MLM CLint__t', 'Caco-2 Permeability Papp A>B__t', 'Caco-2 Permeability Efflux__t', 'MPPB__t', 'MGMB__t', 'MBPB [biogen/adme-fang-v1]__t']) -> /pfs/lustrep1/scratch/project_462001520/Team3/Team3/further-improvements/results-fewshot/fe/pretrain_ckpts/MBPB__both__100__s3.ckpt
INFO: [rank: 0] Seed set to 3
2026-06-07 18:24:55,872 INFO lightning.fabric.utilities.seed | [rank: 0] Seed set to 3
INFO: GPU available: True (cuda), used: True
2026-06-07 18:24:55,991 INFO lightning.pytorch.utilities.rank_zero | GPU available: True (cuda), used: True
INFO: TPU available: False, using: 0 TPU cores
2026-06-07 18:24:55,991 INFO lightning.pytorch.utilities.rank_zero | TPU available: False, using: 0 TPU cores
INFO: 💡 Tip: For seamless cloud logging and experiment tracking, try installing [litlogger](https://pypi.org/project/litlogger/) to enable LitLogger, which logs metrics and artifacts automatically to the Lightning Experiments platform.
2026-06-07 18:24:55,991 INFO lightning.pytorch.utilities.rank_zero | 💡 Tip: For seamless cloud logging and experiment tracking, try installing [litlogger](https://pypi.org/project/litlogger/) to enable LitLogger, which logs metrics and artifacts automatically to the Lightning Experiments platform.
INFO: You are using a CUDA device ('AMD Instinct MI250X') that has Tensor Cores. To properly utilize them, you should set `torch.set_float32_matmul_precision('medium' | 'high')` which will trade-off precision for performance. For more details, read https://pytorch.org/docs/stable/generated/torch.set_float32_matmul_precision.html#torch.set_float32_matmul_precision
2026-06-07 18:24:56,106 INFO lightning.pytorch.utilities.rank_zero | You are using a CUDA device ('AMD Instinct MI250X') that has Tensor Cores. To properly utilize them, you should set `torch.set_float32_matmul_precision('medium' | 'high')` which will trade-off precision for performance. For more details, read https://pytorch.org/docs/stable/generated/torch.set_float32_matmul_precision.html#torch.set_float32_matmul_precision
INFO: LOCAL_RANK: 0 - CUDA_VISIBLE_DEVICES: [0]
2026-06-07 18:24:56,106 INFO lightning.pytorch.accelerators.cuda | LOCAL_RANK: 0 - CUDA_VISIBLE_DEVICES: [0]
INFO: Loading `train_dataloader` to estimate number of stepping batches.
2026-06-07 18:24:56,635 INFO lightning.pytorch.utilities.rank_zero | Loading `train_dataloader` to estimate number of stepping batches.
/opt/venv/lib/python3.12/site-packages/lightning/pytorch/utilities/_pytree.py:21: `isinstance(treespec, LeafSpec)` is deprecated, use `isinstance(treespec, TreeSpec) and treespec.is_leaf()` instead.
/opt/venv/lib/python3.12/site-packages/lightning/pytorch/trainer/connectors/data_connector.py:434: The 'train_dataloader' does not have many workers which may be a bottleneck. Consider increasing the value of the `num_workers` argument` to `num_workers=6` in the `DataLoader` to improve performance.
/opt/venv/lib/python3.12/site-packages/lightning/pytorch/trainer/connectors/data_connector.py:434: The 'val_dataloader' does not have many workers which may be a bottleneck. Consider increasing the value of the `num_workers` argument` to `num_workers=6` in the `DataLoader` to improve performance.
INFO: `Trainer.fit` stopped: `max_epochs=50` reached.
2026-06-07 18:28:01,306 INFO lightning.pytorch.utilities.rank_zero | `Trainer.fit` stopped: `max_epochs=50` reached.
INFO: `weights_only` was not set, defaulting to `False`.
2026-06-07 18:28:01,327 INFO lightning.pytorch.trainer.connectors.checkpoint_connector | `weights_only` was not set, defaulting to `False`.
INFO: LOCAL_RANK: 0 - CUDA_VISIBLE_DEVICES: [0]
2026-06-07 18:28:01,350 INFO lightning.pytorch.accelerators.cuda | LOCAL_RANK: 0 - CUDA_VISIBLE_DEVICES: [0]
/opt/venv/lib/python3.12/site-packages/lightning/pytorch/trainer/connectors/data_connector.py:434: The 'predict_dataloader' does not have many workers which may be a bottleneck. Consider increasing the value of the `num_workers` argument` to `num_workers=6` in the `DataLoader` to improve performance.
2026-06-07 18:28:08,196 INFO experiment.runner | [MBPB__both__100__s3] done in 210.8s, RAE=0.1295
2026-06-07 18:28:10,675 INFO experiment.runner | [MPPB__both__25__s4] starting on host=nid007948 pid=103476
2026-06-07 18:28:13,605 INFO data.expansionrx | ExpansionRx loaded: train=5326, test=2282
2026-06-07 18:28:16,524 INFO data.harmonize | source=biogen/adme-fang-v1
match_quality=species-transfer
calibration: n_overlap=0, slope=None, intercept=None, r2=None, aligned=False
merge_strategy=aux_head
map_notes=human hPPB -> mouse MPPB
2026-06-07 18:28:16,535 INFO agents.ml_agent | pretrain: MPPB/both on 5515 aux rows over tasks=['MPPB__t', 'LogD__t', 'KSOL__t', 'HLM CLint__t', 'MLM CLint__t', 'Caco-2 Permeability Papp A>B__t', 'Caco-2 Permeability Efflux__t', 'MBPB__t', 'MGMB__t', 'MPPB [biogen/adme-fang-v1]__t'] (aux=['LogD__t', 'KSOL__t', 'HLM CLint__t', 'MLM CLint__t', 'Caco-2 Permeability Papp A>B__t', 'Caco-2 Permeability Efflux__t', 'MBPB__t', 'MGMB__t', 'MPPB [biogen/adme-fang-v1]__t']) -> /pfs/lustrep1/scratch/project_462001520/Team3/Team3/further-improvements/results-fewshot/fe/pretrain_ckpts/MPPB__both__25__s4.ckpt
INFO: [rank: 0] Seed set to 4
2026-06-07 18:28:22,928 INFO lightning.fabric.utilities.seed | [rank: 0] Seed set to 4
INFO: GPU available: True (cuda), used: True
2026-06-07 18:28:23,041 INFO lightning.pytorch.utilities.rank_zero | GPU available: True (cuda), used: True
INFO: TPU available: False, using: 0 TPU cores
2026-06-07 18:28:23,041 INFO lightning.pytorch.utilities.rank_zero | TPU available: False, using: 0 TPU cores
INFO: 💡 Tip: For seamless cloud logging and experiment tracking, try installing [litlogger](https://pypi.org/project/litlogger/) to enable LitLogger, which logs metrics and artifacts automatically to the Lightning Experiments platform.
2026-06-07 18:28:23,041 INFO lightning.pytorch.utilities.rank_zero | 💡 Tip: For seamless cloud logging and experiment tracking, try installing [litlogger](https://pypi.org/project/litlogger/) to enable LitLogger, which logs metrics and artifacts automatically to the Lightning Experiments platform.
INFO: You are using a CUDA device ('AMD Instinct MI250X') that has Tensor Cores. To properly utilize them, you should set `torch.set_float32_matmul_precision('medium' | 'high')` which will trade-off precision for performance. For more details, read https://pytorch.org/docs/stable/generated/torch.set_float32_matmul_precision.html#torch.set_float32_matmul_precision
2026-06-07 18:28:23,138 INFO lightning.pytorch.utilities.rank_zero | You are using a CUDA device ('AMD Instinct MI250X') that has Tensor Cores. To properly utilize them, you should set `torch.set_float32_matmul_precision('medium' | 'high')` which will trade-off precision for performance. For more details, read https://pytorch.org/docs/stable/generated/torch.set_float32_matmul_precision.html#torch.set_float32_matmul_precision
INFO: LOCAL_RANK: 0 - CUDA_VISIBLE_DEVICES: [0]
2026-06-07 18:28:23,138 INFO lightning.pytorch.accelerators.cuda | LOCAL_RANK: 0 - CUDA_VISIBLE_DEVICES: [0]
INFO: Loading `train_dataloader` to estimate number of stepping batches.
2026-06-07 18:28:23,300 INFO lightning.pytorch.utilities.rank_zero | Loading `train_dataloader` to estimate number of stepping batches.
/opt/venv/lib/python3.12/site-packages/lightning/pytorch/utilities/_pytree.py:21: `isinstance(treespec, LeafSpec)` is deprecated, use `isinstance(treespec, TreeSpec) and treespec.is_leaf()` instead.
/opt/venv/lib/python3.12/site-packages/lightning/pytorch/trainer/connectors/data_connector.py:434: The 'train_dataloader' does not have many workers which may be a bottleneck. Consider increasing the value of the `num_workers` argument` to `num_workers=6` in the `DataLoader` to improve performance.
/opt/venv/lib/python3.12/site-packages/lightning/pytorch/trainer/connectors/data_connector.py:434: The 'val_dataloader' does not have many workers which may be a bottleneck. Consider increasing the value of the `num_workers` argument` to `num_workers=6` in the `DataLoader` to improve performance.
INFO: `Trainer.fit` stopped: `max_epochs=50` reached.
2026-06-07 18:31:26,672 INFO lightning.pytorch.utilities.rank_zero | `Trainer.fit` stopped: `max_epochs=50` reached.
INFO: `weights_only` was not set, defaulting to `False`.
2026-06-07 18:31:26,693 INFO lightning.pytorch.trainer.connectors.checkpoint_connector | `weights_only` was not set, defaulting to `False`.
INFO: LOCAL_RANK: 0 - CUDA_VISIBLE_DEVICES: [0]
2026-06-07 18:31:26,715 INFO lightning.pytorch.accelerators.cuda | LOCAL_RANK: 0 - CUDA_VISIBLE_DEVICES: [0]
/opt/venv/lib/python3.12/site-packages/lightning/pytorch/trainer/connectors/data_connector.py:434: The 'predict_dataloader' does not have many workers which may be a bottleneck. Consider increasing the value of the `num_workers` argument` to `num_workers=6` in the `DataLoader` to improve performance.
2026-06-07 18:31:33,322 INFO experiment.runner | [MPPB__both__25__s4] done in 202.6s, RAE=0.1956
2026-06-07 18:31:35,755 INFO experiment.runner | [KSOL__external__100__s0] starting on host=nid007948 pid=103798
2026-06-07 18:31:39,028 INFO data.expansionrx | ExpansionRx loaded: train=5326, test=2282
[18:31:40] Can't kekulize mol.  Unkekulized atoms: 10 22
[18:31:41] Can't kekulize mol.  Unkekulized atoms: 8 19
[18:31:42] Can't kekulize mol.  Unkekulized atoms: 9 19
2026-06-07 18:31:45,798 INFO data.harmonize | source=biogen/adme-fang-v1
match_quality=protocol-caveat
calibration: n_overlap=0, slope=None, intercept=None, r2=None, aligned=False
merge_strategy=aux_head
map_notes=needs ug/mL -> uM via MW; protocol differs
2026-06-07 18:31:45,808 INFO agents.ml_agent | pretrain: KSOL/external on 2172 aux rows over tasks=['KSOL__t', 'KSOL [biogen/adme-fang-v1]__t'] (aux=['KSOL [biogen/adme-fang-v1]__t']) -> /pfs/lustrep1/scratch/project_462001520/Team3/Team3/further-improvements/results-fewshot/fe/pretrain_ckpts/KSOL__external__100__s0.ckpt
/opt/venv/lib/python3.12/site-packages/sklearn/utils/extmath.py:1207: RuntimeWarning: invalid value encountered in divide
  updated_mean = (last_sum + new_sum) / updated_sample_count
/opt/venv/lib/python3.12/site-packages/sklearn/utils/extmath.py:1212: RuntimeWarning: invalid value encountered in divide
  T = new_sum / new_sample_count
/opt/venv/lib/python3.12/site-packages/sklearn/utils/extmath.py:1236: RuntimeWarning: invalid value encountered in divide
  new_unnormalized_variance -= correction**2 / new_sample_count
INFO: [rank: 0] Seed set to 0
2026-06-07 18:31:51,535 INFO lightning.fabric.utilities.seed | [rank: 0] Seed set to 0
INFO: GPU available: True (cuda), used: True
2026-06-07 18:31:51,646 INFO lightning.pytorch.utilities.rank_zero | GPU available: True (cuda), used: True
INFO: TPU available: False, using: 0 TPU cores
2026-06-07 18:31:51,646 INFO lightning.pytorch.utilities.rank_zero | TPU available: False, using: 0 TPU cores
INFO: 💡 Tip: For seamless cloud logging and experiment tracking, try installing [litlogger](https://pypi.org/project/litlogger/) to enable LitLogger, which logs metrics and artifacts automatically to the Lightning Experiments platform.
2026-06-07 18:31:51,646 INFO lightning.pytorch.utilities.rank_zero | 💡 Tip: For seamless cloud logging and experiment tracking, try installing [litlogger](https://pypi.org/project/litlogger/) to enable LitLogger, which logs metrics and artifacts automatically to the Lightning Experiments platform.
INFO: You are using a CUDA device ('AMD Instinct MI250X') that has Tensor Cores. To properly utilize them, you should set `torch.set_float32_matmul_precision('medium' | 'high')` which will trade-off precision for performance. For more details, read https://pytorch.org/docs/stable/generated/torch.set_float32_matmul_precision.html#torch.set_float32_matmul_precision
2026-06-07 18:31:51,741 INFO lightning.pytorch.utilities.rank_zero | You are using a CUDA device ('AMD Instinct MI250X') that has Tensor Cores. To properly utilize them, you should set `torch.set_float32_matmul_precision('medium' | 'high')` which will trade-off precision for performance. For more details, read https://pytorch.org/docs/stable/generated/torch.set_float32_matmul_precision.html#torch.set_float32_matmul_precision
INFO: LOCAL_RANK: 0 - CUDA_VISIBLE_DEVICES: [0]
2026-06-07 18:31:51,741 INFO lightning.pytorch.accelerators.cuda | LOCAL_RANK: 0 - CUDA_VISIBLE_DEVICES: [0]
INFO: Loading `train_dataloader` to estimate number of stepping batches.
2026-06-07 18:31:51,899 INFO lightning.pytorch.utilities.rank_zero | Loading `train_dataloader` to estimate number of stepping batches.
/opt/venv/lib/python3.12/site-packages/lightning/pytorch/utilities/_pytree.py:21: `isinstance(treespec, LeafSpec)` is deprecated, use `isinstance(treespec, TreeSpec) and treespec.is_leaf()` instead.
/opt/venv/lib/python3.12/site-packages/lightning/pytorch/trainer/connectors/data_connector.py:434: The 'train_dataloader' does not have many workers which may be a bottleneck. Consider increasing the value of the `num_workers` argument` to `num_workers=6` in the `DataLoader` to improve performance.
/opt/venv/lib/python3.12/site-packages/lightning/pytorch/trainer/connectors/data_connector.py:434: The 'val_dataloader' does not have many workers which may be a bottleneck. Consider increasing the value of the `num_workers` argument` to `num_workers=6` in the `DataLoader` to improve performance.
INFO: `Trainer.fit` stopped: `max_epochs=50` reached.
2026-06-07 18:32:59,612 INFO lightning.pytorch.utilities.rank_zero | `Trainer.fit` stopped: `max_epochs=50` reached.
INFO: `weights_only` was not set, defaulting to `False`.
2026-06-07 18:32:59,634 INFO lightning.pytorch.trainer.connectors.checkpoint_connector | `weights_only` was not set, defaulting to `False`.
INFO: LOCAL_RANK: 0 - CUDA_VISIBLE_DEVICES: [0]
2026-06-07 18:32:59,655 INFO lightning.pytorch.accelerators.cuda | LOCAL_RANK: 0 - CUDA_VISIBLE_DEVICES: [0]
/opt/venv/lib/python3.12/site-packages/lightning/pytorch/trainer/connectors/data_connector.py:434: The 'predict_dataloader' does not have many workers which may be a bottleneck. Consider increasing the value of the `num_workers` argument` to `num_workers=6` in the `DataLoader` to improve performance.
2026-06-07 18:33:06,509 INFO experiment.runner | [KSOL__external__100__s0] done in 90.8s, RAE=1.3622
