The following modules were not unloaded:
  (Use "module --force purge" to unload all):

  1) ModuleLabel/label   2) lumi-tools/26.05   3) init-lumi/0.2

The following sticky modules could not be reloaded:

  1) lumi-tools
2026-06-07 18:15:15,741 INFO experiment.runner | [MBPB__baseline__25__s2] starting on host=nid007893 pid=90601
2026-06-07 18:15:19,240 INFO data.expansionrx | ExpansionRx loaded: train=5326, test=2282
[18:15:19] DEPRECATION WARNING: please use MorganGenerator
[18:15:19] DEPRECATION WARNING: please use MorganGenerator
[18:15:19] DEPRECATION WARNING: please use MorganGenerator
[18:15:19] DEPRECATION WARNING: please use MorganGenerator
[18:15:19] DEPRECATION WARNING: please use MorganGenerator
[18:15:19] DEPRECATION WARNING: please use MorganGenerator
[18:15:19] DEPRECATION WARNING: please use MorganGenerator
[18:15:19] DEPRECATION WARNING: please use MorganGenerator
[18:15:19] DEPRECATION WARNING: please use MorganGenerator
[18:15:19] DEPRECATION WARNING: please use MorganGenerator
[18:15:19] DEPRECATION WARNING: please use MorganGenerator
[18:15:19] DEPRECATION WARNING: please use MorganGenerator
[18:15:19] DEPRECATION WARNING: please use MorganGenerator
[18:15:19] DEPRECATION WARNING: please use MorganGenerator
[18:15:19] DEPRECATION WARNING: please use MorganGenerator
[18:15:19] DEPRECATION WARNING: please use MorganGenerator
[18:15:19] DEPRECATION WARNING: please use MorganGenerator
[18:15:19] DEPRECATION WARNING: please use MorganGenerator
[18:15:19] DEPRECATION WARNING: please use MorganGenerator
[18:15:19] DEPRECATION WARNING: please use MorganGenerator
[18:15:19] DEPRECATION WARNING: please use MorganGenerator
[18:15:19] DEPRECATION WARNING: please use MorganGenerator
[18:15:19] DEPRECATION WARNING: please use MorganGenerator
[18:15:19] DEPRECATION WARNING: please use MorganGenerator
[18:15:19] DEPRECATION WARNING: please use MorganGenerator
[18:15:19] DEPRECATION WARNING: please use MorganGenerator
[18:15:19] DEPRECATION WARNING: please use MorganGenerator
[18:15:19] DEPRECATION WARNING: please use MorganGenerator
[18:15:19] DEPRECATION WARNING: please use MorganGenerator
[18:15:19] DEPRECATION WARNING: please use MorganGenerator
[18:15:19] DEPRECATION WARNING: please use MorganGenerator
[18:15:19] DEPRECATION WARNING: please use MorganGenerator
[18:15:19] DEPRECATION WARNING: please use MorganGenerator
[18:15:19] DEPRECATION WARNING: please use MorganGenerator
[18:15:19] DEPRECATION WARNING: please use MorganGenerator
[18:15:19] DEPRECATION WARNING: please use MorganGenerator
[18:15:19] DEPRECATION WARNING: please use MorganGenerator
[18:15:19] DEPRECATION WARNING: please use MorganGenerator
[18:15:19] DEPRECATION WARNING: please use MorganGenerator
[18:15:19] DEPRECATION WARNING: please use MorganGenerator
[18:15:19] DEPRECATION WARNING: please use MorganGenerator
[18:15:19] DEPRECATION WARNING: please use MorganGenerator
[18:15:19] DEPRECATION WARNING: please use MorganGenerator
[18:15:19] DEPRECATION WARNING: please use MorganGenerator
[18:15:19] DEPRECATION WARNING: please use MorganGenerator
[18:15:19] DEPRECATION WARNING: please use MorganGenerator
[18:15:19] DEPRECATION WARNING: please use MorganGenerator
[18:15:19] DEPRECATION WARNING: please use MorganGenerator
[18:15:19] DEPRECATION WARNING: please use MorganGenerator
[18:15:19] DEPRECATION WARNING: please use MorganGenerator
[18:15:19] DEPRECATION WARNING: please use MorganGenerator
[18:15:19] DEPRECATION WARNING: please use MorganGenerator
[18:15:19] DEPRECATION WARNING: please use MorganGenerator
[18:15:19] DEPRECATION WARNING: please use MorganGenerator
[18:15:19] DEPRECATION WARNING: please use MorganGenerator
[18:15:19] DEPRECATION WARNING: please use MorganGenerator
[18:15:19] DEPRECATION WARNING: please use MorganGenerator
[18:15:19] DEPRECATION WARNING: please use MorganGenerator
[18:15:19] DEPRECATION WARNING: please use MorganGenerator
[18:15:19] DEPRECATION WARNING: please use MorganGenerator
[18:15:19] DEPRECATION WARNING: please use MorganGenerator
[18:15:19] DEPRECATION WARNING: please use MorganGenerator
[18:15:19] DEPRECATION WARNING: please use MorganGenerator
[18:15:19] DEPRECATION WARNING: please use MorganGenerator
[18:15:19] DEPRECATION WARNING: please use MorganGenerator
[18:15:19] DEPRECATION WARNING: please use MorganGenerator
[18:15:19] DEPRECATION WARNING: please use MorganGenerator
[18:15:19] DEPRECATION WARNING: please use MorganGenerator
[18:15:19] DEPRECATION WARNING: please use MorganGenerator
[18:15:19] DEPRECATION WARNING: please use MorganGenerator
[18:15:19] DEPRECATION WARNING: please use MorganGenerator
[18:15:19] DEPRECATION WARNING: please use MorganGenerator
[18:15:19] DEPRECATION WARNING: please use MorganGenerator
[18:15:19] DEPRECATION WARNING: please use MorganGenerator
[18:15:19] DEPRECATION WARNING: please use MorganGenerator
[18:15:19] DEPRECATION WARNING: please use MorganGenerator
[18:15:19] DEPRECATION WARNING: please use MorganGenerator
[18:15:19] DEPRECATION WARNING: please use MorganGenerator
[18:15:19] DEPRECATION WARNING: please use MorganGenerator
[18:15:19] DEPRECATION WARNING: please use MorganGenerator
[18:15:19] DEPRECATION WARNING: please use MorganGenerator
[18:15:19] DEPRECATION WARNING: please use MorganGenerator
[18:15:19] DEPRECATION WARNING: please use MorganGenerator
[18:15:19] DEPRECATION WARNING: please use MorganGenerator
[18:15:19] DEPRECATION WARNING: please use MorganGenerator
[18:15:19] DEPRECATION WARNING: please use MorganGenerator
[18:15:19] DEPRECATION WARNING: please use MorganGenerator
[18:15:19] DEPRECATION WARNING: please use MorganGenerator
[18:15:19] DEPRECATION WARNING: please use MorganGenerator
[18:15:19] DEPRECATION WARNING: please use MorganGenerator
[18:15:19] DEPRECATION WARNING: please use MorganGenerator
[18:15:19] DEPRECATION WARNING: please use MorganGenerator
[18:15:19] DEPRECATION WARNING: please use MorganGenerator
[18:15:19] DEPRECATION WARNING: please use MorganGenerator
[18:15:19] DEPRECATION WARNING: please use MorganGenerator
[18:15:19] DEPRECATION WARNING: please use MorganGenerator
[18:15:19] DEPRECATION WARNING: please use MorganGenerator
[18:15:19] DEPRECATION WARNING: please use MorganGenerator
[18:15:19] DEPRECATION WARNING: please use MorganGenerator
[18:15:19] DEPRECATION WARNING: please use MorganGenerator
[18:15:19] DEPRECATION WARNING: please use MorganGenerator
[18:15:19] DEPRECATION WARNING: please use MorganGenerator
[18:15:19] DEPRECATION WARNING: please use MorganGenerator
[18:15:19] DEPRECATION WARNING: please use MorganGenerator
[18:15:19] DEPRECATION WARNING: please use MorganGenerator
[18:15:19] DEPRECATION WARNING: please use MorganGenerator
[18:15:19] DEPRECATION WARNING: please use MorganGenerator
[18:15:19] DEPRECATION WARNING: please use MorganGenerator
[18:15:19] DEPRECATION WARNING: please use MorganGenerator
[18:15:19] DEPRECATION WARNING: please use MorganGenerator
[18:15:19] DEPRECATION WARNING: please use MorganGenerator
[18:15:19] DEPRECATION WARNING: please use MorganGenerator
[18:15:19] DEPRECATION WARNING: please use MorganGenerator
[18:15:19] DEPRECATION WARNING: please use MorganGenerator
[18:15:19] DEPRECATION WARNING: please use MorganGenerator
[18:15:19] DEPRECATION WARNING: please use MorganGenerator
[18:15:19] DEPRECATION WARNING: please use MorganGenerator
[18:15:19] DEPRECATION WARNING: please use MorganGenerator
[18:15:19] DEPRECATION WARNING: please use MorganGenerator
[18:15:19] DEPRECATION WARNING: please use MorganGenerator
[18:15:19] DEPRECATION WARNING: please use MorganGenerator
[18:15:19] DEPRECATION WARNING: please use MorganGenerator
[18:15:19] DEPRECATION WARNING: please use MorganGenerator
[18:15:19] DEPRECATION WARNING: please use MorganGenerator
[18:15:19] DEPRECATION WARNING: please use MorganGenerator
[18:15:19] DEPRECATION WARNING: please use MorganGenerator
[18:15:19] DEPRECATION WARNING: please use MorganGenerator
[18:15:19] DEPRECATION WARNING: please use MorganGenerator
[18:15:19] DEPRECATION WARNING: please use MorganGenerator
[18:15:19] DEPRECATION WARNING: please use MorganGenerator
[18:15:19] DEPRECATION WARNING: please use MorganGenerator
[18:15:19] DEPRECATION WARNING: please use MorganGenerator
[18:15:19] DEPRECATION WARNING: please use MorganGenerator
[18:15:19] DEPRECATION WARNING: please use MorganGenerator
[18:15:19] DEPRECATION WARNING: please use MorganGenerator
[18:15:19] DEPRECATION WARNING: please use MorganGenerator
[18:15:19] DEPRECATION WARNING: please use MorganGenerator
[18:15:19] DEPRECATION WARNING: please use MorganGenerator
[18:15:19] DEPRECATION WARNING: please use MorganGenerator
[18:15:19] DEPRECATION WARNING: please use MorganGenerator
[18:15:19] DEPRECATION WARNING: please use MorganGenerator
[18:15:19] DEPRECATION WARNING: please use MorganGenerator
[18:15:19] DEPRECATION WARNING: please use MorganGenerator
[18:15:19] DEPRECATION WARNING: please use MorganGenerator
[18:15:19] DEPRECATION WARNING: please use MorganGenerator
[18:15:19] DEPRECATION WARNING: please use MorganGenerator
[18:15:19] DEPRECATION WARNING: please use MorganGenerator
[18:15:19] DEPRECATION WARNING: please use MorganGenerator
[18:15:19] DEPRECATION WARNING: please use MorganGenerator
[18:15:19] DEPRECATION WARNING: please use MorganGenerator
[18:15:19] DEPRECATION WARNING: please use MorganGenerator
[18:15:19] DEPRECATION WARNING: please use MorganGenerator
[18:15:19] DEPRECATION WARNING: please use MorganGenerator
[18:15:19] DEPRECATION WARNING: please use MorganGenerator
[18:15:19] DEPRECATION WARNING: please use MorganGenerator
[18:15:19] DEPRECATION WARNING: please use MorganGenerator
[18:15:19] DEPRECATION WARNING: please use MorganGenerator
[18:15:19] DEPRECATION WARNING: please use MorganGenerator
[18:15:19] DEPRECATION WARNING: please use MorganGenerator
[18:15:19] DEPRECATION WARNING: please use MorganGenerator
[18:15:19] DEPRECATION WARNING: please use MorganGenerator
[18:15:19] DEPRECATION WARNING: please use MorganGenerator
[18:15:19] DEPRECATION WARNING: please use MorganGenerator
[18:15:19] DEPRECATION WARNING: please use MorganGenerator
[18:15:19] DEPRECATION WARNING: please use MorganGenerator
[18:15:19] DEPRECATION WARNING: please use MorganGenerator
[18:15:19] DEPRECATION WARNING: please use MorganGenerator
[18:15:19] DEPRECATION WARNING: please use MorganGenerator
[18:15:19] DEPRECATION WARNING: please use MorganGenerator
[18:15:19] DEPRECATION WARNING: please use MorganGenerator
[18:15:19] DEPRECATION WARNING: please use MorganGenerator
[18:15:19] DEPRECATION WARNING: please use MorganGenerator
[18:15:19] DEPRECATION WARNING: please use MorganGenerator
[18:15:19] DEPRECATION WARNING: please use MorganGenerator
[18:15:19] DEPRECATION WARNING: please use MorganGenerator
[18:15:19] DEPRECATION WARNING: please use MorganGenerator
[18:15:19] DEPRECATION WARNING: please use MorganGenerator
[18:15:19] DEPRECATION WARNING: please use MorganGenerator
[18:15:19] DEPRECATION WARNING: please use MorganGenerator
[18:15:19] DEPRECATION WARNING: please use MorganGenerator
[18:15:19] DEPRECATION WARNING: please use MorganGenerator
[18:15:19] DEPRECATION WARNING: please use MorganGenerator
[18:15:19] DEPRECATION WARNING: please use MorganGenerator
[18:15:19] DEPRECATION WARNING: please use MorganGenerator
[18:15:19] DEPRECATION WARNING: please use MorganGenerator
[18:15:19] DEPRECATION WARNING: please use MorganGenerator
[18:15:19] DEPRECATION WARNING: please use MorganGenerator
[18:15:19] DEPRECATION WARNING: please use MorganGenerator
[18:15:19] DEPRECATION WARNING: please use MorganGenerator
[18:15:19] DEPRECATION WARNING: please use MorganGenerator
[18:15:19] DEPRECATION WARNING: please use MorganGenerator
[18:15:19] DEPRECATION WARNING: please use MorganGenerator
[18:15:19] DEPRECATION WARNING: please use MorganGenerator
[18:15:19] DEPRECATION WARNING: please use MorganGenerator
[18:15:19] DEPRECATION WARNING: please use MorganGenerator
[18:15:19] DEPRECATION WARNING: please use MorganGenerator
[18:15:19] DEPRECATION WARNING: please use MorganGenerator
[18:15:19] DEPRECATION WARNING: please use MorganGenerator
[18:15:19] DEPRECATION WARNING: please use MorganGenerator
[18:15:19] DEPRECATION WARNING: please use MorganGenerator
[18:15:19] DEPRECATION WARNING: please use MorganGenerator
[18:15:19] DEPRECATION WARNING: please use MorganGenerator
[18:15:19] DEPRECATION WARNING: please use MorganGenerator
[18:15:19] DEPRECATION WARNING: please use MorganGenerator
[18:15:19] DEPRECATION WARNING: please use MorganGenerator
[18:15:19] DEPRECATION WARNING: please use MorganGenerator
[18:15:19] DEPRECATION WARNING: please use MorganGenerator
[18:15:19] DEPRECATION WARNING: please use MorganGenerator
[18:15:19] DEPRECATION WARNING: please use MorganGenerator
[18:15:19] DEPRECATION WARNING: please use MorganGenerator
[18:15:19] DEPRECATION WARNING: please use MorganGenerator
[18:15:19] DEPRECATION WARNING: please use MorganGenerator
[18:15:19] DEPRECATION WARNING: please use MorganGenerator
[18:15:19] DEPRECATION WARNING: please use MorganGenerator
[18:15:19] DEPRECATION WARNING: please use MorganGenerator
[18:15:19] DEPRECATION WARNING: please use MorganGenerator
[18:15:19] DEPRECATION WARNING: please use MorganGenerator
[18:15:19] DEPRECATION WARNING: please use MorganGenerator
[18:15:19] DEPRECATION WARNING: please use MorganGenerator
[18:15:19] DEPRECATION WARNING: please use MorganGenerator
[18:15:19] DEPRECATION WARNING: please use MorganGenerator
[18:15:19] DEPRECATION WARNING: please use MorganGenerator
[18:15:19] DEPRECATION WARNING: please use MorganGenerator
[18:15:19] DEPRECATION WARNING: please use MorganGenerator
[18:15:19] DEPRECATION WARNING: please use MorganGenerator
[18:15:19] DEPRECATION WARNING: please use MorganGenerator
[18:15:19] DEPRECATION WARNING: please use MorganGenerator
[18:15:19] DEPRECATION WARNING: please use MorganGenerator
[18:15:19] DEPRECATION WARNING: please use MorganGenerator
[18:15:19] DEPRECATION WARNING: please use MorganGenerator
[18:15:19] DEPRECATION WARNING: please use MorganGenerator
[18:15:19] DEPRECATION WARNING: please use MorganGenerator
[18:15:19] DEPRECATION WARNING: please use MorganGenerator
[18:15:19] DEPRECATION WARNING: please use MorganGenerator
[18:15:19] DEPRECATION WARNING: please use MorganGenerator
[18:15:19] DEPRECATION WARNING: please use MorganGenerator
[18:15:19] DEPRECATION WARNING: please use MorganGenerator
[18:15:19] DEPRECATION WARNING: please use MorganGenerator
[18:15:19] DEPRECATION WARNING: please use MorganGenerator
[18:15:19] DEPRECATION WARNING: please use MorganGenerator
[18:15:19] DEPRECATION WARNING: please use MorganGenerator
[18:15:19] DEPRECATION WARNING: please use MorganGenerator
[18:15:19] DEPRECATION WARNING: please use MorganGenerator
[18:15:19] DEPRECATION WARNING: please use MorganGenerator
[18:15:19] DEPRECATION WARNING: please use MorganGenerator
[18:15:19] DEPRECATION WARNING: please use MorganGenerator
[18:15:19] DEPRECATION WARNING: please use MorganGenerator
[18:15:19] DEPRECATION WARNING: please use MorganGenerator
[18:15:19] DEPRECATION WARNING: please use MorganGenerator
[18:15:19] DEPRECATION WARNING: please use MorganGenerator
[18:15:19] DEPRECATION WARNING: please use MorganGenerator
[18:15:19] DEPRECATION WARNING: please use MorganGenerator
[18:15:19] DEPRECATION WARNING: please use MorganGenerator
[18:15:19] DEPRECATION WARNING: please use MorganGenerator
[18:15:19] DEPRECATION WARNING: please use MorganGenerator
[18:15:19] DEPRECATION WARNING: please use MorganGenerator
[18:15:19] DEPRECATION WARNING: please use MorganGenerator
[18:15:19] DEPRECATION WARNING: please use MorganGenerator
[18:15:19] DEPRECATION WARNING: please use MorganGenerator
[18:15:19] DEPRECATION WARNING: please use MorganGenerator
[18:15:19] DEPRECATION WARNING: please use MorganGenerator
[18:15:19] DEPRECATION WARNING: please use MorganGenerator
[18:15:19] DEPRECATION WARNING: please use MorganGenerator
[18:15:19] DEPRECATION WARNING: please use MorganGenerator
[18:15:19] DEPRECATION WARNING: please use MorganGenerator
[18:15:19] DEPRECATION WARNING: please use MorganGenerator
[18:15:19] DEPRECATION WARNING: please use MorganGenerator
[18:15:19] DEPRECATION WARNING: please use MorganGenerator
[18:15:19] DEPRECATION WARNING: please use MorganGenerator
[18:15:19] DEPRECATION WARNING: please use MorganGenerator
[18:15:19] DEPRECATION WARNING: please use MorganGenerator
[18:15:19] DEPRECATION WARNING: please use MorganGenerator
[18:15:19] DEPRECATION WARNING: please use MorganGenerator
[18:15:19] DEPRECATION WARNING: please use MorganGenerator
[18:15:19] DEPRECATION WARNING: please use MorganGenerator
[18:15:19] DEPRECATION WARNING: please use MorganGenerator
[18:15:19] DEPRECATION WARNING: please use MorganGenerator
[18:15:19] DEPRECATION WARNING: please use MorganGenerator
[18:15:19] DEPRECATION WARNING: please use MorganGenerator
[18:15:19] DEPRECATION WARNING: please use MorganGenerator
[18:15:19] DEPRECATION WARNING: please use MorganGenerator
[18:15:19] DEPRECATION WARNING: please use MorganGenerator
[18:15:19] DEPRECATION WARNING: please use MorganGenerator
[18:15:19] DEPRECATION WARNING: please use MorganGenerator
[18:15:19] DEPRECATION WARNING: please use MorganGenerator
[18:15:19] DEPRECATION WARNING: please use MorganGenerator
[18:15:19] DEPRECATION WARNING: please use MorganGenerator
[18:15:19] DEPRECATION WARNING: please use MorganGenerator
[18:15:19] DEPRECATION WARNING: please use MorganGenerator
[18:15:19] DEPRECATION WARNING: please use MorganGenerator
[18:15:19] DEPRECATION WARNING: please use MorganGenerator
[18:15:19] DEPRECATION WARNING: please use MorganGenerator
[18:15:19] DEPRECATION WARNING: please use MorganGenerator
[18:15:19] DEPRECATION WARNING: please use MorganGenerator
[18:15:19] DEPRECATION WARNING: please use MorganGenerator
[18:15:19] DEPRECATION WARNING: please use MorganGenerator
[18:15:19] DEPRECATION WARNING: please use MorganGenerator
[18:15:19] DEPRECATION WARNING: please use MorganGenerator
[18:15:19] DEPRECATION WARNING: please use MorganGenerator
[18:15:19] DEPRECATION WARNING: please use MorganGenerator
[18:15:19] DEPRECATION WARNING: please use MorganGenerator
[18:15:19] DEPRECATION WARNING: please use MorganGenerator
[18:15:19] DEPRECATION WARNING: please use MorganGenerator
[18:15:19] DEPRECATION WARNING: please use MorganGenerator
[18:15:19] DEPRECATION WARNING: please use MorganGenerator
[18:15:19] DEPRECATION WARNING: please use MorganGenerator
[18:15:19] DEPRECATION WARNING: please use MorganGenerator
[18:15:19] DEPRECATION WARNING: please use MorganGenerator
[18:15:19] DEPRECATION WARNING: please use MorganGenerator
[18:15:19] DEPRECATION WARNING: please use MorganGenerator
[18:15:19] DEPRECATION WARNING: please use MorganGenerator
[18:15:19] DEPRECATION WARNING: please use MorganGenerator
[18:15:19] DEPRECATION WARNING: please use MorganGenerator
[18:15:19] DEPRECATION WARNING: please use MorganGenerator
[18:15:19] DEPRECATION WARNING: please use MorganGenerator
[18:15:19] DEPRECATION WARNING: please use MorganGenerator
[18:15:19] DEPRECATION WARNING: please use MorganGenerator
[18:15:19] DEPRECATION WARNING: please use MorganGenerator
[18:15:19] DEPRECATION WARNING: please use MorganGenerator
[18:15:19] DEPRECATION WARNING: please use MorganGenerator
[18:15:19] DEPRECATION WARNING: please use MorganGenerator
[18:15:19] DEPRECATION WARNING: please use MorganGenerator
[18:15:19] DEPRECATION WARNING: please use MorganGenerator
[18:15:19] DEPRECATION WARNING: please use MorganGenerator
[18:15:19] DEPRECATION WARNING: please use MorganGenerator
[18:15:19] DEPRECATION WARNING: please use MorganGenerator
[18:15:19] DEPRECATION WARNING: please use MorganGenerator
[18:15:19] DEPRECATION WARNING: please use MorganGenerator
[18:15:19] DEPRECATION WARNING: please use MorganGenerator
[18:15:19] DEPRECATION WARNING: please use MorganGenerator
[18:15:19] DEPRECATION WARNING: please use MorganGenerator
[18:15:19] DEPRECATION WARNING: please use MorganGenerator
[18:15:19] DEPRECATION WARNING: please use MorganGenerator
[18:15:19] DEPRECATION WARNING: please use MorganGenerator
[18:15:19] DEPRECATION WARNING: please use MorganGenerator
[18:15:19] DEPRECATION WARNING: please use MorganGenerator
[18:15:19] DEPRECATION WARNING: please use MorganGenerator
[18:15:19] DEPRECATION WARNING: please use MorganGenerator
[18:15:19] DEPRECATION WARNING: please use MorganGenerator
[18:15:19] DEPRECATION WARNING: please use MorganGenerator
[18:15:19] DEPRECATION WARNING: please use MorganGenerator
[18:15:19] DEPRECATION WARNING: please use MorganGenerator
[18:15:19] DEPRECATION WARNING: please use MorganGenerator
[18:15:19] DEPRECATION WARNING: please use MorganGenerator
[18:15:19] DEPRECATION WARNING: please use MorganGenerator
[18:15:19] DEPRECATION WARNING: please use MorganGenerator
[18:15:19] DEPRECATION WARNING: please use MorganGenerator
[18:15:19] DEPRECATION WARNING: please use MorganGenerator
[18:15:19] DEPRECATION WARNING: please use MorganGenerator
[18:15:19] DEPRECATION WARNING: please use MorganGenerator
[18:15:19] DEPRECATION WARNING: please use MorganGenerator
[18:15:19] DEPRECATION WARNING: please use MorganGenerator
[18:15:19] DEPRECATION WARNING: please use MorganGenerator
[18:15:19] DEPRECATION WARNING: please use MorganGenerator
[18:15:19] DEPRECATION WARNING: please use MorganGenerator
[18:15:19] DEPRECATION WARNING: please use MorganGenerator
[18:15:19] DEPRECATION WARNING: please use MorganGenerator
[18:15:19] DEPRECATION WARNING: please use MorganGenerator
[18:15:19] DEPRECATION WARNING: please use MorganGenerator
[18:15:19] DEPRECATION WARNING: please use MorganGenerator
[18:15:19] DEPRECATION WARNING: please use MorganGenerator
[18:15:19] DEPRECATION WARNING: please use MorganGenerator
[18:15:19] DEPRECATION WARNING: please use MorganGenerator
[18:15:19] DEPRECATION WARNING: please use MorganGenerator
[18:15:19] DEPRECATION WARNING: please use MorganGenerator
[18:15:19] DEPRECATION WARNING: please use MorganGenerator
[18:15:19] DEPRECATION WARNING: please use MorganGenerator
[18:15:19] DEPRECATION WARNING: please use MorganGenerator
[18:15:19] DEPRECATION WARNING: please use MorganGenerator
[18:15:19] DEPRECATION WARNING: please use MorganGenerator
[18:15:19] DEPRECATION WARNING: please use MorganGenerator
[18:15:19] DEPRECATION WARNING: please use MorganGenerator
[18:15:19] DEPRECATION WARNING: please use MorganGenerator
[18:15:19] DEPRECATION WARNING: please use MorganGenerator
[18:15:19] DEPRECATION WARNING: please use MorganGenerator
[18:15:19] DEPRECATION WARNING: please use MorganGenerator
[18:15:19] DEPRECATION WARNING: please use MorganGenerator
[18:15:19] DEPRECATION WARNING: please use MorganGenerator
[18:15:19] DEPRECATION WARNING: please use MorganGenerator
[18:15:19] DEPRECATION WARNING: please use MorganGenerator
[18:15:19] DEPRECATION WARNING: please use MorganGenerator
[18:15:19] DEPRECATION WARNING: please use MorganGenerator
[18:15:19] DEPRECATION WARNING: please use MorganGenerator
[18:15:19] DEPRECATION WARNING: please use MorganGenerator
[18:15:19] DEPRECATION WARNING: please use MorganGenerator
[18:15:19] DEPRECATION WARNING: please use MorganGenerator
[18:15:19] DEPRECATION WARNING: please use MorganGenerator
[18:15:19] DEPRECATION WARNING: please use MorganGenerator
[18:15:19] DEPRECATION WARNING: please use MorganGenerator
[18:15:19] DEPRECATION WARNING: please use MorganGenerator
[18:15:19] DEPRECATION WARNING: please use MorganGenerator
[18:15:19] DEPRECATION WARNING: please use MorganGenerator
[18:15:19] DEPRECATION WARNING: please use MorganGenerator
[18:15:19] DEPRECATION WARNING: please use MorganGenerator
[18:15:19] DEPRECATION WARNING: please use MorganGenerator
[18:15:19] DEPRECATION WARNING: please use MorganGenerator
[18:15:19] DEPRECATION WARNING: please use MorganGenerator
[18:15:19] DEPRECATION WARNING: please use MorganGenerator
[18:15:19] DEPRECATION WARNING: please use MorganGenerator
[18:15:19] DEPRECATION WARNING: please use MorganGenerator
[18:15:19] DEPRECATION WARNING: please use MorganGenerator
[18:15:19] DEPRECATION WARNING: please use MorganGenerator
[18:15:19] DEPRECATION WARNING: please use MorganGenerator
[18:15:19] DEPRECATION WARNING: please use MorganGenerator
[18:15:19] DEPRECATION WARNING: please use MorganGenerator
[18:15:19] DEPRECATION WARNING: please use MorganGenerator
[18:15:19] DEPRECATION WARNING: please use MorganGenerator
[18:15:19] DEPRECATION WARNING: please use MorganGenerator
[18:15:19] DEPRECATION WARNING: please use MorganGenerator
[18:15:19] DEPRECATION WARNING: please use MorganGenerator
[18:15:19] DEPRECATION WARNING: please use MorganGenerator
[18:15:19] DEPRECATION WARNING: please use MorganGenerator
[18:15:19] DEPRECATION WARNING: please use MorganGenerator
[18:15:19] DEPRECATION WARNING: please use MorganGenerator
[18:15:19] DEPRECATION WARNING: please use MorganGenerator
[18:15:19] DEPRECATION WARNING: please use MorganGenerator
[18:15:19] DEPRECATION WARNING: please use MorganGenerator
[18:15:19] DEPRECATION WARNING: please use MorganGenerator
[18:15:19] DEPRECATION WARNING: please use MorganGenerator
[18:15:19] DEPRECATION WARNING: please use MorganGenerator
[18:15:19] DEPRECATION WARNING: please use MorganGenerator
[18:15:19] DEPRECATION WARNING: please use MorganGenerator
[18:15:19] DEPRECATION WARNING: please use MorganGenerator
[18:15:19] DEPRECATION WARNING: please use MorganGenerator
[18:15:19] DEPRECATION WARNING: please use MorganGenerator
[18:15:19] DEPRECATION WARNING: please use MorganGenerator
[18:15:19] DEPRECATION WARNING: please use MorganGenerator
[18:15:19] DEPRECATION WARNING: please use MorganGenerator
[18:15:19] DEPRECATION WARNING: please use MorganGenerator
[18:15:19] DEPRECATION WARNING: please use MorganGenerator
[18:15:19] DEPRECATION WARNING: please use MorganGenerator
[18:15:19] DEPRECATION WARNING: please use MorganGenerator
[18:15:19] DEPRECATION WARNING: please use MorganGenerator
[18:15:19] DEPRECATION WARNING: please use MorganGenerator
[18:15:19] DEPRECATION WARNING: please use MorganGenerator
[18:15:19] DEPRECATION WARNING: please use MorganGenerator
[18:15:19] DEPRECATION WARNING: please use MorganGenerator
[18:15:19] DEPRECATION WARNING: please use MorganGenerator
[18:15:19] DEPRECATION WARNING: please use MorganGenerator
[18:15:19] DEPRECATION WARNING: please use MorganGenerator
[18:15:19] DEPRECATION WARNING: please use MorganGenerator
[18:15:19] DEPRECATION WARNING: please use MorganGenerator
[18:15:19] DEPRECATION WARNING: please use MorganGenerator
[18:15:19] DEPRECATION WARNING: please use MorganGenerator
[18:15:19] DEPRECATION WARNING: please use MorganGenerator
[18:15:19] DEPRECATION WARNING: please use MorganGenerator
[18:15:19] DEPRECATION WARNING: please use MorganGenerator
[18:15:19] DEPRECATION WARNING: please use MorganGenerator
[18:15:19] DEPRECATION WARNING: please use MorganGenerator
[18:15:19] DEPRECATION WARNING: please use MorganGenerator
[18:15:19] DEPRECATION WARNING: please use MorganGenerator
[18:15:19] DEPRECATION WARNING: please use MorganGenerator
[18:15:19] DEPRECATION WARNING: please use MorganGenerator
[18:15:19] DEPRECATION WARNING: please use MorganGenerator
[18:15:19] DEPRECATION WARNING: please use MorganGenerator
[18:15:19] DEPRECATION WARNING: please use MorganGenerator
[18:15:19] DEPRECATION WARNING: please use MorganGenerator
[18:15:19] DEPRECATION WARNING: please use MorganGenerator
[18:15:19] DEPRECATION WARNING: please use MorganGenerator
[18:15:19] DEPRECATION WARNING: please use MorganGenerator
[18:15:19] DEPRECATION WARNING: please use MorganGenerator
[18:15:19] DEPRECATION WARNING: please use MorganGenerator
[18:15:19] DEPRECATION WARNING: please use MorganGenerator
[18:15:19] DEPRECATION WARNING: please use MorganGenerator
[18:15:19] DEPRECATION WARNING: please use MorganGenerator
[18:15:19] DEPRECATION WARNING: please use MorganGenerator
[18:15:19] DEPRECATION WARNING: please use MorganGenerator
[18:15:19] DEPRECATION WARNING: please use MorganGenerator
[18:15:19] DEPRECATION WARNING: please use MorganGenerator
[18:15:19] DEPRECATION WARNING: please use MorganGenerator
[18:15:19] DEPRECATION WARNING: please use MorganGenerator
[18:15:19] DEPRECATION WARNING: please use MorganGenerator
[18:15:19] DEPRECATION WARNING: please use MorganGenerator
[18:15:19] DEPRECATION WARNING: please use MorganGenerator
[18:15:19] DEPRECATION WARNING: please use MorganGenerator
[18:15:19] DEPRECATION WARNING: please use MorganGenerator
[18:15:19] DEPRECATION WARNING: please use MorganGenerator
[18:15:19] DEPRECATION WARNING: please use MorganGenerator
[18:15:19] DEPRECATION WARNING: please use MorganGenerator
[18:15:19] DEPRECATION WARNING: please use MorganGenerator
[18:15:19] DEPRECATION WARNING: please use MorganGenerator
[18:15:19] DEPRECATION WARNING: please use MorganGenerator
[18:15:19] DEPRECATION WARNING: please use MorganGenerator
[18:15:19] DEPRECATION WARNING: please use MorganGenerator
[18:15:19] DEPRECATION WARNING: please use MorganGenerator
[18:15:19] DEPRECATION WARNING: please use MorganGenerator
[18:15:19] DEPRECATION WARNING: please use MorganGenerator
[18:15:19] DEPRECATION WARNING: please use MorganGenerator
[18:15:19] DEPRECATION WARNING: please use MorganGenerator
[18:15:19] DEPRECATION WARNING: please use MorganGenerator
[18:15:19] DEPRECATION WARNING: please use MorganGenerator
[18:15:19] DEPRECATION WARNING: please use MorganGenerator
[18:15:19] DEPRECATION WARNING: please use MorganGenerator
[18:15:19] DEPRECATION WARNING: please use MorganGenerator
[18:15:19] DEPRECATION WARNING: please use MorganGenerator
[18:15:19] DEPRECATION WARNING: please use MorganGenerator
[18:15:19] DEPRECATION WARNING: please use MorganGenerator
[18:15:19] DEPRECATION WARNING: please use MorganGenerator
[18:15:19] DEPRECATION WARNING: please use MorganGenerator
[18:15:19] DEPRECATION WARNING: please use MorganGenerator
[18:15:19] DEPRECATION WARNING: please use MorganGenerator
[18:15:19] DEPRECATION WARNING: please use MorganGenerator
[18:15:19] DEPRECATION WARNING: please use MorganGenerator
[18:15:19] DEPRECATION WARNING: please use MorganGenerator
[18:15:19] DEPRECATION WARNING: please use MorganGenerator
[18:15:19] DEPRECATION WARNING: please use MorganGenerator
[18:15:19] DEPRECATION WARNING: please use MorganGenerator
[18:15:19] DEPRECATION WARNING: please use MorganGenerator
[18:15:19] DEPRECATION WARNING: please use MorganGenerator
[18:15:19] DEPRECATION WARNING: please use MorganGenerator
[18:15:19] DEPRECATION WARNING: please use MorganGenerator
[18:15:19] DEPRECATION WARNING: please use MorganGenerator
[18:15:19] DEPRECATION WARNING: please use MorganGenerator
[18:15:19] DEPRECATION WARNING: please use MorganGenerator
[18:15:19] DEPRECATION WARNING: please use MorganGenerator
[18:15:19] DEPRECATION WARNING: please use MorganGenerator
[18:15:19] DEPRECATION WARNING: please use MorganGenerator
[18:15:19] DEPRECATION WARNING: please use MorganGenerator
[18:15:19] DEPRECATION WARNING: please use MorganGenerator
[18:15:19] DEPRECATION WARNING: please use MorganGenerator
[18:15:19] DEPRECATION WARNING: please use MorganGenerator
[18:15:19] DEPRECATION WARNING: please use MorganGenerator
[18:15:19] DEPRECATION WARNING: please use MorganGenerator
[18:15:19] DEPRECATION WARNING: please use MorganGenerator
[18:15:19] DEPRECATION WARNING: please use MorganGenerator
[18:15:19] DEPRECATION WARNING: please use MorganGenerator
[18:15:19] DEPRECATION WARNING: please use MorganGenerator
[18:15:19] DEPRECATION WARNING: please use MorganGenerator
[18:15:19] DEPRECATION WARNING: please use MorganGenerator
[18:15:19] DEPRECATION WARNING: please use MorganGenerator
[18:15:19] DEPRECATION WARNING: please use MorganGenerator
[18:15:19] DEPRECATION WARNING: please use MorganGenerator
[18:15:19] DEPRECATION WARNING: please use MorganGenerator
[18:15:19] DEPRECATION WARNING: please use MorganGenerator
[18:15:19] DEPRECATION WARNING: please use MorganGenerator
[18:15:19] DEPRECATION WARNING: please use MorganGenerator
[18:15:19] DEPRECATION WARNING: please use MorganGenerator
[18:15:19] DEPRECATION WARNING: please use MorganGenerator
[18:15:19] DEPRECATION WARNING: please use MorganGenerator
[18:15:19] DEPRECATION WARNING: please use MorganGenerator
[18:15:19] DEPRECATION WARNING: please use MorganGenerator
[18:15:19] DEPRECATION WARNING: please use MorganGenerator
[18:15:19] DEPRECATION WARNING: please use MorganGenerator
[18:15:19] DEPRECATION WARNING: please use MorganGenerator
[18:15:19] DEPRECATION WARNING: please use MorganGenerator
[18:15:19] DEPRECATION WARNING: please use MorganGenerator
[18:15:19] DEPRECATION WARNING: please use MorganGenerator
[18:15:19] DEPRECATION WARNING: please use MorganGenerator
[18:15:19] DEPRECATION WARNING: please use MorganGenerator
[18:15:19] DEPRECATION WARNING: please use MorganGenerator
[18:15:19] DEPRECATION WARNING: please use MorganGenerator
[18:15:19] DEPRECATION WARNING: please use MorganGenerator
[18:15:19] DEPRECATION WARNING: please use MorganGenerator
[18:15:19] DEPRECATION WARNING: please use MorganGenerator
[18:15:19] DEPRECATION WARNING: please use MorganGenerator
[18:15:19] DEPRECATION WARNING: please use MorganGenerator
[18:15:19] DEPRECATION WARNING: please use MorganGenerator
[18:15:19] DEPRECATION WARNING: please use MorganGenerator
[18:15:19] DEPRECATION WARNING: please use MorganGenerator
[18:15:19] DEPRECATION WARNING: please use MorganGenerator
[18:15:19] DEPRECATION WARNING: please use MorganGenerator
[18:15:19] DEPRECATION WARNING: please use MorganGenerator
[18:15:19] DEPRECATION WARNING: please use MorganGenerator
[18:15:19] DEPRECATION WARNING: please use MorganGenerator
[18:15:19] DEPRECATION WARNING: please use MorganGenerator
[18:15:19] DEPRECATION WARNING: please use MorganGenerator
[18:15:19] DEPRECATION WARNING: please use MorganGenerator
[18:15:19] DEPRECATION WARNING: please use MorganGenerator
[18:15:19] DEPRECATION WARNING: please use MorganGenerator
[18:15:19] DEPRECATION WARNING: please use MorganGenerator
[18:15:19] DEPRECATION WARNING: please use MorganGenerator
[18:15:19] DEPRECATION WARNING: please use MorganGenerator
[18:15:19] DEPRECATION WARNING: please use MorganGenerator
[18:15:19] DEPRECATION WARNING: please use MorganGenerator
[18:15:19] DEPRECATION WARNING: please use MorganGenerator
[18:15:19] DEPRECATION WARNING: please use MorganGenerator
[18:15:19] DEPRECATION WARNING: please use MorganGenerator
[18:15:19] DEPRECATION WARNING: please use MorganGenerator
[18:15:19] DEPRECATION WARNING: please use MorganGenerator
[18:15:19] DEPRECATION WARNING: please use MorganGenerator
[18:15:19] DEPRECATION WARNING: please use MorganGenerator
[18:15:19] DEPRECATION WARNING: please use MorganGenerator
[18:15:19] DEPRECATION WARNING: please use MorganGenerator
[18:15:19] DEPRECATION WARNING: please use MorganGenerator
[18:15:19] DEPRECATION WARNING: please use MorganGenerator
[18:15:19] DEPRECATION WARNING: please use MorganGenerator
[18:15:19] DEPRECATION WARNING: please use MorganGenerator
[18:15:19] DEPRECATION WARNING: please use MorganGenerator
[18:15:19] DEPRECATION WARNING: please use MorganGenerator
[18:15:19] DEPRECATION WARNING: please use MorganGenerator
[18:15:19] DEPRECATION WARNING: please use MorganGenerator
[18:15:19] DEPRECATION WARNING: please use MorganGenerator
[18:15:19] DEPRECATION WARNING: please use MorganGenerator
[18:15:19] DEPRECATION WARNING: please use MorganGenerator
[18:15:19] DEPRECATION WARNING: please use MorganGenerator
[18:15:19] DEPRECATION WARNING: please use MorganGenerator
[18:15:19] DEPRECATION WARNING: please use MorganGenerator
[18:15:19] DEPRECATION WARNING: please use MorganGenerator
[18:15:19] DEPRECATION WARNING: please use MorganGenerator
[18:15:19] DEPRECATION WARNING: please use MorganGenerator
[18:15:19] DEPRECATION WARNING: please use MorganGenerator
[18:15:19] DEPRECATION WARNING: please use MorganGenerator
[18:15:19] DEPRECATION WARNING: please use MorganGenerator
[18:15:19] DEPRECATION WARNING: please use MorganGenerator
[18:15:19] DEPRECATION WARNING: please use MorganGenerator
[18:15:19] DEPRECATION WARNING: please use MorganGenerator
[18:15:19] DEPRECATION WARNING: please use MorganGenerator
[18:15:19] DEPRECATION WARNING: please use MorganGenerator
[18:15:19] DEPRECATION WARNING: please use MorganGenerator
[18:15:19] DEPRECATION WARNING: please use MorganGenerator
[18:15:19] DEPRECATION WARNING: please use MorganGenerator
[18:15:19] DEPRECATION WARNING: please use MorganGenerator
[18:15:19] DEPRECATION WARNING: please use MorganGenerator
[18:15:19] DEPRECATION WARNING: please use MorganGenerator
[18:15:19] DEPRECATION WARNING: please use MorganGenerator
[18:15:19] DEPRECATION WARNING: please use MorganGenerator
[18:15:19] DEPRECATION WARNING: please use MorganGenerator
[18:15:19] DEPRECATION WARNING: please use MorganGenerator
[18:15:19] DEPRECATION WARNING: please use MorganGenerator
[18:15:19] DEPRECATION WARNING: please use MorganGenerator
[18:15:19] DEPRECATION WARNING: please use MorganGenerator
[18:15:19] DEPRECATION WARNING: please use MorganGenerator
[18:15:19] DEPRECATION WARNING: please use MorganGenerator
[18:15:19] DEPRECATION WARNING: please use MorganGenerator
[18:15:19] DEPRECATION WARNING: please use MorganGenerator
[18:15:19] DEPRECATION WARNING: please use MorganGenerator
[18:15:19] DEPRECATION WARNING: please use MorganGenerator
[18:15:19] DEPRECATION WARNING: please use MorganGenerator
[18:15:19] DEPRECATION WARNING: please use MorganGenerator
[18:15:19] DEPRECATION WARNING: please use MorganGenerator
[18:15:19] DEPRECATION WARNING: please use MorganGenerator
[18:15:19] DEPRECATION WARNING: please use MorganGenerator
[18:15:19] DEPRECATION WARNING: please use MorganGenerator
[18:15:19] DEPRECATION WARNING: please use MorganGenerator
[18:15:19] DEPRECATION WARNING: please use MorganGenerator
[18:15:19] DEPRECATION WARNING: please use MorganGenerator
[18:15:19] DEPRECATION WARNING: please use MorganGenerator
[18:15:19] DEPRECATION WARNING: please use MorganGenerator
[18:15:19] DEPRECATION WARNING: please use MorganGenerator
[18:15:19] DEPRECATION WARNING: please use MorganGenerator
[18:15:19] DEPRECATION WARNING: please use MorganGenerator
[18:15:19] DEPRECATION WARNING: please use MorganGenerator
[18:15:19] DEPRECATION WARNING: please use MorganGenerator
[18:15:19] DEPRECATION WARNING: please use MorganGenerator
[18:15:19] DEPRECATION WARNING: please use MorganGenerator
[18:15:19] DEPRECATION WARNING: please use MorganGenerator
[18:15:19] DEPRECATION WARNING: please use MorganGenerator
[18:15:19] DEPRECATION WARNING: please use MorganGenerator
[18:15:19] DEPRECATION WARNING: please use MorganGenerator
[18:15:19] DEPRECATION WARNING: please use MorganGenerator
[18:15:19] DEPRECATION WARNING: please use MorganGenerator
[18:15:19] DEPRECATION WARNING: please use MorganGenerator
[18:15:19] DEPRECATION WARNING: please use MorganGenerator
[18:15:19] DEPRECATION WARNING: please use MorganGenerator
[18:15:19] DEPRECATION WARNING: please use MorganGenerator
[18:15:19] DEPRECATION WARNING: please use MorganGenerator
[18:15:19] DEPRECATION WARNING: please use MorganGenerator
[18:15:19] DEPRECATION WARNING: please use MorganGenerator
[18:15:19] DEPRECATION WARNING: please use MorganGenerator
[18:15:19] DEPRECATION WARNING: please use MorganGenerator
[18:15:19] DEPRECATION WARNING: please use MorganGenerator
[18:15:19] DEPRECATION WARNING: please use MorganGenerator
[18:15:19] DEPRECATION WARNING: please use MorganGenerator
[18:15:19] DEPRECATION WARNING: please use MorganGenerator
[18:15:19] DEPRECATION WARNING: please use MorganGenerator
[18:15:19] DEPRECATION WARNING: please use MorganGenerator
[18:15:19] DEPRECATION WARNING: please use MorganGenerator
[18:15:19] DEPRECATION WARNING: please use MorganGenerator
[18:15:19] DEPRECATION WARNING: please use MorganGenerator
[18:15:19] DEPRECATION WARNING: please use MorganGenerator
[18:15:19] DEPRECATION WARNING: please use MorganGenerator
[18:15:19] DEPRECATION WARNING: please use MorganGenerator
[18:15:19] DEPRECATION WARNING: please use MorganGenerator
[18:15:19] DEPRECATION WARNING: please use MorganGenerator
[18:15:19] DEPRECATION WARNING: please use MorganGenerator
[18:15:19] DEPRECATION WARNING: please use MorganGenerator
[18:15:19] DEPRECATION WARNING: please use MorganGenerator
[18:15:19] DEPRECATION WARNING: please use MorganGenerator
[18:15:19] DEPRECATION WARNING: please use MorganGenerator
[18:15:19] DEPRECATION WARNING: please use MorganGenerator
[18:15:19] DEPRECATION WARNING: please use MorganGenerator
[18:15:19] DEPRECATION WARNING: please use MorganGenerator
[18:15:19] DEPRECATION WARNING: please use MorganGenerator
[18:15:19] DEPRECATION WARNING: please use MorganGenerator
[18:15:19] DEPRECATION WARNING: please use MorganGenerator
[18:15:19] DEPRECATION WARNING: please use MorganGenerator
[18:15:19] DEPRECATION WARNING: please use MorganGenerator
[18:15:19] DEPRECATION WARNING: please use MorganGenerator
[18:15:19] DEPRECATION WARNING: please use MorganGenerator
[18:15:19] DEPRECATION WARNING: please use MorganGenerator
[18:15:19] DEPRECATION WARNING: please use MorganGenerator
[18:15:19] DEPRECATION WARNING: please use MorganGenerator
[18:15:19] DEPRECATION WARNING: please use MorganGenerator
[18:15:19] DEPRECATION WARNING: please use MorganGenerator
[18:15:19] DEPRECATION WARNING: please use MorganGenerator
[18:15:19] DEPRECATION WARNING: please use MorganGenerator
[18:15:19] DEPRECATION WARNING: please use MorganGenerator
[18:15:19] DEPRECATION WARNING: please use MorganGenerator
[18:15:19] DEPRECATION WARNING: please use MorganGenerator
[18:15:19] DEPRECATION WARNING: please use MorganGenerator
[18:15:19] DEPRECATION WARNING: please use MorganGenerator
[18:15:19] DEPRECATION WARNING: please use MorganGenerator
[18:15:19] DEPRECATION WARNING: please use MorganGenerator
[18:15:19] DEPRECATION WARNING: please use MorganGenerator
[18:15:19] DEPRECATION WARNING: please use MorganGenerator
[18:15:19] DEPRECATION WARNING: please use MorganGenerator
[18:15:19] DEPRECATION WARNING: please use MorganGenerator
[18:15:19] DEPRECATION WARNING: please use MorganGenerator
[18:15:19] DEPRECATION WARNING: please use MorganGenerator
[18:15:19] DEPRECATION WARNING: please use MorganGenerator
[18:15:19] DEPRECATION WARNING: please use MorganGenerator
[18:15:19] DEPRECATION WARNING: please use MorganGenerator
[18:15:19] DEPRECATION WARNING: please use MorganGenerator
[18:15:19] DEPRECATION WARNING: please use MorganGenerator
[18:15:19] DEPRECATION WARNING: please use MorganGenerator
[18:15:19] DEPRECATION WARNING: please use MorganGenerator
[18:15:19] DEPRECATION WARNING: please use MorganGenerator
[18:15:19] DEPRECATION WARNING: please use MorganGenerator
[18:15:19] DEPRECATION WARNING: please use MorganGenerator
[18:15:19] DEPRECATION WARNING: please use MorganGenerator
[18:15:19] DEPRECATION WARNING: please use MorganGenerator
[18:15:19] DEPRECATION WARNING: please use MorganGenerator
[18:15:19] DEPRECATION WARNING: please use MorganGenerator
[18:15:19] DEPRECATION WARNING: please use MorganGenerator
[18:15:19] DEPRECATION WARNING: please use MorganGenerator
[18:15:19] DEPRECATION WARNING: please use MorganGenerator
[18:15:19] DEPRECATION WARNING: please use MorganGenerator
[18:15:19] DEPRECATION WARNING: please use MorganGenerator
[18:15:19] DEPRECATION WARNING: please use MorganGenerator
[18:15:19] DEPRECATION WARNING: please use MorganGenerator
[18:15:19] DEPRECATION WARNING: please use MorganGenerator
[18:15:19] DEPRECATION WARNING: please use MorganGenerator
[18:15:19] DEPRECATION WARNING: please use MorganGenerator
[18:15:19] DEPRECATION WARNING: please use MorganGenerator
[18:15:19] DEPRECATION WARNING: please use MorganGenerator
[18:15:19] DEPRECATION WARNING: please use MorganGenerator
[18:15:19] DEPRECATION WARNING: please use MorganGenerator
[18:15:19] DEPRECATION WARNING: please use MorganGenerator
[18:15:19] DEPRECATION WARNING: please use MorganGenerator
[18:15:19] DEPRECATION WARNING: please use MorganGenerator
[18:15:19] DEPRECATION WARNING: please use MorganGenerator
[18:15:19] DEPRECATION WARNING: please use MorganGenerator
[18:15:19] DEPRECATION WARNING: please use MorganGenerator
[18:15:19] DEPRECATION WARNING: please use MorganGenerator
[18:15:19] DEPRECATION WARNING: please use MorganGenerator
[18:15:19] DEPRECATION WARNING: please use MorganGenerator
[18:15:19] DEPRECATION WARNING: please use MorganGenerator
[18:15:19] DEPRECATION WARNING: please use MorganGenerator
[18:15:19] DEPRECATION WARNING: please use MorganGenerator
[18:15:19] DEPRECATION WARNING: please use MorganGenerator
[18:15:19] DEPRECATION WARNING: please use MorganGenerator
[18:15:19] DEPRECATION WARNING: please use MorganGenerator
[18:15:19] DEPRECATION WARNING: please use MorganGenerator
[18:15:19] DEPRECATION WARNING: please use MorganGenerator
[18:15:19] DEPRECATION WARNING: please use MorganGenerator
[18:15:19] DEPRECATION WARNING: please use MorganGenerator
[18:15:19] DEPRECATION WARNING: please use MorganGenerator
[18:15:19] DEPRECATION WARNING: please use MorganGenerator
[18:15:19] DEPRECATION WARNING: please use MorganGenerator
[18:15:19] DEPRECATION WARNING: please use MorganGenerator
[18:15:19] DEPRECATION WARNING: please use MorganGenerator
[18:15:19] DEPRECATION WARNING: please use MorganGenerator
[18:15:19] DEPRECATION WARNING: please use MorganGenerator
[18:15:19] DEPRECATION WARNING: please use MorganGenerator
[18:15:19] DEPRECATION WARNING: please use MorganGenerator
[18:15:19] DEPRECATION WARNING: please use MorganGenerator
[18:15:19] DEPRECATION WARNING: please use MorganGenerator
[18:15:19] DEPRECATION WARNING: please use MorganGenerator
[18:15:19] DEPRECATION WARNING: please use MorganGenerator
[18:15:19] DEPRECATION WARNING: please use MorganGenerator
[18:15:19] DEPRECATION WARNING: please use MorganGenerator
[18:15:19] DEPRECATION WARNING: please use MorganGenerator
[18:15:19] DEPRECATION WARNING: please use MorganGenerator
[18:15:19] DEPRECATION WARNING: please use MorganGenerator
[18:15:19] DEPRECATION WARNING: please use MorganGenerator
[18:15:19] DEPRECATION WARNING: please use MorganGenerator
[18:15:19] DEPRECATION WARNING: please use MorganGenerator
[18:15:19] DEPRECATION WARNING: please use MorganGenerator
[18:15:19] DEPRECATION WARNING: please use MorganGenerator
[18:15:19] DEPRECATION WARNING: please use MorganGenerator
[18:15:19] DEPRECATION WARNING: please use MorganGenerator
[18:15:19] DEPRECATION WARNING: please use MorganGenerator
[18:15:19] DEPRECATION WARNING: please use MorganGenerator
[18:15:19] DEPRECATION WARNING: please use MorganGenerator
[18:15:19] DEPRECATION WARNING: please use MorganGenerator
[18:15:19] DEPRECATION WARNING: please use MorganGenerator
[18:15:19] DEPRECATION WARNING: please use MorganGenerator
[18:15:19] DEPRECATION WARNING: please use MorganGenerator
[18:15:19] DEPRECATION WARNING: please use MorganGenerator
[18:15:19] DEPRECATION WARNING: please use MorganGenerator
[18:15:19] DEPRECATION WARNING: please use MorganGenerator
[18:15:19] DEPRECATION WARNING: please use MorganGenerator
[18:15:19] DEPRECATION WARNING: please use MorganGenerator
[18:15:19] DEPRECATION WARNING: please use MorganGenerator
[18:15:19] DEPRECATION WARNING: please use MorganGenerator
[18:15:19] DEPRECATION WARNING: please use MorganGenerator
[18:15:19] DEPRECATION WARNING: please use MorganGenerator
[18:15:19] DEPRECATION WARNING: please use MorganGenerator
[18:15:19] DEPRECATION WARNING: please use MorganGenerator
[18:15:19] DEPRECATION WARNING: please use MorganGenerator
[18:15:19] DEPRECATION WARNING: please use MorganGenerator
[18:15:19] DEPRECATION WARNING: please use MorganGenerator
[18:15:19] DEPRECATION WARNING: please use MorganGenerator
[18:15:19] DEPRECATION WARNING: please use MorganGenerator
[18:15:19] DEPRECATION WARNING: please use MorganGenerator
[18:15:19] DEPRECATION WARNING: please use MorganGenerator
[18:15:19] DEPRECATION WARNING: please use MorganGenerator
[18:15:19] DEPRECATION WARNING: please use MorganGenerator
[18:15:19] DEPRECATION WARNING: please use MorganGenerator
[18:15:19] DEPRECATION WARNING: please use MorganGenerator
[18:15:19] DEPRECATION WARNING: please use MorganGenerator
[18:15:19] DEPRECATION WARNING: please use MorganGenerator
[18:15:19] DEPRECATION WARNING: please use MorganGenerator
[18:15:19] DEPRECATION WARNING: please use MorganGenerator
[18:15:19] DEPRECATION WARNING: please use MorganGenerator
[18:15:19] DEPRECATION WARNING: please use MorganGenerator
[18:15:19] DEPRECATION WARNING: please use MorganGenerator
[18:15:19] DEPRECATION WARNING: please use MorganGenerator
[18:15:19] DEPRECATION WARNING: please use MorganGenerator
[18:15:19] DEPRECATION WARNING: please use MorganGenerator
[18:15:19] DEPRECATION WARNING: please use MorganGenerator
[18:15:19] DEPRECATION WARNING: please use MorganGenerator
[18:15:19] DEPRECATION WARNING: please use MorganGenerator
[18:15:19] DEPRECATION WARNING: please use MorganGenerator
[18:15:19] DEPRECATION WARNING: please use MorganGenerator
[18:15:19] DEPRECATION WARNING: please use MorganGenerator
[18:15:19] DEPRECATION WARNING: please use MorganGenerator
[18:15:19] DEPRECATION WARNING: please use MorganGenerator
[18:15:19] DEPRECATION WARNING: please use MorganGenerator
[18:15:19] DEPRECATION WARNING: please use MorganGenerator
[18:15:19] DEPRECATION WARNING: please use MorganGenerator
[18:15:19] DEPRECATION WARNING: please use MorganGenerator
[18:15:19] DEPRECATION WARNING: please use MorganGenerator
[18:15:19] DEPRECATION WARNING: please use MorganGenerator
[18:15:19] DEPRECATION WARNING: please use MorganGenerator
[18:15:19] DEPRECATION WARNING: please use MorganGenerator
[18:15:19] DEPRECATION WARNING: please use MorganGenerator
[18:15:19] DEPRECATION WARNING: please use MorganGenerator
[18:15:19] DEPRECATION WARNING: please use MorganGenerator
[18:15:19] DEPRECATION WARNING: please use MorganGenerator
[18:15:19] DEPRECATION WARNING: please use MorganGenerator
[18:15:19] DEPRECATION WARNING: please use MorganGenerator
[18:15:19] DEPRECATION WARNING: please use MorganGenerator
[18:15:19] DEPRECATION WARNING: please use MorganGenerator
[18:15:19] DEPRECATION WARNING: please use MorganGenerator
[18:15:19] DEPRECATION WARNING: please use MorganGenerator
[18:15:19] DEPRECATION WARNING: please use MorganGenerator
[18:15:19] DEPRECATION WARNING: please use MorganGenerator
[18:15:19] DEPRECATION WARNING: please use MorganGenerator
[18:15:19] DEPRECATION WARNING: please use MorganGenerator
[18:15:19] DEPRECATION WARNING: please use MorganGenerator
[18:15:19] DEPRECATION WARNING: please use MorganGenerator
[18:15:19] DEPRECATION WARNING: please use MorganGenerator
[18:15:19] DEPRECATION WARNING: please use MorganGenerator
[18:15:19] DEPRECATION WARNING: please use MorganGenerator
[18:15:19] DEPRECATION WARNING: please use MorganGenerator
[18:15:19] DEPRECATION WARNING: please use MorganGenerator
[18:15:19] DEPRECATION WARNING: please use MorganGenerator
[18:15:19] DEPRECATION WARNING: please use MorganGenerator
[18:15:19] DEPRECATION WARNING: please use MorganGenerator
[18:15:19] DEPRECATION WARNING: please use MorganGenerator
[18:15:19] DEPRECATION WARNING: please use MorganGenerator
[18:15:19] DEPRECATION WARNING: please use MorganGenerator
[18:15:19] DEPRECATION WARNING: please use MorganGenerator
[18:15:19] DEPRECATION WARNING: please use MorganGenerator
[18:15:19] DEPRECATION WARNING: please use MorganGenerator
[18:15:19] DEPRECATION WARNING: please use MorganGenerator
[18:15:19] DEPRECATION WARNING: please use MorganGenerator
[18:15:19] DEPRECATION WARNING: please use MorganGenerator
[18:15:19] DEPRECATION WARNING: please use MorganGenerator
[18:15:19] DEPRECATION WARNING: please use MorganGenerator
[18:15:19] DEPRECATION WARNING: please use MorganGenerator
[18:15:19] DEPRECATION WARNING: please use MorganGenerator
[18:15:19] DEPRECATION WARNING: please use MorganGenerator
[18:15:19] DEPRECATION WARNING: please use MorganGenerator
[18:15:19] DEPRECATION WARNING: please use MorganGenerator
[18:15:19] DEPRECATION WARNING: please use MorganGenerator
[18:15:19] DEPRECATION WARNING: please use MorganGenerator
[18:15:19] DEPRECATION WARNING: please use MorganGenerator
[18:15:19] DEPRECATION WARNING: please use MorganGenerator
[18:15:19] DEPRECATION WARNING: please use MorganGenerator
[18:15:19] DEPRECATION WARNING: please use MorganGenerator
[18:15:19] DEPRECATION WARNING: please use MorganGenerator
[18:15:19] DEPRECATION WARNING: please use MorganGenerator
[18:15:19] DEPRECATION WARNING: please use MorganGenerator
[18:15:19] DEPRECATION WARNING: please use MorganGenerator
[18:15:19] DEPRECATION WARNING: please use MorganGenerator
[18:15:19] DEPRECATION WARNING: please use MorganGenerator
[18:15:19] DEPRECATION WARNING: please use MorganGenerator
[18:15:19] DEPRECATION WARNING: please use MorganGenerator
[18:15:19] DEPRECATION WARNING: please use MorganGenerator
[18:15:19] DEPRECATION WARNING: please use MorganGenerator
[18:15:19] DEPRECATION WARNING: please use MorganGenerator
[18:15:19] DEPRECATION WARNING: please use MorganGenerator
[18:15:19] DEPRECATION WARNING: please use MorganGenerator
[18:15:19] DEPRECATION WARNING: please use MorganGenerator
[18:15:19] DEPRECATION WARNING: please use MorganGenerator
[18:15:19] DEPRECATION WARNING: please use MorganGenerator
[18:15:19] DEPRECATION WARNING: please use MorganGenerator
[18:15:19] DEPRECATION WARNING: please use MorganGenerator
[18:15:19] DEPRECATION WARNING: please use MorganGenerator
[18:15:19] DEPRECATION WARNING: please use MorganGenerator
[18:15:19] DEPRECATION WARNING: please use MorganGenerator
[18:15:19] DEPRECATION WARNING: please use MorganGenerator
[18:15:19] DEPRECATION WARNING: please use MorganGenerator
[18:15:19] DEPRECATION WARNING: please use MorganGenerator
[18:15:19] DEPRECATION WARNING: please use MorganGenerator
[18:15:19] DEPRECATION WARNING: please use MorganGenerator
[18:15:19] DEPRECATION WARNING: please use MorganGenerator
[18:15:19] DEPRECATION WARNING: please use MorganGenerator
[18:15:19] DEPRECATION WARNING: please use MorganGenerator
[18:15:19] DEPRECATION WARNING: please use MorganGenerator
[18:15:19] DEPRECATION WARNING: please use MorganGenerator
[18:15:19] DEPRECATION WARNING: please use MorganGenerator
[18:15:19] DEPRECATION WARNING: please use MorganGenerator
[18:15:19] DEPRECATION WARNING: please use MorganGenerator
[18:15:19] DEPRECATION WARNING: please use MorganGenerator
[18:15:19] DEPRECATION WARNING: please use MorganGenerator
[18:15:19] DEPRECATION WARNING: please use MorganGenerator
[18:15:19] DEPRECATION WARNING: please use MorganGenerator
[18:15:19] DEPRECATION WARNING: please use MorganGenerator
[18:15:19] DEPRECATION WARNING: please use MorganGenerator
[18:15:19] DEPRECATION WARNING: please use MorganGenerator
[18:15:19] DEPRECATION WARNING: please use MorganGenerator
[18:15:19] DEPRECATION WARNING: please use MorganGenerator
[18:15:19] DEPRECATION WARNING: please use MorganGenerator
[18:15:19] DEPRECATION WARNING: please use MorganGenerator
[18:15:19] DEPRECATION WARNING: please use MorganGenerator
[18:15:19] DEPRECATION WARNING: please use MorganGenerator
[18:15:19] DEPRECATION WARNING: please use MorganGenerator
[18:15:19] DEPRECATION WARNING: please use MorganGenerator
[18:15:19] DEPRECATION WARNING: please use MorganGenerator
[18:15:19] DEPRECATION WARNING: please use MorganGenerator
[18:15:19] DEPRECATION WARNING: please use MorganGenerator
[18:15:19] DEPRECATION WARNING: please use MorganGenerator
[18:15:19] DEPRECATION WARNING: please use MorganGenerator
[18:15:19] DEPRECATION WARNING: please use MorganGenerator
[18:15:19] DEPRECATION WARNING: please use MorganGenerator
[18:15:19] DEPRECATION WARNING: please use MorganGenerator
[18:15:19] DEPRECATION WARNING: please use MorganGenerator
[18:15:19] DEPRECATION WARNING: please use MorganGenerator
[18:15:19] DEPRECATION WARNING: please use MorganGenerator
[18:15:19] DEPRECATION WARNING: please use MorganGenerator
[18:15:19] DEPRECATION WARNING: please use MorganGenerator
[18:15:19] DEPRECATION WARNING: please use MorganGenerator
[18:15:19] DEPRECATION WARNING: please use MorganGenerator
[18:15:19] DEPRECATION WARNING: please use MorganGenerator
[18:15:19] DEPRECATION WARNING: please use MorganGenerator
[18:15:19] DEPRECATION WARNING: please use MorganGenerator
[18:15:19] DEPRECATION WARNING: please use MorganGenerator
[18:15:19] DEPRECATION WARNING: please use MorganGenerator
[18:15:19] DEPRECATION WARNING: please use MorganGenerator
[18:15:19] DEPRECATION WARNING: please use MorganGenerator
[18:15:19] DEPRECATION WARNING: please use MorganGenerator
[18:15:19] DEPRECATION WARNING: please use MorganGenerator
[18:15:19] DEPRECATION WARNING: please use MorganGenerator
[18:15:19] DEPRECATION WARNING: please use MorganGenerator
[18:15:19] DEPRECATION WARNING: please use MorganGenerator
[18:15:19] DEPRECATION WARNING: please use MorganGenerator
[18:15:19] DEPRECATION WARNING: please use MorganGenerator
[18:15:19] DEPRECATION WARNING: please use MorganGenerator
[18:15:19] DEPRECATION WARNING: please use MorganGenerator
[18:15:19] DEPRECATION WARNING: please use MorganGenerator
[18:15:19] DEPRECATION WARNING: please use MorganGenerator
[18:15:19] DEPRECATION WARNING: please use MorganGenerator
[18:15:19] DEPRECATION WARNING: please use MorganGenerator
[18:15:19] DEPRECATION WARNING: please use MorganGenerator
[18:15:19] DEPRECATION WARNING: please use MorganGenerator
[18:15:19] DEPRECATION WARNING: please use MorganGenerator
[18:15:19] DEPRECATION WARNING: please use MorganGenerator
[18:15:19] DEPRECATION WARNING: please use MorganGenerator
[18:15:19] DEPRECATION WARNING: please use MorganGenerator
[18:15:19] DEPRECATION WARNING: please use MorganGenerator
[18:15:19] DEPRECATION WARNING: please use MorganGenerator
[18:15:19] DEPRECATION WARNING: please use MorganGenerator
[18:15:19] DEPRECATION WARNING: please use MorganGenerator
[18:15:19] DEPRECATION WARNING: please use MorganGenerator
[18:15:19] DEPRECATION WARNING: please use MorganGenerator
[18:15:19] DEPRECATION WARNING: please use MorganGenerator
[18:15:19] DEPRECATION WARNING: please use MorganGenerator
[18:15:19] DEPRECATION WARNING: please use MorganGenerator
[18:15:19] DEPRECATION WARNING: please use MorganGenerator
[18:15:19] DEPRECATION WARNING: please use MorganGenerator
[18:15:19] DEPRECATION WARNING: please use MorganGenerator
[18:15:19] DEPRECATION WARNING: please use MorganGenerator
[18:15:19] DEPRECATION WARNING: please use MorganGenerator
[18:15:19] DEPRECATION WARNING: please use MorganGenerator
[18:15:19] DEPRECATION WARNING: please use MorganGenerator
[18:15:19] DEPRECATION WARNING: please use MorganGenerator
[18:15:19] DEPRECATION WARNING: please use MorganGenerator
[18:15:19] DEPRECATION WARNING: please use MorganGenerator
[18:15:19] DEPRECATION WARNING: please use MorganGenerator
[18:15:19] DEPRECATION WARNING: please use MorganGenerator
[18:15:19] DEPRECATION WARNING: please use MorganGenerator
[18:15:19] DEPRECATION WARNING: please use MorganGenerator
[18:15:19] DEPRECATION WARNING: please use MorganGenerator
[18:15:19] DEPRECATION WARNING: please use MorganGenerator
[18:15:19] DEPRECATION WARNING: please use MorganGenerator
[18:15:19] DEPRECATION WARNING: please use MorganGenerator
[18:15:19] DEPRECATION WARNING: please use MorganGenerator
[18:15:19] DEPRECATION WARNING: please use MorganGenerator
[18:15:19] DEPRECATION WARNING: please use MorganGenerator
[18:15:19] DEPRECATION WARNING: please use MorganGenerator
[18:15:19] DEPRECATION WARNING: please use MorganGenerator
[18:15:19] DEPRECATION WARNING: please use MorganGenerator
[18:15:19] DEPRECATION WARNING: please use MorganGenerator
[18:15:19] DEPRECATION WARNING: please use MorganGenerator
[18:15:19] DEPRECATION WARNING: please use MorganGenerator
[18:15:19] DEPRECATION WARNING: please use MorganGenerator
[18:15:19] DEPRECATION WARNING: please use MorganGenerator
[18:15:19] DEPRECATION WARNING: please use MorganGenerator
[18:15:19] DEPRECATION WARNING: please use MorganGenerator
[18:15:19] DEPRECATION WARNING: please use MorganGenerator
[18:15:19] DEPRECATION WARNING: please use MorganGenerator
[18:15:19] DEPRECATION WARNING: please use MorganGenerator
[18:15:19] DEPRECATION WARNING: please use MorganGenerator
[18:15:19] DEPRECATION WARNING: please use MorganGenerator
[18:15:19] DEPRECATION WARNING: please use MorganGenerator
[18:15:19] DEPRECATION WARNING: please use MorganGenerator
[18:15:19] DEPRECATION WARNING: please use MorganGenerator
[18:15:19] DEPRECATION WARNING: please use MorganGenerator
[18:15:19] DEPRECATION WARNING: please use MorganGenerator
[18:15:19] DEPRECATION WARNING: please use MorganGenerator
[18:15:19] DEPRECATION WARNING: please use MorganGenerator
[18:15:19] DEPRECATION WARNING: please use MorganGenerator
[18:15:19] DEPRECATION WARNING: please use MorganGenerator
[18:15:19] DEPRECATION WARNING: please use MorganGenerator
[18:15:19] DEPRECATION WARNING: please use MorganGenerator
[18:15:19] DEPRECATION WARNING: please use MorganGenerator
[18:15:19] DEPRECATION WARNING: please use MorganGenerator
[18:15:19] DEPRECATION WARNING: please use MorganGenerator
[18:15:19] DEPRECATION WARNING: please use MorganGenerator
[18:15:19] DEPRECATION WARNING: please use MorganGenerator
[18:15:19] DEPRECATION WARNING: please use MorganGenerator
[18:15:19] DEPRECATION WARNING: please use MorganGenerator
[18:15:19] DEPRECATION WARNING: please use MorganGenerator
[18:15:19] DEPRECATION WARNING: please use MorganGenerator
[18:15:19] DEPRECATION WARNING: please use MorganGenerator
[18:15:19] DEPRECATION WARNING: please use MorganGenerator
[18:15:19] DEPRECATION WARNING: please use MorganGenerator
[18:15:19] DEPRECATION WARNING: please use MorganGenerator
[18:15:19] DEPRECATION WARNING: please use MorganGenerator
[18:15:19] DEPRECATION WARNING: please use MorganGenerator
[18:15:19] DEPRECATION WARNING: please use MorganGenerator
[18:15:19] DEPRECATION WARNING: please use MorganGenerator
[18:15:19] DEPRECATION WARNING: please use MorganGenerator
[18:15:19] DEPRECATION WARNING: please use MorganGenerator
[18:15:19] DEPRECATION WARNING: please use MorganGenerator
[18:15:19] DEPRECATION WARNING: please use MorganGenerator
[18:15:19] DEPRECATION WARNING: please use MorganGenerator
[18:15:19] DEPRECATION WARNING: please use MorganGenerator
[18:15:19] DEPRECATION WARNING: please use MorganGenerator
[18:15:19] DEPRECATION WARNING: please use MorganGenerator
[18:15:19] DEPRECATION WARNING: please use MorganGenerator
[18:15:19] DEPRECATION WARNING: please use MorganGenerator
[18:15:19] DEPRECATION WARNING: please use MorganGenerator
[18:15:19] DEPRECATION WARNING: please use MorganGenerator
[18:15:19] DEPRECATION WARNING: please use MorganGenerator
[18:15:19] DEPRECATION WARNING: please use MorganGenerator
[18:15:19] DEPRECATION WARNING: please use MorganGenerator
[18:15:19] DEPRECATION WARNING: please use MorganGenerator
[18:15:19] DEPRECATION WARNING: please use MorganGenerator
[18:15:19] DEPRECATION WARNING: please use MorganGenerator
[18:15:19] DEPRECATION WARNING: please use MorganGenerator
[18:15:19] DEPRECATION WARNING: please use MorganGenerator
[18:15:19] DEPRECATION WARNING: please use MorganGenerator
[18:15:19] DEPRECATION WARNING: please use MorganGenerator
[18:15:19] DEPRECATION WARNING: please use MorganGenerator
[18:15:19] DEPRECATION WARNING: please use MorganGenerator
[18:15:19] DEPRECATION WARNING: please use MorganGenerator
[18:15:19] DEPRECATION WARNING: please use MorganGenerator
[18:15:19] DEPRECATION WARNING: please use MorganGenerator
[18:15:19] DEPRECATION WARNING: please use MorganGenerator
[18:15:19] DEPRECATION WARNING: please use MorganGenerator
[18:15:19] DEPRECATION WARNING: please use MorganGenerator
[18:15:19] DEPRECATION WARNING: please use MorganGenerator
[18:15:19] DEPRECATION WARNING: please use MorganGenerator
[18:15:20] DEPRECATION WARNING: please use MorganGenerator
[18:15:20] DEPRECATION WARNING: please use MorganGenerator
[18:15:20] DEPRECATION WARNING: please use MorganGenerator
[18:15:20] DEPRECATION WARNING: please use MorganGenerator
[18:15:20] DEPRECATION WARNING: please use MorganGenerator
[18:15:20] DEPRECATION WARNING: please use MorganGenerator
[18:15:20] DEPRECATION WARNING: please use MorganGenerator
[18:15:20] DEPRECATION WARNING: please use MorganGenerator
[18:15:20] DEPRECATION WARNING: please use MorganGenerator
[18:15:20] DEPRECATION WARNING: please use MorganGenerator
[18:15:20] DEPRECATION WARNING: please use MorganGenerator
[18:15:20] DEPRECATION WARNING: please use MorganGenerator
[18:15:20] DEPRECATION WARNING: please use MorganGenerator
[18:15:20] DEPRECATION WARNING: please use MorganGenerator
[18:15:20] DEPRECATION WARNING: please use MorganGenerator
[18:15:20] DEPRECATION WARNING: please use MorganGenerator
[18:15:20] DEPRECATION WARNING: please use MorganGenerator
[18:15:20] DEPRECATION WARNING: please use MorganGenerator
[18:15:20] DEPRECATION WARNING: please use MorganGenerator
[18:15:20] DEPRECATION WARNING: please use MorganGenerator
[18:15:20] DEPRECATION WARNING: please use MorganGenerator
[18:15:20] DEPRECATION WARNING: please use MorganGenerator
[18:15:20] DEPRECATION WARNING: please use MorganGenerator
[18:15:20] DEPRECATION WARNING: please use MorganGenerator
[18:15:20] DEPRECATION WARNING: please use MorganGenerator
[18:15:20] DEPRECATION WARNING: please use MorganGenerator
[18:15:20] DEPRECATION WARNING: please use MorganGenerator
[18:15:20] DEPRECATION WARNING: please use MorganGenerator
[18:15:20] DEPRECATION WARNING: please use MorganGenerator
[18:15:20] DEPRECATION WARNING: please use MorganGenerator
[18:15:20] DEPRECATION WARNING: please use MorganGenerator
[18:15:20] DEPRECATION WARNING: please use MorganGenerator
[18:15:20] DEPRECATION WARNING: please use MorganGenerator
[18:15:20] DEPRECATION WARNING: please use MorganGenerator
[18:15:20] DEPRECATION WARNING: please use MorganGenerator
[18:15:20] DEPRECATION WARNING: please use MorganGenerator
[18:15:20] DEPRECATION WARNING: please use MorganGenerator
[18:15:20] DEPRECATION WARNING: please use MorganGenerator
[18:15:20] DEPRECATION WARNING: please use MorganGenerator
[18:15:20] DEPRECATION WARNING: please use MorganGenerator
[18:15:20] DEPRECATION WARNING: please use MorganGenerator
[18:15:20] DEPRECATION WARNING: please use MorganGenerator
[18:15:20] DEPRECATION WARNING: please use MorganGenerator
[18:15:20] DEPRECATION WARNING: please use MorganGenerator
[18:15:20] DEPRECATION WARNING: please use MorganGenerator
[18:15:20] DEPRECATION WARNING: please use MorganGenerator
[18:15:20] DEPRECATION WARNING: please use MorganGenerator
[18:15:20] DEPRECATION WARNING: please use MorganGenerator
[18:15:20] DEPRECATION WARNING: please use MorganGenerator
[18:15:20] DEPRECATION WARNING: please use MorganGenerator
[18:15:20] DEPRECATION WARNING: please use MorganGenerator
[18:15:20] DEPRECATION WARNING: please use MorganGenerator
[18:15:20] DEPRECATION WARNING: please use MorganGenerator
[18:15:20] DEPRECATION WARNING: please use MorganGenerator
[18:15:20] DEPRECATION WARNING: please use MorganGenerator
[18:15:20] DEPRECATION WARNING: please use MorganGenerator
[18:15:20] DEPRECATION WARNING: please use MorganGenerator
[18:15:20] DEPRECATION WARNING: please use MorganGenerator
[18:15:20] DEPRECATION WARNING: please use MorganGenerator
[18:15:20] DEPRECATION WARNING: please use MorganGenerator
[18:15:20] DEPRECATION WARNING: please use MorganGenerator
[18:15:20] DEPRECATION WARNING: please use MorganGenerator
[18:15:20] DEPRECATION WARNING: please use MorganGenerator
[18:15:20] DEPRECATION WARNING: please use MorganGenerator
[18:15:20] DEPRECATION WARNING: please use MorganGenerator
[18:15:20] DEPRECATION WARNING: please use MorganGenerator
[18:15:20] DEPRECATION WARNING: please use MorganGenerator
[18:15:20] DEPRECATION WARNING: please use MorganGenerator
[18:15:20] DEPRECATION WARNING: please use MorganGenerator
[18:15:20] DEPRECATION WARNING: please use MorganGenerator
[18:15:20] DEPRECATION WARNING: please use MorganGenerator
[18:15:20] DEPRECATION WARNING: please use MorganGenerator
[18:15:20] DEPRECATION WARNING: please use MorganGenerator
[18:15:20] DEPRECATION WARNING: please use MorganGenerator
[18:15:20] DEPRECATION WARNING: please use MorganGenerator
[18:15:20] DEPRECATION WARNING: please use MorganGenerator
[18:15:20] DEPRECATION WARNING: please use MorganGenerator
[18:15:20] DEPRECATION WARNING: please use MorganGenerator
[18:15:20] DEPRECATION WARNING: please use MorganGenerator
[18:15:20] DEPRECATION WARNING: please use MorganGenerator
[18:15:20] DEPRECATION WARNING: please use MorganGenerator
[18:15:20] DEPRECATION WARNING: please use MorganGenerator
[18:15:20] DEPRECATION WARNING: please use MorganGenerator
[18:15:20] DEPRECATION WARNING: please use MorganGenerator
[18:15:20] DEPRECATION WARNING: please use MorganGenerator
[18:15:20] DEPRECATION WARNING: please use MorganGenerator
[18:15:20] DEPRECATION WARNING: please use MorganGenerator
[18:15:20] DEPRECATION WARNING: please use MorganGenerator
[18:15:20] DEPRECATION WARNING: please use MorganGenerator
[18:15:20] DEPRECATION WARNING: please use MorganGenerator
[18:15:20] DEPRECATION WARNING: please use MorganGenerator
[18:15:20] DEPRECATION WARNING: please use MorganGenerator
[18:15:20] DEPRECATION WARNING: please use MorganGenerator
[18:15:20] DEPRECATION WARNING: please use MorganGenerator
[18:15:20] DEPRECATION WARNING: please use MorganGenerator
[18:15:20] DEPRECATION WARNING: please use MorganGenerator
[18:15:20] DEPRECATION WARNING: please use MorganGenerator
[18:15:20] DEPRECATION WARNING: please use MorganGenerator
[18:15:20] DEPRECATION WARNING: please use MorganGenerator
[18:15:20] DEPRECATION WARNING: please use MorganGenerator
[18:15:20] DEPRECATION WARNING: please use MorganGenerator
[18:15:20] DEPRECATION WARNING: please use MorganGenerator
[18:15:20] DEPRECATION WARNING: please use MorganGenerator
[18:15:20] DEPRECATION WARNING: please use MorganGenerator
[18:15:20] DEPRECATION WARNING: please use MorganGenerator
[18:15:20] DEPRECATION WARNING: please use MorganGenerator
[18:15:20] DEPRECATION WARNING: please use MorganGenerator
[18:15:20] DEPRECATION WARNING: please use MorganGenerator
[18:15:20] DEPRECATION WARNING: please use MorganGenerator
[18:15:20] DEPRECATION WARNING: please use MorganGenerator
[18:15:20] DEPRECATION WARNING: please use MorganGenerator
[18:15:20] DEPRECATION WARNING: please use MorganGenerator
[18:15:20] DEPRECATION WARNING: please use MorganGenerator
[18:15:20] DEPRECATION WARNING: please use MorganGenerator
[18:15:20] DEPRECATION WARNING: please use MorganGenerator
[18:15:20] DEPRECATION WARNING: please use MorganGenerator
[18:15:20] DEPRECATION WARNING: please use MorganGenerator
[18:15:20] DEPRECATION WARNING: please use MorganGenerator
[18:15:20] DEPRECATION WARNING: please use MorganGenerator
[18:15:20] DEPRECATION WARNING: please use MorganGenerator
[18:15:20] DEPRECATION WARNING: please use MorganGenerator
[18:15:20] DEPRECATION WARNING: please use MorganGenerator
[18:15:20] DEPRECATION WARNING: please use MorganGenerator
[18:15:20] DEPRECATION WARNING: please use MorganGenerator
[18:15:20] DEPRECATION WARNING: please use MorganGenerator
[18:15:20] DEPRECATION WARNING: please use MorganGenerator
[18:15:20] DEPRECATION WARNING: please use MorganGenerator
[18:15:20] DEPRECATION WARNING: please use MorganGenerator
[18:15:20] DEPRECATION WARNING: please use MorganGenerator
[18:15:20] DEPRECATION WARNING: please use MorganGenerator
[18:15:20] DEPRECATION WARNING: please use MorganGenerator
[18:15:20] DEPRECATION WARNING: please use MorganGenerator
[18:15:20] DEPRECATION WARNING: please use MorganGenerator
[18:15:20] DEPRECATION WARNING: please use MorganGenerator
[18:15:20] DEPRECATION WARNING: please use MorganGenerator
[18:15:20] DEPRECATION WARNING: please use MorganGenerator
[18:15:20] DEPRECATION WARNING: please use MorganGenerator
[18:15:20] DEPRECATION WARNING: please use MorganGenerator
[18:15:20] DEPRECATION WARNING: please use MorganGenerator
[18:15:20] DEPRECATION WARNING: please use MorganGenerator
[18:15:20] DEPRECATION WARNING: please use MorganGenerator
[18:15:20] DEPRECATION WARNING: please use MorganGenerator
[18:15:20] DEPRECATION WARNING: please use MorganGenerator
[18:15:20] DEPRECATION WARNING: please use MorganGenerator
[18:15:20] DEPRECATION WARNING: please use MorganGenerator
[18:15:20] DEPRECATION WARNING: please use MorganGenerator
[18:15:20] DEPRECATION WARNING: please use MorganGenerator
[18:15:20] DEPRECATION WARNING: please use MorganGenerator
[18:15:20] DEPRECATION WARNING: please use MorganGenerator
[18:15:20] DEPRECATION WARNING: please use MorganGenerator
[18:15:20] DEPRECATION WARNING: please use MorganGenerator
[18:15:20] DEPRECATION WARNING: please use MorganGenerator
[18:15:20] DEPRECATION WARNING: please use MorganGenerator
[18:15:20] DEPRECATION WARNING: please use MorganGenerator
[18:15:20] DEPRECATION WARNING: please use MorganGenerator
[18:15:20] DEPRECATION WARNING: please use MorganGenerator
[18:15:20] DEPRECATION WARNING: please use MorganGenerator
[18:15:20] DEPRECATION WARNING: please use MorganGenerator
[18:15:20] DEPRECATION WARNING: please use MorganGenerator
[18:15:20] DEPRECATION WARNING: please use MorganGenerator
[18:15:20] DEPRECATION WARNING: please use MorganGenerator
[18:15:20] DEPRECATION WARNING: please use MorganGenerator
[18:15:20] DEPRECATION WARNING: please use MorganGenerator
[18:15:20] DEPRECATION WARNING: please use MorganGenerator
[18:15:20] DEPRECATION WARNING: please use MorganGenerator
[18:15:20] DEPRECATION WARNING: please use MorganGenerator
[18:15:20] DEPRECATION WARNING: please use MorganGenerator
[18:15:20] DEPRECATION WARNING: please use MorganGenerator
[18:15:20] DEPRECATION WARNING: please use MorganGenerator
[18:15:20] DEPRECATION WARNING: please use MorganGenerator
[18:15:20] DEPRECATION WARNING: please use MorganGenerator
[18:15:20] DEPRECATION WARNING: please use MorganGenerator
[18:15:20] DEPRECATION WARNING: please use MorganGenerator
[18:15:20] DEPRECATION WARNING: please use MorganGenerator
[18:15:20] DEPRECATION WARNING: please use MorganGenerator
[18:15:20] DEPRECATION WARNING: please use MorganGenerator
[18:15:20] DEPRECATION WARNING: please use MorganGenerator
[18:15:20] DEPRECATION WARNING: please use MorganGenerator
[18:15:20] DEPRECATION WARNING: please use MorganGenerator
[18:15:20] DEPRECATION WARNING: please use MorganGenerator
[18:15:20] DEPRECATION WARNING: please use MorganGenerator
[18:15:20] DEPRECATION WARNING: please use MorganGenerator
[18:15:20] DEPRECATION WARNING: please use MorganGenerator
[18:15:20] DEPRECATION WARNING: please use MorganGenerator
[18:15:20] DEPRECATION WARNING: please use MorganGenerator
[18:15:20] DEPRECATION WARNING: please use MorganGenerator
[18:15:20] DEPRECATION WARNING: please use MorganGenerator
[18:15:20] DEPRECATION WARNING: please use MorganGenerator
[18:15:20] DEPRECATION WARNING: please use MorganGenerator
[18:15:20] DEPRECATION WARNING: please use MorganGenerator
[18:15:20] DEPRECATION WARNING: please use MorganGenerator
[18:15:20] DEPRECATION WARNING: please use MorganGenerator
[18:15:20] DEPRECATION WARNING: please use MorganGenerator
[18:15:20] DEPRECATION WARNING: please use MorganGenerator
[18:15:20] DEPRECATION WARNING: please use MorganGenerator
[18:15:20] DEPRECATION WARNING: please use MorganGenerator
[18:15:20] DEPRECATION WARNING: please use MorganGenerator
[18:15:20] DEPRECATION WARNING: please use MorganGenerator
[18:15:20] DEPRECATION WARNING: please use MorganGenerator
[18:15:20] DEPRECATION WARNING: please use MorganGenerator
[18:15:20] DEPRECATION WARNING: please use MorganGenerator
[18:15:20] DEPRECATION WARNING: please use MorganGenerator
[18:15:20] DEPRECATION WARNING: please use MorganGenerator
[18:15:20] DEPRECATION WARNING: please use MorganGenerator
[18:15:20] DEPRECATION WARNING: please use MorganGenerator
[18:15:20] DEPRECATION WARNING: please use MorganGenerator
[18:15:20] DEPRECATION WARNING: please use MorganGenerator
[18:15:20] DEPRECATION WARNING: please use MorganGenerator
[18:15:20] DEPRECATION WARNING: please use MorganGenerator
[18:15:20] DEPRECATION WARNING: please use MorganGenerator
[18:15:20] DEPRECATION WARNING: please use MorganGenerator
[18:15:20] DEPRECATION WARNING: please use MorganGenerator
[18:15:20] DEPRECATION WARNING: please use MorganGenerator
[18:15:20] DEPRECATION WARNING: please use MorganGenerator
[18:15:20] DEPRECATION WARNING: please use MorganGenerator
[18:15:20] DEPRECATION WARNING: please use MorganGenerator
[18:15:20] DEPRECATION WARNING: please use MorganGenerator
[18:15:20] DEPRECATION WARNING: please use MorganGenerator
[18:15:20] DEPRECATION WARNING: please use MorganGenerator
[18:15:20] DEPRECATION WARNING: please use MorganGenerator
[18:15:20] DEPRECATION WARNING: please use MorganGenerator
[18:15:20] DEPRECATION WARNING: please use MorganGenerator
[18:15:20] DEPRECATION WARNING: please use MorganGenerator
[18:15:20] DEPRECATION WARNING: please use MorganGenerator
[18:15:20] DEPRECATION WARNING: please use MorganGenerator
[18:15:20] DEPRECATION WARNING: please use MorganGenerator
[18:15:20] DEPRECATION WARNING: please use MorganGenerator
[18:15:20] DEPRECATION WARNING: please use MorganGenerator
[18:15:20] DEPRECATION WARNING: please use MorganGenerator
[18:15:20] DEPRECATION WARNING: please use MorganGenerator
[18:15:20] DEPRECATION WARNING: please use MorganGenerator
[18:15:20] DEPRECATION WARNING: please use MorganGenerator
[18:15:20] DEPRECATION WARNING: please use MorganGenerator
[18:15:20] DEPRECATION WARNING: please use MorganGenerator
[18:15:20] DEPRECATION WARNING: please use MorganGenerator
[18:15:20] DEPRECATION WARNING: please use MorganGenerator
[18:15:20] DEPRECATION WARNING: please use MorganGenerator
[18:15:20] DEPRECATION WARNING: please use MorganGenerator
[18:15:20] DEPRECATION WARNING: please use MorganGenerator
[18:15:20] DEPRECATION WARNING: please use MorganGenerator
[18:15:20] DEPRECATION WARNING: please use MorganGenerator
[18:15:20] DEPRECATION WARNING: please use MorganGenerator
[18:15:20] DEPRECATION WARNING: please use MorganGenerator
[18:15:20] DEPRECATION WARNING: please use MorganGenerator
[18:15:20] DEPRECATION WARNING: please use MorganGenerator
[18:15:20] DEPRECATION WARNING: please use MorganGenerator
[18:15:20] DEPRECATION WARNING: please use MorganGenerator
[18:15:20] DEPRECATION WARNING: please use MorganGenerator
[18:15:20] DEPRECATION WARNING: please use MorganGenerator
[18:15:20] DEPRECATION WARNING: please use MorganGenerator
[18:15:20] DEPRECATION WARNING: please use MorganGenerator
[18:15:20] DEPRECATION WARNING: please use MorganGenerator
[18:15:20] DEPRECATION WARNING: please use MorganGenerator
[18:15:20] DEPRECATION WARNING: please use MorganGenerator
[18:15:20] DEPRECATION WARNING: please use MorganGenerator
[18:15:20] DEPRECATION WARNING: please use MorganGenerator
[18:15:20] DEPRECATION WARNING: please use MorganGenerator
[18:15:20] DEPRECATION WARNING: please use MorganGenerator
[18:15:20] DEPRECATION WARNING: please use MorganGenerator
[18:15:20] DEPRECATION WARNING: please use MorganGenerator
[18:15:20] DEPRECATION WARNING: please use MorganGenerator
[18:15:20] DEPRECATION WARNING: please use MorganGenerator
[18:15:20] DEPRECATION WARNING: please use MorganGenerator
[18:15:20] DEPRECATION WARNING: please use MorganGenerator
[18:15:20] DEPRECATION WARNING: please use MorganGenerator
[18:15:20] DEPRECATION WARNING: please use MorganGenerator
[18:15:20] DEPRECATION WARNING: please use MorganGenerator
[18:15:20] DEPRECATION WARNING: please use MorganGenerator
[18:15:20] DEPRECATION WARNING: please use MorganGenerator
[18:15:20] DEPRECATION WARNING: please use MorganGenerator
[18:15:20] DEPRECATION WARNING: please use MorganGenerator
[18:15:20] DEPRECATION WARNING: please use MorganGenerator
[18:15:20] DEPRECATION WARNING: please use MorganGenerator
[18:15:20] DEPRECATION WARNING: please use MorganGenerator
[18:15:20] DEPRECATION WARNING: please use MorganGenerator
[18:15:20] DEPRECATION WARNING: please use MorganGenerator
[18:15:20] DEPRECATION WARNING: please use MorganGenerator
[18:15:20] DEPRECATION WARNING: please use MorganGenerator
[18:15:20] DEPRECATION WARNING: please use MorganGenerator
[18:15:20] DEPRECATION WARNING: please use MorganGenerator
[18:15:20] DEPRECATION WARNING: please use MorganGenerator
[18:15:20] DEPRECATION WARNING: please use MorganGenerator
[18:15:20] DEPRECATION WARNING: please use MorganGenerator
[18:15:20] DEPRECATION WARNING: please use MorganGenerator
[18:15:20] DEPRECATION WARNING: please use MorganGenerator
[18:15:20] DEPRECATION WARNING: please use MorganGenerator
[18:15:20] DEPRECATION WARNING: please use MorganGenerator
[18:15:20] DEPRECATION WARNING: please use MorganGenerator
[18:15:20] DEPRECATION WARNING: please use MorganGenerator
[18:15:20] DEPRECATION WARNING: please use MorganGenerator
[18:15:20] DEPRECATION WARNING: please use MorganGenerator
[18:15:20] DEPRECATION WARNING: please use MorganGenerator
[18:15:20] DEPRECATION WARNING: please use MorganGenerator
[18:15:20] DEPRECATION WARNING: please use MorganGenerator
[18:15:20] DEPRECATION WARNING: please use MorganGenerator
[18:15:20] DEPRECATION WARNING: please use MorganGenerator
[18:15:20] DEPRECATION WARNING: please use MorganGenerator
[18:15:20] DEPRECATION WARNING: please use MorganGenerator
[18:15:20] DEPRECATION WARNING: please use MorganGenerator
[18:15:20] DEPRECATION WARNING: please use MorganGenerator
[18:15:20] DEPRECATION WARNING: please use MorganGenerator
[18:15:20] DEPRECATION WARNING: please use MorganGenerator
[18:15:20] DEPRECATION WARNING: please use MorganGenerator
[18:15:20] DEPRECATION WARNING: please use MorganGenerator
[18:15:20] DEPRECATION WARNING: please use MorganGenerator
[18:15:20] DEPRECATION WARNING: please use MorganGenerator
[18:15:20] DEPRECATION WARNING: please use MorganGenerator
[18:15:20] DEPRECATION WARNING: please use MorganGenerator
[18:15:20] DEPRECATION WARNING: please use MorganGenerator
[18:15:20] DEPRECATION WARNING: please use MorganGenerator
[18:15:20] DEPRECATION WARNING: please use MorganGenerator
[18:15:20] DEPRECATION WARNING: please use MorganGenerator
[18:15:20] DEPRECATION WARNING: please use MorganGenerator
[18:15:20] DEPRECATION WARNING: please use MorganGenerator
[18:15:20] DEPRECATION WARNING: please use MorganGenerator
[18:15:20] DEPRECATION WARNING: please use MorganGenerator
[18:15:20] DEPRECATION WARNING: please use MorganGenerator
[18:15:20] DEPRECATION WARNING: please use MorganGenerator
[18:15:20] DEPRECATION WARNING: please use MorganGenerator
[18:15:20] DEPRECATION WARNING: please use MorganGenerator
[18:15:20] DEPRECATION WARNING: please use MorganGenerator
[18:15:20] DEPRECATION WARNING: please use MorganGenerator
[18:15:20] DEPRECATION WARNING: please use MorganGenerator
[18:15:20] DEPRECATION WARNING: please use MorganGenerator
[18:15:20] DEPRECATION WARNING: please use MorganGenerator
[18:15:20] DEPRECATION WARNING: please use MorganGenerator
[18:15:20] DEPRECATION WARNING: please use MorganGenerator
[18:15:20] DEPRECATION WARNING: please use MorganGenerator
[18:15:20] DEPRECATION WARNING: please use MorganGenerator
[18:15:20] DEPRECATION WARNING: please use MorganGenerator
[18:15:20] DEPRECATION WARNING: please use MorganGenerator
[18:15:20] DEPRECATION WARNING: please use MorganGenerator
[18:15:20] DEPRECATION WARNING: please use MorganGenerator
[18:15:20] DEPRECATION WARNING: please use MorganGenerator
[18:15:20] DEPRECATION WARNING: please use MorganGenerator
[18:15:20] DEPRECATION WARNING: please use MorganGenerator
[18:15:20] DEPRECATION WARNING: please use MorganGenerator
[18:15:20] DEPRECATION WARNING: please use MorganGenerator
[18:15:20] DEPRECATION WARNING: please use MorganGenerator
[18:15:20] DEPRECATION WARNING: please use MorganGenerator
[18:15:20] DEPRECATION WARNING: please use MorganGenerator
[18:15:20] DEPRECATION WARNING: please use MorganGenerator
[18:15:20] DEPRECATION WARNING: please use MorganGenerator
[18:15:20] DEPRECATION WARNING: please use MorganGenerator
[18:15:20] DEPRECATION WARNING: please use MorganGenerator
[18:15:20] DEPRECATION WARNING: please use MorganGenerator
[18:15:20] DEPRECATION WARNING: please use MorganGenerator
[18:15:20] DEPRECATION WARNING: please use MorganGenerator
[18:15:20] DEPRECATION WARNING: please use MorganGenerator
[18:15:20] DEPRECATION WARNING: please use MorganGenerator
[18:15:20] DEPRECATION WARNING: please use MorganGenerator
[18:15:20] DEPRECATION WARNING: please use MorganGenerator
[18:15:20] DEPRECATION WARNING: please use MorganGenerator
[18:15:20] DEPRECATION WARNING: please use MorganGenerator
[18:15:20] DEPRECATION WARNING: please use MorganGenerator
[18:15:20] DEPRECATION WARNING: please use MorganGenerator
[18:15:20] DEPRECATION WARNING: please use MorganGenerator
[18:15:20] DEPRECATION WARNING: please use MorganGenerator
[18:15:20] DEPRECATION WARNING: please use MorganGenerator
[18:15:20] DEPRECATION WARNING: please use MorganGenerator
[18:15:20] DEPRECATION WARNING: please use MorganGenerator
[18:15:20] DEPRECATION WARNING: please use MorganGenerator
[18:15:20] DEPRECATION WARNING: please use MorganGenerator
[18:15:20] DEPRECATION WARNING: please use MorganGenerator
[18:15:20] DEPRECATION WARNING: please use MorganGenerator
[18:15:20] DEPRECATION WARNING: please use MorganGenerator
[18:15:20] DEPRECATION WARNING: please use MorganGenerator
[18:15:20] DEPRECATION WARNING: please use MorganGenerator
[18:15:20] DEPRECATION WARNING: please use MorganGenerator
[18:15:20] DEPRECATION WARNING: please use MorganGenerator
[18:15:20] DEPRECATION WARNING: please use MorganGenerator
[18:15:20] DEPRECATION WARNING: please use MorganGenerator
[18:15:20] DEPRECATION WARNING: please use MorganGenerator
[18:15:20] DEPRECATION WARNING: please use MorganGenerator
[18:15:20] DEPRECATION WARNING: please use MorganGenerator
[18:15:20] DEPRECATION WARNING: please use MorganGenerator
[18:15:20] DEPRECATION WARNING: please use MorganGenerator
[18:15:20] DEPRECATION WARNING: please use MorganGenerator
[18:15:20] DEPRECATION WARNING: please use MorganGenerator
[18:15:20] DEPRECATION WARNING: please use MorganGenerator
[18:15:20] DEPRECATION WARNING: please use MorganGenerator
[18:15:20] DEPRECATION WARNING: please use MorganGenerator
[18:15:20] DEPRECATION WARNING: please use MorganGenerator
[18:15:20] DEPRECATION WARNING: please use MorganGenerator
[18:15:20] DEPRECATION WARNING: please use MorganGenerator
[18:15:20] DEPRECATION WARNING: please use MorganGenerator
[18:15:20] DEPRECATION WARNING: please use MorganGenerator
[18:15:20] DEPRECATION WARNING: please use MorganGenerator
[18:15:20] DEPRECATION WARNING: please use MorganGenerator
[18:15:20] DEPRECATION WARNING: please use MorganGenerator
[18:15:20] DEPRECATION WARNING: please use MorganGenerator
[18:15:20] DEPRECATION WARNING: please use MorganGenerator
[18:15:20] DEPRECATION WARNING: please use MorganGenerator
[18:15:20] DEPRECATION WARNING: please use MorganGenerator
[18:15:20] DEPRECATION WARNING: please use MorganGenerator
[18:15:20] DEPRECATION WARNING: please use MorganGenerator
[18:15:20] DEPRECATION WARNING: please use MorganGenerator
[18:15:20] DEPRECATION WARNING: please use MorganGenerator
[18:15:20] DEPRECATION WARNING: please use MorganGenerator
[18:15:20] DEPRECATION WARNING: please use MorganGenerator
[18:15:20] DEPRECATION WARNING: please use MorganGenerator
[18:15:20] DEPRECATION WARNING: please use MorganGenerator
[18:15:20] DEPRECATION WARNING: please use MorganGenerator
[18:15:20] DEPRECATION WARNING: please use MorganGenerator
[18:15:20] DEPRECATION WARNING: please use MorganGenerator
[18:15:20] DEPRECATION WARNING: please use MorganGenerator
[18:15:20] DEPRECATION WARNING: please use MorganGenerator
[18:15:20] DEPRECATION WARNING: please use MorganGenerator
[18:15:20] DEPRECATION WARNING: please use MorganGenerator
[18:15:20] DEPRECATION WARNING: please use MorganGenerator
[18:15:20] DEPRECATION WARNING: please use MorganGenerator
[18:15:20] DEPRECATION WARNING: please use MorganGenerator
[18:15:20] DEPRECATION WARNING: please use MorganGenerator
[18:15:20] DEPRECATION WARNING: please use MorganGenerator
[18:15:20] DEPRECATION WARNING: please use MorganGenerator
[18:15:20] DEPRECATION WARNING: please use MorganGenerator
[18:15:20] DEPRECATION WARNING: please use MorganGenerator
[18:15:20] DEPRECATION WARNING: please use MorganGenerator
[18:15:20] DEPRECATION WARNING: please use MorganGenerator
[18:15:20] DEPRECATION WARNING: please use MorganGenerator
[18:15:20] DEPRECATION WARNING: please use MorganGenerator
[18:15:20] DEPRECATION WARNING: please use MorganGenerator
[18:15:20] DEPRECATION WARNING: please use MorganGenerator
[18:15:20] DEPRECATION WARNING: please use MorganGenerator
[18:15:20] DEPRECATION WARNING: please use MorganGenerator
[18:15:20] DEPRECATION WARNING: please use MorganGenerator
[18:15:20] DEPRECATION WARNING: please use MorganGenerator
[18:15:20] DEPRECATION WARNING: please use MorganGenerator
[18:15:20] DEPRECATION WARNING: please use MorganGenerator
[18:15:20] DEPRECATION WARNING: please use MorganGenerator
[18:15:20] DEPRECATION WARNING: please use MorganGenerator
[18:15:20] DEPRECATION WARNING: please use MorganGenerator
[18:15:20] DEPRECATION WARNING: please use MorganGenerator
[18:15:20] DEPRECATION WARNING: please use MorganGenerator
[18:15:20] DEPRECATION WARNING: please use MorganGenerator
[18:15:20] DEPRECATION WARNING: please use MorganGenerator
[18:15:20] DEPRECATION WARNING: please use MorganGenerator
[18:15:20] DEPRECATION WARNING: please use MorganGenerator
[18:15:20] DEPRECATION WARNING: please use MorganGenerator
[18:15:20] DEPRECATION WARNING: please use MorganGenerator
[18:15:20] DEPRECATION WARNING: please use MorganGenerator
[18:15:20] DEPRECATION WARNING: please use MorganGenerator
[18:15:20] DEPRECATION WARNING: please use MorganGenerator
[18:15:20] DEPRECATION WARNING: please use MorganGenerator
[18:15:20] DEPRECATION WARNING: please use MorganGenerator
[18:15:20] DEPRECATION WARNING: please use MorganGenerator
[18:15:20] DEPRECATION WARNING: please use MorganGenerator
[18:15:20] DEPRECATION WARNING: please use MorganGenerator
[18:15:20] DEPRECATION WARNING: please use MorganGenerator
[18:15:20] DEPRECATION WARNING: please use MorganGenerator
[18:15:20] DEPRECATION WARNING: please use MorganGenerator
[18:15:20] DEPRECATION WARNING: please use MorganGenerator
[18:15:20] DEPRECATION WARNING: please use MorganGenerator
[18:15:20] DEPRECATION WARNING: please use MorganGenerator
[18:15:20] DEPRECATION WARNING: please use MorganGenerator
[18:15:20] DEPRECATION WARNING: please use MorganGenerator
[18:15:20] DEPRECATION WARNING: please use MorganGenerator
[18:15:20] DEPRECATION WARNING: please use MorganGenerator
[18:15:20] DEPRECATION WARNING: please use MorganGenerator
[18:15:20] DEPRECATION WARNING: please use MorganGenerator
[18:15:20] DEPRECATION WARNING: please use MorganGenerator
[18:15:20] DEPRECATION WARNING: please use MorganGenerator
[18:15:20] DEPRECATION WARNING: please use MorganGenerator
[18:15:20] DEPRECATION WARNING: please use MorganGenerator
[18:15:20] DEPRECATION WARNING: please use MorganGenerator
[18:15:20] DEPRECATION WARNING: please use MorganGenerator
[18:15:20] DEPRECATION WARNING: please use MorganGenerator
[18:15:20] DEPRECATION WARNING: please use MorganGenerator
[18:15:20] DEPRECATION WARNING: please use MorganGenerator
[18:15:20] DEPRECATION WARNING: please use MorganGenerator
[18:15:20] DEPRECATION WARNING: please use MorganGenerator
[18:15:20] DEPRECATION WARNING: please use MorganGenerator
[18:15:20] DEPRECATION WARNING: please use MorganGenerator
[18:15:20] DEPRECATION WARNING: please use MorganGenerator
[18:15:20] DEPRECATION WARNING: please use MorganGenerator
[18:15:20] DEPRECATION WARNING: please use MorganGenerator
[18:15:20] DEPRECATION WARNING: please use MorganGenerator
[18:15:20] DEPRECATION WARNING: please use MorganGenerator
[18:15:20] DEPRECATION WARNING: please use MorganGenerator
[18:15:20] DEPRECATION WARNING: please use MorganGenerator
[18:15:20] DEPRECATION WARNING: please use MorganGenerator
[18:15:20] DEPRECATION WARNING: please use MorganGenerator
[18:15:20] DEPRECATION WARNING: please use MorganGenerator
[18:15:20] DEPRECATION WARNING: please use MorganGenerator
[18:15:20] DEPRECATION WARNING: please use MorganGenerator
[18:15:20] DEPRECATION WARNING: please use MorganGenerator
[18:15:20] DEPRECATION WARNING: please use MorganGenerator
[18:15:20] DEPRECATION WARNING: please use MorganGenerator
[18:15:20] DEPRECATION WARNING: please use MorganGenerator
[18:15:20] DEPRECATION WARNING: please use MorganGenerator
[18:15:20] DEPRECATION WARNING: please use MorganGenerator
[18:15:20] DEPRECATION WARNING: please use MorganGenerator
[18:15:20] DEPRECATION WARNING: please use MorganGenerator
[18:15:20] DEPRECATION WARNING: please use MorganGenerator
[18:15:20] DEPRECATION WARNING: please use MorganGenerator
[18:15:20] DEPRECATION WARNING: please use MorganGenerator
[18:15:20] DEPRECATION WARNING: please use MorganGenerator
[18:15:20] DEPRECATION WARNING: please use MorganGenerator
[18:15:20] DEPRECATION WARNING: please use MorganGenerator
[18:15:20] DEPRECATION WARNING: please use MorganGenerator
[18:15:20] DEPRECATION WARNING: please use MorganGenerator
[18:15:20] DEPRECATION WARNING: please use MorganGenerator
[18:15:20] DEPRECATION WARNING: please use MorganGenerator
[18:15:20] DEPRECATION WARNING: please use MorganGenerator
[18:15:20] DEPRECATION WARNING: please use MorganGenerator
[18:15:20] DEPRECATION WARNING: please use MorganGenerator
[18:15:20] DEPRECATION WARNING: please use MorganGenerator
[18:15:20] DEPRECATION WARNING: please use MorganGenerator
[18:15:20] DEPRECATION WARNING: please use MorganGenerator
[18:15:20] DEPRECATION WARNING: please use MorganGenerator
[18:15:20] DEPRECATION WARNING: please use MorganGenerator
[18:15:20] DEPRECATION WARNING: please use MorganGenerator
[18:15:20] DEPRECATION WARNING: please use MorganGenerator
[18:15:20] DEPRECATION WARNING: please use MorganGenerator
[18:15:20] DEPRECATION WARNING: please use MorganGenerator
[18:15:20] DEPRECATION WARNING: please use MorganGenerator
[18:15:20] DEPRECATION WARNING: please use MorganGenerator
[18:15:20] DEPRECATION WARNING: please use MorganGenerator
[18:15:20] DEPRECATION WARNING: please use MorganGenerator
[18:15:20] DEPRECATION WARNING: please use MorganGenerator
[18:15:20] DEPRECATION WARNING: please use MorganGenerator
[18:15:20] DEPRECATION WARNING: please use MorganGenerator
[18:15:20] DEPRECATION WARNING: please use MorganGenerator
[18:15:20] DEPRECATION WARNING: please use MorganGenerator
[18:15:20] DEPRECATION WARNING: please use MorganGenerator
[18:15:20] DEPRECATION WARNING: please use MorganGenerator
[18:15:20] DEPRECATION WARNING: please use MorganGenerator
[18:15:20] DEPRECATION WARNING: please use MorganGenerator
[18:15:20] DEPRECATION WARNING: please use MorganGenerator
[18:15:20] DEPRECATION WARNING: please use MorganGenerator
[18:15:20] DEPRECATION WARNING: please use MorganGenerator
[18:15:20] DEPRECATION WARNING: please use MorganGenerator
[18:15:20] DEPRECATION WARNING: please use MorganGenerator
[18:15:20] DEPRECATION WARNING: please use MorganGenerator
[18:15:20] DEPRECATION WARNING: please use MorganGenerator
[18:15:20] DEPRECATION WARNING: please use MorganGenerator
[18:15:20] DEPRECATION WARNING: please use MorganGenerator
[18:15:20] DEPRECATION WARNING: please use MorganGenerator
[18:15:20] DEPRECATION WARNING: please use MorganGenerator
[18:15:20] DEPRECATION WARNING: please use MorganGenerator
[18:15:20] DEPRECATION WARNING: please use MorganGenerator
[18:15:20] DEPRECATION WARNING: please use MorganGenerator
[18:15:20] DEPRECATION WARNING: please use MorganGenerator
[18:15:20] DEPRECATION WARNING: please use MorganGenerator
[18:15:20] DEPRECATION WARNING: please use MorganGenerator
[18:15:20] DEPRECATION WARNING: please use MorganGenerator
[18:15:20] DEPRECATION WARNING: please use MorganGenerator
[18:15:20] DEPRECATION WARNING: please use MorganGenerator
[18:15:20] DEPRECATION WARNING: please use MorganGenerator
[18:15:20] DEPRECATION WARNING: please use MorganGenerator
[18:15:20] DEPRECATION WARNING: please use MorganGenerator
[18:15:20] DEPRECATION WARNING: please use MorganGenerator
[18:15:20] DEPRECATION WARNING: please use MorganGenerator
[18:15:20] DEPRECATION WARNING: please use MorganGenerator
[18:15:20] DEPRECATION WARNING: please use MorganGenerator
[18:15:20] DEPRECATION WARNING: please use MorganGenerator
[18:15:20] DEPRECATION WARNING: please use MorganGenerator
[18:15:20] DEPRECATION WARNING: please use MorganGenerator
[18:15:20] DEPRECATION WARNING: please use MorganGenerator
[18:15:20] DEPRECATION WARNING: please use MorganGenerator
[18:15:20] DEPRECATION WARNING: please use MorganGenerator
[18:15:20] DEPRECATION WARNING: please use MorganGenerator
[18:15:20] DEPRECATION WARNING: please use MorganGenerator
[18:15:20] DEPRECATION WARNING: please use MorganGenerator
[18:15:20] DEPRECATION WARNING: please use MorganGenerator
[18:15:20] DEPRECATION WARNING: please use MorganGenerator
[18:15:20] DEPRECATION WARNING: please use MorganGenerator
[18:15:20] DEPRECATION WARNING: please use MorganGenerator
[18:15:20] DEPRECATION WARNING: please use MorganGenerator
[18:15:20] DEPRECATION WARNING: please use MorganGenerator
[18:15:20] DEPRECATION WARNING: please use MorganGenerator
[18:15:20] DEPRECATION WARNING: please use MorganGenerator
[18:15:20] DEPRECATION WARNING: please use MorganGenerator
[18:15:20] DEPRECATION WARNING: please use MorganGenerator
[18:15:20] DEPRECATION WARNING: please use MorganGenerator
[18:15:20] DEPRECATION WARNING: please use MorganGenerator
[18:15:20] DEPRECATION WARNING: please use MorganGenerator
[18:15:20] DEPRECATION WARNING: please use MorganGenerator
[18:15:20] DEPRECATION WARNING: please use MorganGenerator
[18:15:20] DEPRECATION WARNING: please use MorganGenerator
[18:15:20] DEPRECATION WARNING: please use MorganGenerator
[18:15:20] DEPRECATION WARNING: please use MorganGenerator
[18:15:20] DEPRECATION WARNING: please use MorganGenerator
[18:15:20] DEPRECATION WARNING: please use MorganGenerator
[18:15:20] DEPRECATION WARNING: please use MorganGenerator
[18:15:20] DEPRECATION WARNING: please use MorganGenerator
[18:15:20] DEPRECATION WARNING: please use MorganGenerator
[18:15:20] DEPRECATION WARNING: please use MorganGenerator
[18:15:20] DEPRECATION WARNING: please use MorganGenerator
[18:15:20] DEPRECATION WARNING: please use MorganGenerator
[18:15:20] DEPRECATION WARNING: please use MorganGenerator
[18:15:20] DEPRECATION WARNING: please use MorganGenerator
[18:15:20] DEPRECATION WARNING: please use MorganGenerator
[18:15:20] DEPRECATION WARNING: please use MorganGenerator
[18:15:20] DEPRECATION WARNING: please use MorganGenerator
[18:15:20] DEPRECATION WARNING: please use MorganGenerator
[18:15:20] DEPRECATION WARNING: please use MorganGenerator
[18:15:20] DEPRECATION WARNING: please use MorganGenerator
[18:15:20] DEPRECATION WARNING: please use MorganGenerator
[18:15:20] DEPRECATION WARNING: please use MorganGenerator
[18:15:20] DEPRECATION WARNING: please use MorganGenerator
[18:15:20] DEPRECATION WARNING: please use MorganGenerator
[18:15:20] DEPRECATION WARNING: please use MorganGenerator
[18:15:20] DEPRECATION WARNING: please use MorganGenerator
[18:15:20] DEPRECATION WARNING: please use MorganGenerator
[18:15:20] DEPRECATION WARNING: please use MorganGenerator
[18:15:20] DEPRECATION WARNING: please use MorganGenerator
[18:15:20] DEPRECATION WARNING: please use MorganGenerator
[18:15:20] DEPRECATION WARNING: please use MorganGenerator
[18:15:20] DEPRECATION WARNING: please use MorganGenerator
[18:15:20] DEPRECATION WARNING: please use MorganGenerator
[18:15:20] DEPRECATION WARNING: please use MorganGenerator
[18:15:20] DEPRECATION WARNING: please use MorganGenerator
[18:15:20] DEPRECATION WARNING: please use MorganGenerator
[18:15:20] DEPRECATION WARNING: please use MorganGenerator
[18:15:20] DEPRECATION WARNING: please use MorganGenerator
[18:15:20] DEPRECATION WARNING: please use MorganGenerator
[18:15:20] DEPRECATION WARNING: please use MorganGenerator
[18:15:20] DEPRECATION WARNING: please use MorganGenerator
[18:15:20] DEPRECATION WARNING: please use MorganGenerator
[18:15:20] DEPRECATION WARNING: please use MorganGenerator
[18:15:20] DEPRECATION WARNING: please use MorganGenerator
[18:15:20] DEPRECATION WARNING: please use MorganGenerator
[18:15:20] DEPRECATION WARNING: please use MorganGenerator
[18:15:20] DEPRECATION WARNING: please use MorganGenerator
[18:15:20] DEPRECATION WARNING: please use MorganGenerator
[18:15:20] DEPRECATION WARNING: please use MorganGenerator
[18:15:20] DEPRECATION WARNING: please use MorganGenerator
[18:15:20] DEPRECATION WARNING: please use MorganGenerator
[18:15:20] DEPRECATION WARNING: please use MorganGenerator
[18:15:20] DEPRECATION WARNING: please use MorganGenerator
[18:15:20] DEPRECATION WARNING: please use MorganGenerator
[18:15:20] DEPRECATION WARNING: please use MorganGenerator
[18:15:20] DEPRECATION WARNING: please use MorganGenerator
[18:15:20] DEPRECATION WARNING: please use MorganGenerator
[18:15:20] DEPRECATION WARNING: please use MorganGenerator
[18:15:20] DEPRECATION WARNING: please use MorganGenerator
[18:15:20] DEPRECATION WARNING: please use MorganGenerator
[18:15:20] DEPRECATION WARNING: please use MorganGenerator
[18:15:20] DEPRECATION WARNING: please use MorganGenerator
[18:15:20] DEPRECATION WARNING: please use MorganGenerator
[18:15:20] DEPRECATION WARNING: please use MorganGenerator
[18:15:20] DEPRECATION WARNING: please use MorganGenerator
[18:15:20] DEPRECATION WARNING: please use MorganGenerator
[18:15:20] DEPRECATION WARNING: please use MorganGenerator
[18:15:20] DEPRECATION WARNING: please use MorganGenerator
[18:15:20] DEPRECATION WARNING: please use MorganGenerator
[18:15:20] DEPRECATION WARNING: please use MorganGenerator
[18:15:20] DEPRECATION WARNING: please use MorganGenerator
[18:15:20] DEPRECATION WARNING: please use MorganGenerator
[18:15:20] DEPRECATION WARNING: please use MorganGenerator
[18:15:20] DEPRECATION WARNING: please use MorganGenerator
[18:15:20] DEPRECATION WARNING: please use MorganGenerator
[18:15:20] DEPRECATION WARNING: please use MorganGenerator
[18:15:20] DEPRECATION WARNING: please use MorganGenerator
[18:15:20] DEPRECATION WARNING: please use MorganGenerator
[18:15:20] DEPRECATION WARNING: please use MorganGenerator
[18:15:20] DEPRECATION WARNING: please use MorganGenerator
[18:15:20] DEPRECATION WARNING: please use MorganGenerator
[18:15:20] DEPRECATION WARNING: please use MorganGenerator
[18:15:20] DEPRECATION WARNING: please use MorganGenerator
[18:15:20] DEPRECATION WARNING: please use MorganGenerator
[18:15:20] DEPRECATION WARNING: please use MorganGenerator
[18:15:20] DEPRECATION WARNING: please use MorganGenerator
[18:15:20] DEPRECATION WARNING: please use MorganGenerator
[18:15:20] DEPRECATION WARNING: please use MorganGenerator
[18:15:20] DEPRECATION WARNING: please use MorganGenerator
[18:15:20] DEPRECATION WARNING: please use MorganGenerator
[18:15:20] DEPRECATION WARNING: please use MorganGenerator
[18:15:20] DEPRECATION WARNING: please use MorganGenerator
[18:15:20] DEPRECATION WARNING: please use MorganGenerator
[18:15:20] DEPRECATION WARNING: please use MorganGenerator
[18:15:20] DEPRECATION WARNING: please use MorganGenerator
[18:15:20] DEPRECATION WARNING: please use MorganGenerator
[18:15:20] DEPRECATION WARNING: please use MorganGenerator
[18:15:20] DEPRECATION WARNING: please use MorganGenerator
[18:15:20] DEPRECATION WARNING: please use MorganGenerator
[18:15:20] DEPRECATION WARNING: please use MorganGenerator
[18:15:20] DEPRECATION WARNING: please use MorganGenerator
[18:15:20] DEPRECATION WARNING: please use MorganGenerator
[18:15:20] DEPRECATION WARNING: please use MorganGenerator
[18:15:20] DEPRECATION WARNING: please use MorganGenerator
[18:15:20] DEPRECATION WARNING: please use MorganGenerator
[18:15:20] DEPRECATION WARNING: please use MorganGenerator
[18:15:20] DEPRECATION WARNING: please use MorganGenerator
[18:15:20] DEPRECATION WARNING: please use MorganGenerator
[18:15:20] DEPRECATION WARNING: please use MorganGenerator
[18:15:20] DEPRECATION WARNING: please use MorganGenerator
[18:15:20] DEPRECATION WARNING: please use MorganGenerator
[18:15:20] DEPRECATION WARNING: please use MorganGenerator
[18:15:20] DEPRECATION WARNING: please use MorganGenerator
[18:15:20] DEPRECATION WARNING: please use MorganGenerator
[18:15:20] DEPRECATION WARNING: please use MorganGenerator
[18:15:20] DEPRECATION WARNING: please use MorganGenerator
[18:15:20] DEPRECATION WARNING: please use MorganGenerator
[18:15:20] DEPRECATION WARNING: please use MorganGenerator
[18:15:20] DEPRECATION WARNING: please use MorganGenerator
[18:15:20] DEPRECATION WARNING: please use MorganGenerator
[18:15:20] DEPRECATION WARNING: please use MorganGenerator
[18:15:20] DEPRECATION WARNING: please use MorganGenerator
[18:15:20] DEPRECATION WARNING: please use MorganGenerator
[18:15:20] DEPRECATION WARNING: please use MorganGenerator
[18:15:20] DEPRECATION WARNING: please use MorganGenerator
[18:15:20] DEPRECATION WARNING: please use MorganGenerator
[18:15:20] DEPRECATION WARNING: please use MorganGenerator
[18:15:20] DEPRECATION WARNING: please use MorganGenerator
[18:15:20] DEPRECATION WARNING: please use MorganGenerator
[18:15:20] DEPRECATION WARNING: please use MorganGenerator
[18:15:20] DEPRECATION WARNING: please use MorganGenerator
[18:15:20] DEPRECATION WARNING: please use MorganGenerator
[18:15:20] DEPRECATION WARNING: please use MorganGenerator
[18:15:20] DEPRECATION WARNING: please use MorganGenerator
[18:15:20] DEPRECATION WARNING: please use MorganGenerator
[18:15:20] DEPRECATION WARNING: please use MorganGenerator
[18:15:20] DEPRECATION WARNING: please use MorganGenerator
[18:15:20] DEPRECATION WARNING: please use MorganGenerator
[18:15:20] DEPRECATION WARNING: please use MorganGenerator
[18:15:20] DEPRECATION WARNING: please use MorganGenerator
[18:15:20] DEPRECATION WARNING: please use MorganGenerator
[18:15:20] DEPRECATION WARNING: please use MorganGenerator
[18:15:20] DEPRECATION WARNING: please use MorganGenerator
[18:15:20] DEPRECATION WARNING: please use MorganGenerator
[18:15:20] DEPRECATION WARNING: please use MorganGenerator
[18:15:20] DEPRECATION WARNING: please use MorganGenerator
[18:15:20] DEPRECATION WARNING: please use MorganGenerator
[18:15:20] DEPRECATION WARNING: please use MorganGenerator
[18:15:20] DEPRECATION WARNING: please use MorganGenerator
[18:15:20] DEPRECATION WARNING: please use MorganGenerator
[18:15:20] DEPRECATION WARNING: please use MorganGenerator
[18:15:20] DEPRECATION WARNING: please use MorganGenerator
[18:15:20] DEPRECATION WARNING: please use MorganGenerator
[18:15:20] DEPRECATION WARNING: please use MorganGenerator
[18:15:20] DEPRECATION WARNING: please use MorganGenerator
[18:15:20] DEPRECATION WARNING: please use MorganGenerator
[18:15:20] DEPRECATION WARNING: please use MorganGenerator
[18:15:20] DEPRECATION WARNING: please use MorganGenerator
[18:15:20] DEPRECATION WARNING: please use MorganGenerator
[18:15:20] DEPRECATION WARNING: please use MorganGenerator
[18:15:20] DEPRECATION WARNING: please use MorganGenerator
[18:15:20] DEPRECATION WARNING: please use MorganGenerator
[18:15:20] DEPRECATION WARNING: please use MorganGenerator
[18:15:20] DEPRECATION WARNING: please use MorganGenerator
[18:15:20] DEPRECATION WARNING: please use MorganGenerator
[18:15:20] DEPRECATION WARNING: please use MorganGenerator
[18:15:20] DEPRECATION WARNING: please use MorganGenerator
[18:15:20] DEPRECATION WARNING: please use MorganGenerator
[18:15:20] DEPRECATION WARNING: please use MorganGenerator
[18:15:20] DEPRECATION WARNING: please use MorganGenerator
[18:15:20] DEPRECATION WARNING: please use MorganGenerator
[18:15:20] DEPRECATION WARNING: please use MorganGenerator
[18:15:20] DEPRECATION WARNING: please use MorganGenerator
[18:15:20] DEPRECATION WARNING: please use MorganGenerator
[18:15:20] DEPRECATION WARNING: please use MorganGenerator
[18:15:20] DEPRECATION WARNING: please use MorganGenerator
[18:15:20] DEPRECATION WARNING: please use MorganGenerator
[18:15:20] DEPRECATION WARNING: please use MorganGenerator
[18:15:20] DEPRECATION WARNING: please use MorganGenerator
[18:15:20] DEPRECATION WARNING: please use MorganGenerator
[18:15:20] DEPRECATION WARNING: please use MorganGenerator
[18:15:20] DEPRECATION WARNING: please use MorganGenerator
[18:15:20] DEPRECATION WARNING: please use MorganGenerator
[18:15:20] DEPRECATION WARNING: please use MorganGenerator
[18:15:20] DEPRECATION WARNING: please use MorganGenerator
[18:15:20] DEPRECATION WARNING: please use MorganGenerator
[18:15:20] DEPRECATION WARNING: please use MorganGenerator
[18:15:20] DEPRECATION WARNING: please use MorganGenerator
[18:15:20] DEPRECATION WARNING: please use MorganGenerator
[18:15:20] DEPRECATION WARNING: please use MorganGenerator
[18:15:20] DEPRECATION WARNING: please use MorganGenerator
[18:15:20] DEPRECATION WARNING: please use MorganGenerator
[18:15:20] DEPRECATION WARNING: please use MorganGenerator
[18:15:20] DEPRECATION WARNING: please use MorganGenerator
[18:15:20] DEPRECATION WARNING: please use MorganGenerator
[18:15:20] DEPRECATION WARNING: please use MorganGenerator
[18:15:20] DEPRECATION WARNING: please use MorganGenerator
[18:15:20] DEPRECATION WARNING: please use MorganGenerator
[18:15:20] DEPRECATION WARNING: please use MorganGenerator
[18:15:20] DEPRECATION WARNING: please use MorganGenerator
[18:15:20] DEPRECATION WARNING: please use MorganGenerator
[18:15:20] DEPRECATION WARNING: please use MorganGenerator
[18:15:20] DEPRECATION WARNING: please use MorganGenerator
[18:15:20] DEPRECATION WARNING: please use MorganGenerator
[18:15:20] DEPRECATION WARNING: please use MorganGenerator
[18:15:20] DEPRECATION WARNING: please use MorganGenerator
[18:15:20] DEPRECATION WARNING: please use MorganGenerator
[18:15:20] DEPRECATION WARNING: please use MorganGenerator
[18:15:20] DEPRECATION WARNING: please use MorganGenerator
[18:15:20] DEPRECATION WARNING: please use MorganGenerator
[18:15:20] DEPRECATION WARNING: please use MorganGenerator
[18:15:20] DEPRECATION WARNING: please use MorganGenerator
[18:15:20] DEPRECATION WARNING: please use MorganGenerator
[18:15:20] DEPRECATION WARNING: please use MorganGenerator
[18:15:20] DEPRECATION WARNING: please use MorganGenerator
[18:15:20] DEPRECATION WARNING: please use MorganGenerator
[18:15:20] DEPRECATION WARNING: please use MorganGenerator
[18:15:20] DEPRECATION WARNING: please use MorganGenerator
[18:15:20] DEPRECATION WARNING: please use MorganGenerator
[18:15:20] DEPRECATION WARNING: please use MorganGenerator
[18:15:20] DEPRECATION WARNING: please use MorganGenerator
[18:15:20] DEPRECATION WARNING: please use MorganGenerator
[18:15:20] DEPRECATION WARNING: please use MorganGenerator
[18:15:20] DEPRECATION WARNING: please use MorganGenerator
[18:15:20] DEPRECATION WARNING: please use MorganGenerator
[18:15:20] DEPRECATION WARNING: please use MorganGenerator
[18:15:20] DEPRECATION WARNING: please use MorganGenerator
[18:15:20] DEPRECATION WARNING: please use MorganGenerator
[18:15:20] DEPRECATION WARNING: please use MorganGenerator
[18:15:20] DEPRECATION WARNING: please use MorganGenerator
[18:15:20] DEPRECATION WARNING: please use MorganGenerator
[18:15:20] DEPRECATION WARNING: please use MorganGenerator
[18:15:20] DEPRECATION WARNING: please use MorganGenerator
[18:15:20] DEPRECATION WARNING: please use MorganGenerator
[18:15:20] DEPRECATION WARNING: please use MorganGenerator
[18:15:20] DEPRECATION WARNING: please use MorganGenerator
[18:15:20] DEPRECATION WARNING: please use MorganGenerator
[18:15:20] DEPRECATION WARNING: please use MorganGenerator
[18:15:20] DEPRECATION WARNING: please use MorganGenerator
[18:15:20] DEPRECATION WARNING: please use MorganGenerator
[18:15:20] DEPRECATION WARNING: please use MorganGenerator
[18:15:20] DEPRECATION WARNING: please use MorganGenerator
[18:15:20] DEPRECATION WARNING: please use MorganGenerator
[18:15:20] DEPRECATION WARNING: please use MorganGenerator
[18:15:20] DEPRECATION WARNING: please use MorganGenerator
[18:15:20] DEPRECATION WARNING: please use MorganGenerator
[18:15:20] DEPRECATION WARNING: please use MorganGenerator
[18:15:20] DEPRECATION WARNING: please use MorganGenerator
[18:15:20] DEPRECATION WARNING: please use MorganGenerator
[18:15:20] DEPRECATION WARNING: please use MorganGenerator
[18:15:20] DEPRECATION WARNING: please use MorganGenerator
[18:15:20] DEPRECATION WARNING: please use MorganGenerator
[18:15:20] DEPRECATION WARNING: please use MorganGenerator
[18:15:20] DEPRECATION WARNING: please use MorganGenerator
[18:15:20] DEPRECATION WARNING: please use MorganGenerator
[18:15:20] DEPRECATION WARNING: please use MorganGenerator
[18:15:20] DEPRECATION WARNING: please use MorganGenerator
[18:15:20] DEPRECATION WARNING: please use MorganGenerator
[18:15:20] DEPRECATION WARNING: please use MorganGenerator
[18:15:20] DEPRECATION WARNING: please use MorganGenerator
[18:15:20] DEPRECATION WARNING: please use MorganGenerator
[18:15:20] DEPRECATION WARNING: please use MorganGenerator
[18:15:20] DEPRECATION WARNING: please use MorganGenerator
[18:15:20] DEPRECATION WARNING: please use MorganGenerator
[18:15:20] DEPRECATION WARNING: please use MorganGenerator
[18:15:20] DEPRECATION WARNING: please use MorganGenerator
[18:15:20] DEPRECATION WARNING: please use MorganGenerator
[18:15:20] DEPRECATION WARNING: please use MorganGenerator
[18:15:20] DEPRECATION WARNING: please use MorganGenerator
[18:15:20] DEPRECATION WARNING: please use MorganGenerator
[18:15:20] DEPRECATION WARNING: please use MorganGenerator
[18:15:20] DEPRECATION WARNING: please use MorganGenerator
[18:15:20] DEPRECATION WARNING: please use MorganGenerator
[18:15:20] DEPRECATION WARNING: please use MorganGenerator
[18:15:20] DEPRECATION WARNING: please use MorganGenerator
[18:15:20] DEPRECATION WARNING: please use MorganGenerator
[18:15:20] DEPRECATION WARNING: please use MorganGenerator
[18:15:20] DEPRECATION WARNING: please use MorganGenerator
[18:15:20] DEPRECATION WARNING: please use MorganGenerator
[18:15:20] DEPRECATION WARNING: please use MorganGenerator
[18:15:20] DEPRECATION WARNING: please use MorganGenerator
[18:15:20] DEPRECATION WARNING: please use MorganGenerator
[18:15:20] DEPRECATION WARNING: please use MorganGenerator
[18:15:20] DEPRECATION WARNING: please use MorganGenerator
[18:15:20] DEPRECATION WARNING: please use MorganGenerator
[18:15:20] DEPRECATION WARNING: please use MorganGenerator
[18:15:20] DEPRECATION WARNING: please use MorganGenerator
[18:15:20] DEPRECATION WARNING: please use MorganGenerator
[18:15:20] DEPRECATION WARNING: please use MorganGenerator
[18:15:20] DEPRECATION WARNING: please use MorganGenerator
[18:15:20] DEPRECATION WARNING: please use MorganGenerator
[18:15:20] DEPRECATION WARNING: please use MorganGenerator
[18:15:20] DEPRECATION WARNING: please use MorganGenerator
[18:15:20] DEPRECATION WARNING: please use MorganGenerator
[18:15:20] DEPRECATION WARNING: please use MorganGenerator
[18:15:20] DEPRECATION WARNING: please use MorganGenerator
[18:15:20] DEPRECATION WARNING: please use MorganGenerator
[18:15:20] DEPRECATION WARNING: please use MorganGenerator
[18:15:20] DEPRECATION WARNING: please use MorganGenerator
[18:15:20] DEPRECATION WARNING: please use MorganGenerator
[18:15:20] DEPRECATION WARNING: please use MorganGenerator
[18:15:20] DEPRECATION WARNING: please use MorganGenerator
[18:15:20] DEPRECATION WARNING: please use MorganGenerator
[18:15:20] DEPRECATION WARNING: please use MorganGenerator
[18:15:20] DEPRECATION WARNING: please use MorganGenerator
[18:15:20] DEPRECATION WARNING: please use MorganGenerator
[18:15:20] DEPRECATION WARNING: please use MorganGenerator
[18:15:20] DEPRECATION WARNING: please use MorganGenerator
[18:15:20] DEPRECATION WARNING: please use MorganGenerator
[18:15:20] DEPRECATION WARNING: please use MorganGenerator
[18:15:20] DEPRECATION WARNING: please use MorganGenerator
[18:15:20] DEPRECATION WARNING: please use MorganGenerator
[18:15:20] DEPRECATION WARNING: please use MorganGenerator
[18:15:20] DEPRECATION WARNING: please use MorganGenerator
[18:15:20] DEPRECATION WARNING: please use MorganGenerator
[18:15:20] DEPRECATION WARNING: please use MorganGenerator
[18:15:20] DEPRECATION WARNING: please use MorganGenerator
[18:15:20] DEPRECATION WARNING: please use MorganGenerator
[18:15:20] DEPRECATION WARNING: please use MorganGenerator
[18:15:20] DEPRECATION WARNING: please use MorganGenerator
[18:15:20] DEPRECATION WARNING: please use MorganGenerator
[18:15:20] DEPRECATION WARNING: please use MorganGenerator
[18:15:20] DEPRECATION WARNING: please use MorganGenerator
[18:15:20] DEPRECATION WARNING: please use MorganGenerator
[18:15:20] DEPRECATION WARNING: please use MorganGenerator
[18:15:20] DEPRECATION WARNING: please use MorganGenerator
[18:15:20] DEPRECATION WARNING: please use MorganGenerator
[18:15:20] DEPRECATION WARNING: please use MorganGenerator
[18:15:20] DEPRECATION WARNING: please use MorganGenerator
[18:15:20] DEPRECATION WARNING: please use MorganGenerator
[18:15:20] DEPRECATION WARNING: please use MorganGenerator
[18:15:20] DEPRECATION WARNING: please use MorganGenerator
[18:15:20] DEPRECATION WARNING: please use MorganGenerator
[18:15:20] DEPRECATION WARNING: please use MorganGenerator
[18:15:20] DEPRECATION WARNING: please use MorganGenerator
[18:15:20] DEPRECATION WARNING: please use MorganGenerator
[18:15:20] DEPRECATION WARNING: please use MorganGenerator
[18:15:20] DEPRECATION WARNING: please use MorganGenerator
[18:15:20] DEPRECATION WARNING: please use MorganGenerator
[18:15:20] DEPRECATION WARNING: please use MorganGenerator
[18:15:20] DEPRECATION WARNING: please use MorganGenerator
[18:15:20] DEPRECATION WARNING: please use MorganGenerator
[18:15:20] DEPRECATION WARNING: please use MorganGenerator
[18:15:20] DEPRECATION WARNING: please use MorganGenerator
[18:15:20] DEPRECATION WARNING: please use MorganGenerator
[18:15:20] DEPRECATION WARNING: please use MorganGenerator
[18:15:20] DEPRECATION WARNING: please use MorganGenerator
[18:15:20] DEPRECATION WARNING: please use MorganGenerator
[18:15:20] DEPRECATION WARNING: please use MorganGenerator
[18:15:20] DEPRECATION WARNING: please use MorganGenerator
[18:15:20] DEPRECATION WARNING: please use MorganGenerator
[18:15:20] DEPRECATION WARNING: please use MorganGenerator
[18:15:20] DEPRECATION WARNING: please use MorganGenerator
[18:15:20] DEPRECATION WARNING: please use MorganGenerator
[18:15:20] DEPRECATION WARNING: please use MorganGenerator
[18:15:20] DEPRECATION WARNING: please use MorganGenerator
[18:15:20] DEPRECATION WARNING: please use MorganGenerator
[18:15:20] DEPRECATION WARNING: please use MorganGenerator
[18:15:20] DEPRECATION WARNING: please use MorganGenerator
[18:15:20] DEPRECATION WARNING: please use MorganGenerator
[18:15:20] DEPRECATION WARNING: please use MorganGenerator
[18:15:20] DEPRECATION WARNING: please use MorganGenerator
[18:15:20] DEPRECATION WARNING: please use MorganGenerator
[18:15:20] DEPRECATION WARNING: please use MorganGenerator
[18:15:20] DEPRECATION WARNING: please use MorganGenerator
[18:15:20] DEPRECATION WARNING: please use MorganGenerator
[18:15:20] DEPRECATION WARNING: please use MorganGenerator
[18:15:20] DEPRECATION WARNING: please use MorganGenerator
[18:15:20] DEPRECATION WARNING: please use MorganGenerator
[18:15:20] DEPRECATION WARNING: please use MorganGenerator
[18:15:20] DEPRECATION WARNING: please use MorganGenerator
[18:15:20] DEPRECATION WARNING: please use MorganGenerator
[18:15:20] DEPRECATION WARNING: please use MorganGenerator
[18:15:20] DEPRECATION WARNING: please use MorganGenerator
[18:15:20] DEPRECATION WARNING: please use MorganGenerator
[18:15:20] DEPRECATION WARNING: please use MorganGenerator
[18:15:20] DEPRECATION WARNING: please use MorganGenerator
[18:15:20] DEPRECATION WARNING: please use MorganGenerator
[18:15:20] DEPRECATION WARNING: please use MorganGenerator
[18:15:20] DEPRECATION WARNING: please use MorganGenerator
[18:15:20] DEPRECATION WARNING: please use MorganGenerator
[18:15:20] DEPRECATION WARNING: please use MorganGenerator
[18:15:20] DEPRECATION WARNING: please use MorganGenerator
[18:15:20] DEPRECATION WARNING: please use MorganGenerator
[18:15:20] DEPRECATION WARNING: please use MorganGenerator
[18:15:20] DEPRECATION WARNING: please use MorganGenerator
[18:15:20] DEPRECATION WARNING: please use MorganGenerator
[18:15:20] DEPRECATION WARNING: please use MorganGenerator
[18:15:20] DEPRECATION WARNING: please use MorganGenerator
[18:15:20] DEPRECATION WARNING: please use MorganGenerator
[18:15:20] DEPRECATION WARNING: please use MorganGenerator
[18:15:20] DEPRECATION WARNING: please use MorganGenerator
[18:15:20] DEPRECATION WARNING: please use MorganGenerator
[18:15:20] DEPRECATION WARNING: please use MorganGenerator
[18:15:20] DEPRECATION WARNING: please use MorganGenerator
[18:15:20] DEPRECATION WARNING: please use MorganGenerator
[18:15:20] DEPRECATION WARNING: please use MorganGenerator
[18:15:20] DEPRECATION WARNING: please use MorganGenerator
[18:15:20] DEPRECATION WARNING: please use MorganGenerator
[18:15:20] DEPRECATION WARNING: please use MorganGenerator
[18:15:20] DEPRECATION WARNING: please use MorganGenerator
[18:15:20] DEPRECATION WARNING: please use MorganGenerator
[18:15:20] DEPRECATION WARNING: please use MorganGenerator
[18:15:20] DEPRECATION WARNING: please use MorganGenerator
[18:15:20] DEPRECATION WARNING: please use MorganGenerator
[18:15:20] DEPRECATION WARNING: please use MorganGenerator
[18:15:20] DEPRECATION WARNING: please use MorganGenerator
[18:15:20] DEPRECATION WARNING: please use MorganGenerator
[18:15:20] DEPRECATION WARNING: please use MorganGenerator
[18:15:20] DEPRECATION WARNING: please use MorganGenerator
[18:15:20] DEPRECATION WARNING: please use MorganGenerator
[18:15:20] DEPRECATION WARNING: please use MorganGenerator
[18:15:20] DEPRECATION WARNING: please use MorganGenerator
[18:15:20] DEPRECATION WARNING: please use MorganGenerator
[18:15:20] DEPRECATION WARNING: please use MorganGenerator
[18:15:20] DEPRECATION WARNING: please use MorganGenerator
[18:15:20] DEPRECATION WARNING: please use MorganGenerator
[18:15:20] DEPRECATION WARNING: please use MorganGenerator
[18:15:20] DEPRECATION WARNING: please use MorganGenerator
[18:15:20] DEPRECATION WARNING: please use MorganGenerator
[18:15:20] DEPRECATION WARNING: please use MorganGenerator
[18:15:20] DEPRECATION WARNING: please use MorganGenerator
[18:15:20] DEPRECATION WARNING: please use MorganGenerator
[18:15:20] DEPRECATION WARNING: please use MorganGenerator
[18:15:20] DEPRECATION WARNING: please use MorganGenerator
[18:15:20] DEPRECATION WARNING: please use MorganGenerator
[18:15:20] DEPRECATION WARNING: please use MorganGenerator
[18:15:20] DEPRECATION WARNING: please use MorganGenerator
[18:15:20] DEPRECATION WARNING: please use MorganGenerator
[18:15:20] DEPRECATION WARNING: please use MorganGenerator
[18:15:20] DEPRECATION WARNING: please use MorganGenerator
[18:15:20] DEPRECATION WARNING: please use MorganGenerator
[18:15:20] DEPRECATION WARNING: please use MorganGenerator
[18:15:20] DEPRECATION WARNING: please use MorganGenerator
[18:15:20] DEPRECATION WARNING: please use MorganGenerator
[18:15:20] DEPRECATION WARNING: please use MorganGenerator
[18:15:20] DEPRECATION WARNING: please use MorganGenerator
[18:15:20] DEPRECATION WARNING: please use MorganGenerator
[18:15:20] DEPRECATION WARNING: please use MorganGenerator
[18:15:20] DEPRECATION WARNING: please use MorganGenerator
[18:15:20] DEPRECATION WARNING: please use MorganGenerator
[18:15:20] DEPRECATION WARNING: please use MorganGenerator
[18:15:20] DEPRECATION WARNING: please use MorganGenerator
[18:15:20] DEPRECATION WARNING: please use MorganGenerator
[18:15:20] DEPRECATION WARNING: please use MorganGenerator
[18:15:20] DEPRECATION WARNING: please use MorganGenerator
[18:15:20] DEPRECATION WARNING: please use MorganGenerator
[18:15:20] DEPRECATION WARNING: please use MorganGenerator
[18:15:20] DEPRECATION WARNING: please use MorganGenerator
[18:15:20] DEPRECATION WARNING: please use MorganGenerator
[18:15:20] DEPRECATION WARNING: please use MorganGenerator
[18:15:20] DEPRECATION WARNING: please use MorganGenerator
[18:15:20] DEPRECATION WARNING: please use MorganGenerator
[18:15:20] DEPRECATION WARNING: please use MorganGenerator
[18:15:20] DEPRECATION WARNING: please use MorganGenerator
[18:15:20] DEPRECATION WARNING: please use MorganGenerator
[18:15:20] DEPRECATION WARNING: please use MorganGenerator
[18:15:20] DEPRECATION WARNING: please use MorganGenerator
[18:15:20] DEPRECATION WARNING: please use MorganGenerator
[18:15:20] DEPRECATION WARNING: please use MorganGenerator
[18:15:20] DEPRECATION WARNING: please use MorganGenerator
[18:15:20] DEPRECATION WARNING: please use MorganGenerator
[18:15:20] DEPRECATION WARNING: please use MorganGenerator
[18:15:20] DEPRECATION WARNING: please use MorganGenerator
[18:15:20] DEPRECATION WARNING: please use MorganGenerator
[18:15:20] DEPRECATION WARNING: please use MorganGenerator
[18:15:20] DEPRECATION WARNING: please use MorganGenerator
[18:15:20] DEPRECATION WARNING: please use MorganGenerator
[18:15:20] DEPRECATION WARNING: please use MorganGenerator
[18:15:20] DEPRECATION WARNING: please use MorganGenerator
[18:15:20] DEPRECATION WARNING: please use MorganGenerator
[18:15:20] DEPRECATION WARNING: please use MorganGenerator
[18:15:20] DEPRECATION WARNING: please use MorganGenerator
[18:15:20] DEPRECATION WARNING: please use MorganGenerator
[18:15:20] DEPRECATION WARNING: please use MorganGenerator
[18:15:20] DEPRECATION WARNING: please use MorganGenerator
[18:15:20] DEPRECATION WARNING: please use MorganGenerator
[18:15:20] DEPRECATION WARNING: please use MorganGenerator
[18:15:20] DEPRECATION WARNING: please use MorganGenerator
[18:15:20] DEPRECATION WARNING: please use MorganGenerator
[18:15:20] DEPRECATION WARNING: please use MorganGenerator
[18:15:20] DEPRECATION WARNING: please use MorganGenerator
[18:15:20] DEPRECATION WARNING: please use MorganGenerator
[18:15:20] DEPRECATION WARNING: please use MorganGenerator
[18:15:20] DEPRECATION WARNING: please use MorganGenerator
[18:15:20] DEPRECATION WARNING: please use MorganGenerator
[18:15:20] DEPRECATION WARNING: please use MorganGenerator
[18:15:20] DEPRECATION WARNING: please use MorganGenerator
[18:15:20] DEPRECATION WARNING: please use MorganGenerator
[18:15:20] DEPRECATION WARNING: please use MorganGenerator
[18:15:20] DEPRECATION WARNING: please use MorganGenerator
[18:15:20] DEPRECATION WARNING: please use MorganGenerator
[18:15:20] DEPRECATION WARNING: please use MorganGenerator
[18:15:20] DEPRECATION WARNING: please use MorganGenerator
[18:15:20] DEPRECATION WARNING: please use MorganGenerator
[18:15:20] DEPRECATION WARNING: please use MorganGenerator
[18:15:20] DEPRECATION WARNING: please use MorganGenerator
[18:15:20] DEPRECATION WARNING: please use MorganGenerator
[18:15:20] DEPRECATION WARNING: please use MorganGenerator
[18:15:20] DEPRECATION WARNING: please use MorganGenerator
[18:15:20] DEPRECATION WARNING: please use MorganGenerator
[18:15:20] DEPRECATION WARNING: please use MorganGenerator
[18:15:20] DEPRECATION WARNING: please use MorganGenerator
[18:15:20] DEPRECATION WARNING: please use MorganGenerator
[18:15:20] DEPRECATION WARNING: please use MorganGenerator
[18:15:20] DEPRECATION WARNING: please use MorganGenerator
[18:15:20] DEPRECATION WARNING: please use MorganGenerator
[18:15:20] DEPRECATION WARNING: please use MorganGenerator
[18:15:20] DEPRECATION WARNING: please use MorganGenerator
[18:15:20] DEPRECATION WARNING: please use MorganGenerator
[18:15:20] DEPRECATION WARNING: please use MorganGenerator
[18:15:20] DEPRECATION WARNING: please use MorganGenerator
[18:15:20] DEPRECATION WARNING: please use MorganGenerator
[18:15:20] DEPRECATION WARNING: please use MorganGenerator
[18:15:20] DEPRECATION WARNING: please use MorganGenerator
[18:15:20] DEPRECATION WARNING: please use MorganGenerator
[18:15:20] DEPRECATION WARNING: please use MorganGenerator
[18:15:20] DEPRECATION WARNING: please use MorganGenerator
[18:15:20] DEPRECATION WARNING: please use MorganGenerator
[18:15:20] DEPRECATION WARNING: please use MorganGenerator
[18:15:20] DEPRECATION WARNING: please use MorganGenerator
[18:15:20] DEPRECATION WARNING: please use MorganGenerator
[18:15:20] DEPRECATION WARNING: please use MorganGenerator
[18:15:20] DEPRECATION WARNING: please use MorganGenerator
[18:15:20] DEPRECATION WARNING: please use MorganGenerator
[18:15:20] DEPRECATION WARNING: please use MorganGenerator
[18:15:20] DEPRECATION WARNING: please use MorganGenerator
[18:15:20] DEPRECATION WARNING: please use MorganGenerator
[18:15:20] DEPRECATION WARNING: please use MorganGenerator
[18:15:20] DEPRECATION WARNING: please use MorganGenerator
[18:15:20] DEPRECATION WARNING: please use MorganGenerator
[18:15:20] DEPRECATION WARNING: please use MorganGenerator
[18:15:20] DEPRECATION WARNING: please use MorganGenerator
[18:15:20] DEPRECATION WARNING: please use MorganGenerator
[18:15:20] DEPRECATION WARNING: please use MorganGenerator
[18:15:20] DEPRECATION WARNING: please use MorganGenerator
[18:15:20] DEPRECATION WARNING: please use MorganGenerator
[18:15:20] DEPRECATION WARNING: please use MorganGenerator
[18:15:20] DEPRECATION WARNING: please use MorganGenerator
[18:15:20] DEPRECATION WARNING: please use MorganGenerator
[18:15:20] DEPRECATION WARNING: please use MorganGenerator
[18:15:20] DEPRECATION WARNING: please use MorganGenerator
[18:15:20] DEPRECATION WARNING: please use MorganGenerator
[18:15:20] DEPRECATION WARNING: please use MorganGenerator
[18:15:20] DEPRECATION WARNING: please use MorganGenerator
[18:15:20] DEPRECATION WARNING: please use MorganGenerator
[18:15:20] DEPRECATION WARNING: please use MorganGenerator
[18:15:20] DEPRECATION WARNING: please use MorganGenerator
[18:15:20] DEPRECATION WARNING: please use MorganGenerator
[18:15:20] DEPRECATION WARNING: please use MorganGenerator
[18:15:20] DEPRECATION WARNING: please use MorganGenerator
[18:15:20] DEPRECATION WARNING: please use MorganGenerator
[18:15:20] DEPRECATION WARNING: please use MorganGenerator
[18:15:20] DEPRECATION WARNING: please use MorganGenerator
[18:15:20] DEPRECATION WARNING: please use MorganGenerator
[18:15:20] DEPRECATION WARNING: please use MorganGenerator
[18:15:20] DEPRECATION WARNING: please use MorganGenerator
[18:15:20] DEPRECATION WARNING: please use MorganGenerator
[18:15:20] DEPRECATION WARNING: please use MorganGenerator
[18:15:20] DEPRECATION WARNING: please use MorganGenerator
[18:15:20] DEPRECATION WARNING: please use MorganGenerator
[18:15:20] DEPRECATION WARNING: please use MorganGenerator
[18:15:20] DEPRECATION WARNING: please use MorganGenerator
[18:15:20] DEPRECATION WARNING: please use MorganGenerator
[18:15:20] DEPRECATION WARNING: please use MorganGenerator
[18:15:20] DEPRECATION WARNING: please use MorganGenerator
[18:15:20] DEPRECATION WARNING: please use MorganGenerator
[18:15:20] DEPRECATION WARNING: please use MorganGenerator
[18:15:20] DEPRECATION WARNING: please use MorganGenerator
[18:15:20] DEPRECATION WARNING: please use MorganGenerator
[18:15:20] DEPRECATION WARNING: please use MorganGenerator
[18:15:20] DEPRECATION WARNING: please use MorganGenerator
[18:15:20] DEPRECATION WARNING: please use MorganGenerator
[18:15:20] DEPRECATION WARNING: please use MorganGenerator
[18:15:20] DEPRECATION WARNING: please use MorganGenerator
[18:15:20] DEPRECATION WARNING: please use MorganGenerator
[18:15:20] DEPRECATION WARNING: please use MorganGenerator
[18:15:20] DEPRECATION WARNING: please use MorganGenerator
[18:15:20] DEPRECATION WARNING: please use MorganGenerator
[18:15:20] DEPRECATION WARNING: please use MorganGenerator
[18:15:20] DEPRECATION WARNING: please use MorganGenerator
[18:15:20] DEPRECATION WARNING: please use MorganGenerator
[18:15:20] DEPRECATION WARNING: please use MorganGenerator
[18:15:20] DEPRECATION WARNING: please use MorganGenerator
[18:15:20] DEPRECATION WARNING: please use MorganGenerator
[18:15:20] DEPRECATION WARNING: please use MorganGenerator
[18:15:20] DEPRECATION WARNING: please use MorganGenerator
[18:15:20] DEPRECATION WARNING: please use MorganGenerator
[18:15:20] DEPRECATION WARNING: please use MorganGenerator
[18:15:20] DEPRECATION WARNING: please use MorganGenerator
[18:15:20] DEPRECATION WARNING: please use MorganGenerator
[18:15:20] DEPRECATION WARNING: please use MorganGenerator
[18:15:20] DEPRECATION WARNING: please use MorganGenerator
[18:15:20] DEPRECATION WARNING: please use MorganGenerator
[18:15:20] DEPRECATION WARNING: please use MorganGenerator
[18:15:20] DEPRECATION WARNING: please use MorganGenerator
[18:15:20] DEPRECATION WARNING: please use MorganGenerator
[18:15:20] DEPRECATION WARNING: please use MorganGenerator
[18:15:20] DEPRECATION WARNING: please use MorganGenerator
[18:15:20] DEPRECATION WARNING: please use MorganGenerator
[18:15:20] DEPRECATION WARNING: please use MorganGenerator
[18:15:20] DEPRECATION WARNING: please use MorganGenerator
[18:15:20] DEPRECATION WARNING: please use MorganGenerator
[18:15:20] DEPRECATION WARNING: please use MorganGenerator
[18:15:20] DEPRECATION WARNING: please use MorganGenerator
[18:15:20] DEPRECATION WARNING: please use MorganGenerator
[18:15:20] DEPRECATION WARNING: please use MorganGenerator
[18:15:20] DEPRECATION WARNING: please use MorganGenerator
[18:15:20] DEPRECATION WARNING: please use MorganGenerator
[18:15:20] DEPRECATION WARNING: please use MorganGenerator
[18:15:20] DEPRECATION WARNING: please use MorganGenerator
[18:15:20] DEPRECATION WARNING: please use MorganGenerator
[18:15:20] DEPRECATION WARNING: please use MorganGenerator
[18:15:20] DEPRECATION WARNING: please use MorganGenerator
[18:15:20] DEPRECATION WARNING: please use MorganGenerator
[18:15:20] DEPRECATION WARNING: please use MorganGenerator
[18:15:20] DEPRECATION WARNING: please use MorganGenerator
[18:15:20] DEPRECATION WARNING: please use MorganGenerator
[18:15:20] DEPRECATION WARNING: please use MorganGenerator
[18:15:20] DEPRECATION WARNING: please use MorganGenerator
[18:15:20] DEPRECATION WARNING: please use MorganGenerator
[18:15:20] DEPRECATION WARNING: please use MorganGenerator
[18:15:20] DEPRECATION WARNING: please use MorganGenerator
[18:15:20] DEPRECATION WARNING: please use MorganGenerator
[18:15:20] DEPRECATION WARNING: please use MorganGenerator
[18:15:20] DEPRECATION WARNING: please use MorganGenerator
[18:15:20] DEPRECATION WARNING: please use MorganGenerator
[18:15:20] DEPRECATION WARNING: please use MorganGenerator
[18:15:20] DEPRECATION WARNING: please use MorganGenerator
[18:15:20] DEPRECATION WARNING: please use MorganGenerator
[18:15:20] DEPRECATION WARNING: please use MorganGenerator
[18:15:20] DEPRECATION WARNING: please use MorganGenerator
[18:15:20] DEPRECATION WARNING: please use MorganGenerator
[18:15:20] DEPRECATION WARNING: please use MorganGenerator
[18:15:20] DEPRECATION WARNING: please use MorganGenerator
[18:15:20] DEPRECATION WARNING: please use MorganGenerator
[18:15:20] DEPRECATION WARNING: please use MorganGenerator
[18:15:20] DEPRECATION WARNING: please use MorganGenerator
[18:15:20] DEPRECATION WARNING: please use MorganGenerator
[18:15:20] DEPRECATION WARNING: please use MorganGenerator
[18:15:20] DEPRECATION WARNING: please use MorganGenerator
[18:15:20] DEPRECATION WARNING: please use MorganGenerator
[18:15:20] DEPRECATION WARNING: please use MorganGenerator
[18:15:20] DEPRECATION WARNING: please use MorganGenerator
[18:15:20] DEPRECATION WARNING: please use MorganGenerator
[18:15:20] DEPRECATION WARNING: please use MorganGenerator
[18:15:20] DEPRECATION WARNING: please use MorganGenerator
[18:15:20] DEPRECATION WARNING: please use MorganGenerator
[18:15:20] DEPRECATION WARNING: please use MorganGenerator
[18:15:20] DEPRECATION WARNING: please use MorganGenerator
[18:15:20] DEPRECATION WARNING: please use MorganGenerator
[18:15:20] DEPRECATION WARNING: please use MorganGenerator
/opt/venv/lib/python3.12/site-packages/sklearn/utils/validation.py:2691: UserWarning: X does not have valid feature names, but LGBMRegressor was fitted with feature names
  warnings.warn(
2026-06-07 18:15:23,697 INFO experiment.runner | [MBPB__baseline__25__s2] done in 8.0s, RAE=0.1765
2026-06-07 18:15:25,064 INFO experiment.runner | [MBPB__both__50__s3] starting on host=nid007893 pid=90726
2026-06-07 18:15:27,982 INFO data.expansionrx | ExpansionRx loaded: train=5326, test=2282
2026-06-07 18:15:30,902 INFO data.harmonize | source=biogen/adme-fang-v1
match_quality=species-transfer
calibration: n_overlap=0, slope=None, intercept=None, r2=None, aligned=False
merge_strategy=aux_head
map_notes=human hPPB proxy for mouse MBPB; no mouse PPB in source, may be biased
2026-06-07 18:15:30,911 INFO agents.ml_agent | pretrain: MBPB/both on 5520 aux rows over tasks=['MBPB__t', 'LogD__t', 'KSOL__t', 'HLM CLint__t', 'MLM CLint__t', 'Caco-2 Permeability Papp A>B__t', 'Caco-2 Permeability Efflux__t', 'MPPB__t', 'MGMB__t', 'MBPB [biogen/adme-fang-v1]__t'] (aux=['LogD__t', 'KSOL__t', 'HLM CLint__t', 'MLM CLint__t', 'Caco-2 Permeability Papp A>B__t', 'Caco-2 Permeability Efflux__t', 'MPPB__t', 'MGMB__t', 'MBPB [biogen/adme-fang-v1]__t']) -> /pfs/lustrep1/scratch/project_462001520/Team3/Team3/further-improvements/results-fewshot/fe/pretrain_ckpts/MBPB__both__50__s3.ckpt
INFO: [rank: 0] Seed set to 3
2026-06-07 18:15:42,121 INFO lightning.fabric.utilities.seed | [rank: 0] Seed set to 3
INFO: GPU available: True (cuda), used: True
2026-06-07 18:15:42,239 INFO lightning.pytorch.utilities.rank_zero | GPU available: True (cuda), used: True
INFO: TPU available: False, using: 0 TPU cores
2026-06-07 18:15:42,239 INFO lightning.pytorch.utilities.rank_zero | TPU available: False, using: 0 TPU cores
INFO: 💡 Tip: For seamless cloud logging and experiment tracking, try installing [litlogger](https://pypi.org/project/litlogger/) to enable LitLogger, which logs metrics and artifacts automatically to the Lightning Experiments platform.
2026-06-07 18:15:42,239 INFO lightning.pytorch.utilities.rank_zero | 💡 Tip: For seamless cloud logging and experiment tracking, try installing [litlogger](https://pypi.org/project/litlogger/) to enable LitLogger, which logs metrics and artifacts automatically to the Lightning Experiments platform.
INFO: You are using a CUDA device ('AMD Instinct MI250X') that has Tensor Cores. To properly utilize them, you should set `torch.set_float32_matmul_precision('medium' | 'high')` which will trade-off precision for performance. For more details, read https://pytorch.org/docs/stable/generated/torch.set_float32_matmul_precision.html#torch.set_float32_matmul_precision
2026-06-07 18:15:42,351 INFO lightning.pytorch.utilities.rank_zero | You are using a CUDA device ('AMD Instinct MI250X') that has Tensor Cores. To properly utilize them, you should set `torch.set_float32_matmul_precision('medium' | 'high')` which will trade-off precision for performance. For more details, read https://pytorch.org/docs/stable/generated/torch.set_float32_matmul_precision.html#torch.set_float32_matmul_precision
INFO: LOCAL_RANK: 0 - CUDA_VISIBLE_DEVICES: [0]
2026-06-07 18:15:42,351 INFO lightning.pytorch.accelerators.cuda | LOCAL_RANK: 0 - CUDA_VISIBLE_DEVICES: [0]
INFO: Loading `train_dataloader` to estimate number of stepping batches.
2026-06-07 18:15:42,856 INFO lightning.pytorch.utilities.rank_zero | Loading `train_dataloader` to estimate number of stepping batches.
/opt/venv/lib/python3.12/site-packages/lightning/pytorch/utilities/_pytree.py:21: `isinstance(treespec, LeafSpec)` is deprecated, use `isinstance(treespec, TreeSpec) and treespec.is_leaf()` instead.
/opt/venv/lib/python3.12/site-packages/lightning/pytorch/trainer/connectors/data_connector.py:434: The 'train_dataloader' does not have many workers which may be a bottleneck. Consider increasing the value of the `num_workers` argument` to `num_workers=6` in the `DataLoader` to improve performance.
/opt/venv/lib/python3.12/site-packages/lightning/pytorch/trainer/connectors/data_connector.py:434: The 'val_dataloader' does not have many workers which may be a bottleneck. Consider increasing the value of the `num_workers` argument` to `num_workers=6` in the `DataLoader` to improve performance.
INFO: `Trainer.fit` stopped: `max_epochs=50` reached.
2026-06-07 18:18:49,604 INFO lightning.pytorch.utilities.rank_zero | `Trainer.fit` stopped: `max_epochs=50` reached.
INFO: `weights_only` was not set, defaulting to `False`.
2026-06-07 18:18:49,625 INFO lightning.pytorch.trainer.connectors.checkpoint_connector | `weights_only` was not set, defaulting to `False`.
INFO: LOCAL_RANK: 0 - CUDA_VISIBLE_DEVICES: [0]
2026-06-07 18:18:49,648 INFO lightning.pytorch.accelerators.cuda | LOCAL_RANK: 0 - CUDA_VISIBLE_DEVICES: [0]
/opt/venv/lib/python3.12/site-packages/lightning/pytorch/trainer/connectors/data_connector.py:434: The 'predict_dataloader' does not have many workers which may be a bottleneck. Consider increasing the value of the `num_workers` argument` to `num_workers=6` in the `DataLoader` to improve performance.
2026-06-07 18:18:56,438 INFO experiment.runner | [MBPB__both__50__s3] done in 211.4s, RAE=0.1366
2026-06-07 18:18:58,870 INFO experiment.runner | [MPPB__external__100__s4] starting on host=nid007893 pid=101905
2026-06-07 18:19:01,810 INFO data.expansionrx | ExpansionRx loaded: train=5326, test=2282
2026-06-07 18:19:04,684 INFO data.harmonize | source=biogen/adme-fang-v1
match_quality=species-transfer
calibration: n_overlap=0, slope=None, intercept=None, r2=None, aligned=False
merge_strategy=aux_head
map_notes=human hPPB -> mouse MPPB
2026-06-07 18:19:04,693 INFO agents.ml_agent | pretrain: MPPB/external on 194 aux rows over tasks=['MPPB__t', 'MPPB [biogen/adme-fang-v1]__t'] (aux=['MPPB [biogen/adme-fang-v1]__t']) -> /pfs/lustrep1/scratch/project_462001520/Team3/Team3/further-improvements/results-fewshot/fe/pretrain_ckpts/MPPB__external__100__s4.ckpt
/opt/venv/lib/python3.12/site-packages/sklearn/utils/extmath.py:1207: RuntimeWarning: invalid value encountered in divide
  updated_mean = (last_sum + new_sum) / updated_sample_count
/opt/venv/lib/python3.12/site-packages/sklearn/utils/extmath.py:1212: RuntimeWarning: invalid value encountered in divide
  T = new_sum / new_sample_count
/opt/venv/lib/python3.12/site-packages/sklearn/utils/extmath.py:1236: RuntimeWarning: invalid value encountered in divide
  new_unnormalized_variance -= correction**2 / new_sample_count
INFO: [rank: 0] Seed set to 4
2026-06-07 18:19:10,164 INFO lightning.fabric.utilities.seed | [rank: 0] Seed set to 4
INFO: GPU available: True (cuda), used: True
2026-06-07 18:19:10,275 INFO lightning.pytorch.utilities.rank_zero | GPU available: True (cuda), used: True
INFO: TPU available: False, using: 0 TPU cores
2026-06-07 18:19:10,275 INFO lightning.pytorch.utilities.rank_zero | TPU available: False, using: 0 TPU cores
INFO: 💡 Tip: For seamless cloud logging and experiment tracking, try installing [litlogger](https://pypi.org/project/litlogger/) to enable LitLogger, which logs metrics and artifacts automatically to the Lightning Experiments platform.
2026-06-07 18:19:10,275 INFO lightning.pytorch.utilities.rank_zero | 💡 Tip: For seamless cloud logging and experiment tracking, try installing [litlogger](https://pypi.org/project/litlogger/) to enable LitLogger, which logs metrics and artifacts automatically to the Lightning Experiments platform.
INFO: You are using a CUDA device ('AMD Instinct MI250X') that has Tensor Cores. To properly utilize them, you should set `torch.set_float32_matmul_precision('medium' | 'high')` which will trade-off precision for performance. For more details, read https://pytorch.org/docs/stable/generated/torch.set_float32_matmul_precision.html#torch.set_float32_matmul_precision
2026-06-07 18:19:10,371 INFO lightning.pytorch.utilities.rank_zero | You are using a CUDA device ('AMD Instinct MI250X') that has Tensor Cores. To properly utilize them, you should set `torch.set_float32_matmul_precision('medium' | 'high')` which will trade-off precision for performance. For more details, read https://pytorch.org/docs/stable/generated/torch.set_float32_matmul_precision.html#torch.set_float32_matmul_precision
INFO: LOCAL_RANK: 0 - CUDA_VISIBLE_DEVICES: [0]
2026-06-07 18:19:10,371 INFO lightning.pytorch.accelerators.cuda | LOCAL_RANK: 0 - CUDA_VISIBLE_DEVICES: [0]
INFO: Loading `train_dataloader` to estimate number of stepping batches.
2026-06-07 18:19:10,530 INFO lightning.pytorch.utilities.rank_zero | Loading `train_dataloader` to estimate number of stepping batches.
/opt/venv/lib/python3.12/site-packages/lightning/pytorch/utilities/_pytree.py:21: `isinstance(treespec, LeafSpec)` is deprecated, use `isinstance(treespec, TreeSpec) and treespec.is_leaf()` instead.
/opt/venv/lib/python3.12/site-packages/lightning/pytorch/trainer/connectors/data_connector.py:434: The 'train_dataloader' does not have many workers which may be a bottleneck. Consider increasing the value of the `num_workers` argument` to `num_workers=6` in the `DataLoader` to improve performance.
/opt/venv/lib/python3.12/site-packages/lightning/pytorch/trainer/connectors/data_connector.py:434: The 'val_dataloader' does not have many workers which may be a bottleneck. Consider increasing the value of the `num_workers` argument` to `num_workers=6` in the `DataLoader` to improve performance.
INFO: `Trainer.fit` stopped: `max_epochs=50` reached.
2026-06-07 18:19:19,807 INFO lightning.pytorch.utilities.rank_zero | `Trainer.fit` stopped: `max_epochs=50` reached.
INFO: `weights_only` was not set, defaulting to `False`.
2026-06-07 18:19:19,829 INFO lightning.pytorch.trainer.connectors.checkpoint_connector | `weights_only` was not set, defaulting to `False`.
INFO: LOCAL_RANK: 0 - CUDA_VISIBLE_DEVICES: [0]
2026-06-07 18:19:19,853 INFO lightning.pytorch.accelerators.cuda | LOCAL_RANK: 0 - CUDA_VISIBLE_DEVICES: [0]
/opt/venv/lib/python3.12/site-packages/lightning/pytorch/trainer/connectors/data_connector.py:434: The 'predict_dataloader' does not have many workers which may be a bottleneck. Consider increasing the value of the `num_workers` argument` to `num_workers=6` in the `DataLoader` to improve performance.
2026-06-07 18:19:26,797 INFO experiment.runner | [MPPB__external__100__s4] done in 27.9s, RAE=0.1421
2026-06-07 18:19:29,175 INFO experiment.runner | [KSOL__external__50__s0] starting on host=nid007893 pid=102249
2026-06-07 18:19:32,213 INFO data.expansionrx | ExpansionRx loaded: train=5326, test=2282
[18:19:34] Can't kekulize mol.  Unkekulized atoms: 10 22
[18:19:34] Can't kekulize mol.  Unkekulized atoms: 8 19
[18:19:35] Can't kekulize mol.  Unkekulized atoms: 9 19
2026-06-07 18:19:38,897 INFO data.harmonize | source=biogen/adme-fang-v1
match_quality=protocol-caveat
calibration: n_overlap=0, slope=None, intercept=None, r2=None, aligned=False
merge_strategy=aux_head
map_notes=needs ug/mL -> uM via MW; protocol differs
2026-06-07 18:19:38,907 INFO agents.ml_agent | pretrain: KSOL/external on 2172 aux rows over tasks=['KSOL__t', 'KSOL [biogen/adme-fang-v1]__t'] (aux=['KSOL [biogen/adme-fang-v1]__t']) -> /pfs/lustrep1/scratch/project_462001520/Team3/Team3/further-improvements/results-fewshot/fe/pretrain_ckpts/KSOL__external__50__s0.ckpt
/opt/venv/lib/python3.12/site-packages/sklearn/utils/extmath.py:1207: RuntimeWarning: invalid value encountered in divide
  updated_mean = (last_sum + new_sum) / updated_sample_count
/opt/venv/lib/python3.12/site-packages/sklearn/utils/extmath.py:1212: RuntimeWarning: invalid value encountered in divide
  T = new_sum / new_sample_count
/opt/venv/lib/python3.12/site-packages/sklearn/utils/extmath.py:1236: RuntimeWarning: invalid value encountered in divide
  new_unnormalized_variance -= correction**2 / new_sample_count
INFO: [rank: 0] Seed set to 0
2026-06-07 18:19:44,627 INFO lightning.fabric.utilities.seed | [rank: 0] Seed set to 0
INFO: GPU available: True (cuda), used: True
2026-06-07 18:19:44,737 INFO lightning.pytorch.utilities.rank_zero | GPU available: True (cuda), used: True
INFO: TPU available: False, using: 0 TPU cores
2026-06-07 18:19:44,737 INFO lightning.pytorch.utilities.rank_zero | TPU available: False, using: 0 TPU cores
INFO: 💡 Tip: For seamless cloud logging and experiment tracking, try installing [litlogger](https://pypi.org/project/litlogger/) to enable LitLogger, which logs metrics and artifacts automatically to the Lightning Experiments platform.
2026-06-07 18:19:44,737 INFO lightning.pytorch.utilities.rank_zero | 💡 Tip: For seamless cloud logging and experiment tracking, try installing [litlogger](https://pypi.org/project/litlogger/) to enable LitLogger, which logs metrics and artifacts automatically to the Lightning Experiments platform.
INFO: You are using a CUDA device ('AMD Instinct MI250X') that has Tensor Cores. To properly utilize them, you should set `torch.set_float32_matmul_precision('medium' | 'high')` which will trade-off precision for performance. For more details, read https://pytorch.org/docs/stable/generated/torch.set_float32_matmul_precision.html#torch.set_float32_matmul_precision
2026-06-07 18:19:44,833 INFO lightning.pytorch.utilities.rank_zero | You are using a CUDA device ('AMD Instinct MI250X') that has Tensor Cores. To properly utilize them, you should set `torch.set_float32_matmul_precision('medium' | 'high')` which will trade-off precision for performance. For more details, read https://pytorch.org/docs/stable/generated/torch.set_float32_matmul_precision.html#torch.set_float32_matmul_precision
INFO: LOCAL_RANK: 0 - CUDA_VISIBLE_DEVICES: [0]
2026-06-07 18:19:44,833 INFO lightning.pytorch.accelerators.cuda | LOCAL_RANK: 0 - CUDA_VISIBLE_DEVICES: [0]
INFO: Loading `train_dataloader` to estimate number of stepping batches.
2026-06-07 18:19:44,993 INFO lightning.pytorch.utilities.rank_zero | Loading `train_dataloader` to estimate number of stepping batches.
/opt/venv/lib/python3.12/site-packages/lightning/pytorch/utilities/_pytree.py:21: `isinstance(treespec, LeafSpec)` is deprecated, use `isinstance(treespec, TreeSpec) and treespec.is_leaf()` instead.
/opt/venv/lib/python3.12/site-packages/lightning/pytorch/trainer/connectors/data_connector.py:434: The 'train_dataloader' does not have many workers which may be a bottleneck. Consider increasing the value of the `num_workers` argument` to `num_workers=6` in the `DataLoader` to improve performance.
/opt/venv/lib/python3.12/site-packages/lightning/pytorch/trainer/connectors/data_connector.py:434: The 'val_dataloader' does not have many workers which may be a bottleneck. Consider increasing the value of the `num_workers` argument` to `num_workers=6` in the `DataLoader` to improve performance.
INFO: `Trainer.fit` stopped: `max_epochs=50` reached.
2026-06-07 18:20:51,462 INFO lightning.pytorch.utilities.rank_zero | `Trainer.fit` stopped: `max_epochs=50` reached.
INFO: `weights_only` was not set, defaulting to `False`.
2026-06-07 18:20:51,483 INFO lightning.pytorch.trainer.connectors.checkpoint_connector | `weights_only` was not set, defaulting to `False`.
INFO: LOCAL_RANK: 0 - CUDA_VISIBLE_DEVICES: [0]
2026-06-07 18:20:51,505 INFO lightning.pytorch.accelerators.cuda | LOCAL_RANK: 0 - CUDA_VISIBLE_DEVICES: [0]
/opt/venv/lib/python3.12/site-packages/lightning/pytorch/trainer/connectors/data_connector.py:434: The 'predict_dataloader' does not have many workers which may be a bottleneck. Consider increasing the value of the `num_workers` argument` to `num_workers=6` in the `DataLoader` to improve performance.
2026-06-07 18:20:58,270 INFO experiment.runner | [KSOL__external__50__s0] done in 89.1s, RAE=0.8764
